Season,DayNum,T2_TeamID,T2_Score,T1_TeamID,T1_Score,NumOT,T2_FGM,T2_FGA,T2_FGM3,T2_FGA3,T2_FTM,T2_FTA,T2_OR,T2_DR,T2_Ast,T2_TO,T2_Stl,T2_Blk,T2_PF,T1_FGM,T1_FGA,T1_FGM3,T1_FGA3,T1_FTM,T1_FTA,T1_OR,T1_DR,T1_Ast,T1_TO,T1_Stl,T1_Blk,T1_PF,PointDiff,Label,T1_seed,T2_seed,Seed_diff
2003,134,1411,84,1421,92,1,25.77777777777778,59.55555555555556,10.666666666666666,27.55555555555556,12.444444444444445,27.55555555555556,15.11111111111111,24.88888888888889,14.22222222222222,13.333333333333334,4.444444444444445,0.0,19.55555555555556,28.444444444444443,61.333333333333336,9.77777777777778,25.77777777777778,15.11111111111111,23.11111111111111,12.444444444444445,26.666666666666668,15.11111111111111,10.666666666666666,4.444444444444445,2.6666666666666665,19.55555555555556,8,1,16,16,0
2003,136,1436,51,1112,80,0,20.0,64.0,4.0,16.0,7.0,7.0,8.0,26.0,12.0,17.0,10.0,3.0,15.0,31.0,66.0,7.0,23.0,11.0,14.0,11.0,36.0,22.0,16.0,10.0,7.0,8.0,29,1,1,16,15
2003,136,1272,71,1113,84,0,25.0,69.0,7.0,28.0,14.0,21.0,20.0,22.0,11.0,12.0,2.0,5.0,18.0,31.0,59.0,6.0,14.0,16.0,22.0,10.0,27.0,18.0,9.0,7.0,4.0,19.0,13,1,10,7,-3
2003,136,1166,73,1141,79,0,27.0,60.0,7.0,17.0,12.0,17.0,14.0,17.0,20.0,21.0,6.0,6.0,21.0,29.0,53.0,3.0,7.0,18.0,25.0,11.0,20.0,15.0,18.0,13.0,1.0,19.0,6,1,11,6,-5
2003,136,1301,74,1143,76,1,22.22222222222222,49.77777777777778,8.0,18.666666666666668,13.333333333333334,17.77777777777778,8.88888888888889,23.11111111111111,14.22222222222222,12.444444444444445,4.444444444444445,7.111111111111111,16.88888888888889,24.0,56.888888888888886,6.222222222222222,17.77777777777778,13.333333333333334,20.444444444444443,16.0,17.77777777777778,15.11111111111111,11.555555555555555,7.111111111111111,1.7777777777777777,12.444444444444445,2,1,8,9,1
2003,136,1140,53,1163,58,0,20.0,64.0,2.0,17.0,11.0,13.0,15.0,26.0,11.0,11.0,8.0,4.0,22.0,17.0,52.0,4.0,14.0,20.0,27.0,12.0,29.0,8.0,14.0,3.0,8.0,16.0,5,1,5,12,7
2003,136,1161,57,1181,67,0,18.0,54.0,3.0,11.0,18.0,22.0,11.0,24.0,8.0,19.0,5.0,4.0,19.0,19.0,54.0,4.0,13.0,25.0,31.0,13.0,27.0,4.0,16.0,10.0,8.0,23.0,10,1,3,14,11
2003,136,1153,69,1211,74,0,26.0,66.0,10.0,27.0,7.0,10.0,13.0,22.0,13.0,10.0,7.0,6.0,24.0,20.0,47.0,6.0,14.0,28.0,37.0,8.0,28.0,12.0,12.0,2.0,2.0,15.0,5,1,9,8,-1
2003,136,1443,60,1228,65,0,22.0,58.0,8.0,24.0,8.0,13.0,17.0,18.0,10.0,14.0,6.0,5.0,16.0,24.0,56.0,5.0,14.0,12.0,14.0,15.0,23.0,15.0,14.0,11.0,4.0,14.0,5,1,4,13,9
2003,136,1429,61,1242,64,0,23.0,56.0,6.0,17.0,9.0,10.0,13.0,19.0,13.0,13.0,6.0,1.0,15.0,28.0,51.0,2.0,6.0,6.0,11.0,7.0,20.0,13.0,11.0,8.0,4.0,17.0,3,1,2,15,13
2003,136,1221,68,1266,72,0,24.0,54.0,5.0,15.0,15.0,25.0,14.0,20.0,14.0,9.0,4.0,1.0,20.0,22.0,51.0,9.0,16.0,19.0,23.0,11.0,20.0,14.0,10.0,4.0,3.0,23.0,4,1,3,14,11
2003,136,1356,71,1281,72,0,26.0,65.0,8.0,19.0,11.0,21.0,11.0,18.0,19.0,13.0,6.0,0.0,19.0,28.0,52.0,5.0,13.0,11.0,18.0,9.0,32.0,7.0,23.0,4.0,6.0,19.0,1,1,6,11,5
2003,136,1454,69,1323,70,0,23.0,66.0,8.0,23.0,15.0,20.0,14.0,23.0,15.0,12.0,11.0,3.0,25.0,23.0,54.0,3.0,13.0,21.0,25.0,11.0,33.0,7.0,20.0,6.0,6.0,19.0,1,1,5,12,7
2003,136,1354,54,1328,71,0,21.0,52.0,6.0,20.0,6.0,8.0,7.0,22.0,8.0,18.0,7.0,2.0,23.0,24.0,52.0,10.0,18.0,13.0,24.0,11.0,24.0,16.0,14.0,8.0,3.0,12.0,17,1,1,16,15
2003,136,1360,69,1390,77,0,20.0,61.0,4.0,18.0,25.0,32.0,17.0,25.0,7.0,11.0,3.0,0.0,18.0,29.0,64.0,8.0,24.0,11.0,15.0,12.0,29.0,16.0,14.0,4.0,8.0,24.0,8,1,4,13,9
2003,136,1173,71,1409,84,0,28.0,66.0,9.0,28.0,6.0,9.0,12.0,16.0,11.0,11.0,3.0,3.0,19.0,33.0,57.0,8.0,12.0,10.0,13.0,8.0,26.0,18.0,12.0,6.0,1.0,11.0,13,1,13,4,-9
2003,136,1451,74,1458,81,0,29.0,71.0,7.0,24.0,9.0,15.0,22.0,21.0,9.0,10.0,4.0,0.0,20.0,31.0,58.0,6.0,16.0,13.0,22.0,10.0,24.0,16.0,9.0,7.0,2.0,16.0,7,1,5,12,7
2003,137,1386,63,1120,65,1,19.55555555555556,52.44444444444444,5.333333333333333,21.33333333333333,11.555555555555555,14.22222222222222,13.333333333333334,18.666666666666668,9.77777777777778,10.666666666666666,7.111111111111111,3.555555555555556,16.88888888888889,22.22222222222222,50.66666666666666,6.222222222222222,16.0,7.111111111111111,11.555555555555555,12.444444444444445,21.33333333333333,9.77777777777778,13.333333333333334,3.555555555555556,4.444444444444445,14.22222222222222,2,1,10,7,-3
2003,137,1280,46,1139,47,0,16.0,44.0,6.0,21.0,8.0,14.0,8.0,22.0,10.0,10.0,6.0,4.0,13.0,18.0,47.0,5.0,18.0,6.0,8.0,7.0,19.0,5.0,8.0,3.0,0.0,15.0,1,1,12,5,-7
2003,137,1358,55,1196,85,0,19.0,57.0,6.0,18.0,11.0,18.0,12.0,25.0,10.0,16.0,1.0,4.0,16.0,32.0,61.0,13.0,28.0,8.0,14.0,9.0,31.0,24.0,10.0,6.0,3.0,15.0,30,1,2,15,13
2003,137,1104,62,1231,67,0,22.0,52.0,5.0,12.0,13.0,16.0,9.0,20.0,13.0,8.0,2.0,6.0,21.0,19.0,49.0,7.0,18.0,22.0,26.0,13.0,22.0,15.0,8.0,1.0,2.0,17.0,5,1,7,10,3
2003,137,1237,64,1246,95,0,22.0,60.0,4.0,15.0,16.0,22.0,15.0,18.0,10.0,19.0,7.0,1.0,15.0,40.0,65.0,10.0,20.0,5.0,11.0,10.0,25.0,22.0,13.0,7.0,4.0,17.0,31,1,1,16,15
2003,137,1122,64,1257,86,0,24.0,54.0,2.0,21.0,14.0,22.0,8.0,21.0,11.0,18.0,5.0,3.0,18.0,35.0,70.0,8.0,24.0,8.0,13.0,15.0,29.0,18.0,12.0,12.0,4.0,22.0,22,1,4,13,9
2003,137,1423,73,1268,75,0,20.0,55.0,13.0,29.0,20.0,26.0,10.0,19.0,16.0,8.0,7.0,1.0,19.0,27.0,54.0,10.0,19.0,11.0,15.0,8.0,27.0,17.0,13.0,3.0,3.0,20.0,2,1,6,11,5
2003,137,1160,64,1277,79,0,26.0,60.0,5.0,14.0,7.0,17.0,12.0,23.0,9.0,13.0,6.0,8.0,19.0,26.0,56.0,7.0,13.0,20.0,25.0,10.0,28.0,16.0,11.0,5.0,1.0,18.0,15,1,7,10,3
2003,137,1335,63,1329,77,0,20.0,41.0,8.0,18.0,15.0,16.0,2.0,13.0,17.0,18.0,5.0,0.0,20.0,27.0,50.0,7.0,20.0,16.0,28.0,10.0,15.0,15.0,11.0,12.0,0.0,17.0,14,1,6,11,5
2003,137,1447,61,1338,87,0,21.0,51.0,7.0,21.0,12.0,18.0,9.0,20.0,13.0,19.0,6.0,2.0,20.0,33.0,59.0,9.0,16.0,12.0,21.0,10.0,23.0,22.0,9.0,14.0,6.0,19.0,26,1,2,15,13
2003,137,1261,56,1345,80,0,20.0,60.0,6.0,26.0,10.0,17.0,17.0,18.0,7.0,16.0,7.0,3.0,13.0,27.0,52.0,9.0,16.0,17.0,19.0,8.0,25.0,7.0,19.0,9.0,1.0,18.0,24,1,9,8,-1
2003,137,1264,65,1393,76,0,22.0,61.0,6.0,21.0,15.0,18.0,14.0,14.0,16.0,11.0,9.0,2.0,14.0,30.0,52.0,4.0,11.0,12.0,15.0,11.0,28.0,16.0,18.0,5.0,9.0,17.0,11,1,3,14,11
2003,137,1421,61,1400,82,0,23.0,62.0,5.0,21.0,10.0,12.0,13.0,16.0,5.0,11.0,9.0,3.0,16.0,31.0,62.0,6.0,16.0,14.0,20.0,19.0,28.0,15.0,14.0,6.0,2.0,16.0,21,1,1,16,15
2003,137,1332,58,1428,60,0,19.0,55.0,3.0,17.0,17.0,24.0,13.0,29.0,8.0,17.0,6.0,2.0,22.0,18.0,61.0,9.0,23.0,15.0,18.0,13.0,23.0,8.0,15.0,7.0,4.0,22.0,2,1,9,8,-1
2003,137,1190,73,1448,76,0,24.0,60.0,5.0,10.0,20.0,28.0,13.0,25.0,7.0,15.0,12.0,4.0,20.0,29.0,69.0,6.0,23.0,12.0,20.0,19.0,29.0,13.0,19.0,8.0,9.0,19.0,3,1,2,15,13
2003,137,1407,59,1462,71,0,23.0,65.0,11.0,29.0,2.0,6.0,12.0,21.0,13.0,9.0,6.0,6.0,19.0,26.0,64.0,6.0,20.0,13.0,18.0,17.0,30.0,19.0,10.0,5.0,4.0,11.0,12,1,3,14,11
2003,138,1211,95,1112,96,2,27.2,61.6,8.8,24.0,12.8,16.8,12.8,21.6,16.0,8.8,4.0,4.0,20.0,27.2,59.2,5.6,19.2,16.8,23.2,14.4,23.2,14.4,7.2,5.6,3.2,16.0,1,1,1,9,8
2003,138,1390,74,1163,85,0,27.0,62.0,8.0,23.0,12.0,17.0,11.0,22.0,12.0,11.0,2.0,6.0,18.0,31.0,68.0,6.0,10.0,17.0,21.0,17.0,26.0,12.0,9.0,4.0,1.0,13.0,11,1,5,4,-1
2003,138,1141,60,1181,86,0,21.0,57.0,8.0,17.0,10.0,14.0,14.0,19.0,8.0,21.0,4.0,2.0,14.0,32.0,52.0,10.0,15.0,12.0,16.0,4.0,23.0,14.0,11.0,15.0,9.0,18.0,26,1,3,11,8
2003,138,1113,76,1242,108,0,28.0,69.0,4.0,15.0,16.0,23.0,17.0,14.0,11.0,11.0,7.0,5.0,21.0,40.0,59.0,5.0,9.0,23.0,34.0,12.0,28.0,21.0,13.0,6.0,6.0,20.0,32,1,2,10,8
2003,138,1281,92,1266,101,1,27.55555555555556,64.0,13.333333333333334,32.0,13.333333333333334,16.88888888888889,16.0,17.77777777777778,16.88888888888889,10.666666666666666,3.555555555555556,3.555555555555556,15.11111111111111,31.11111111111111,55.11111111111112,10.666666666666666,16.0,16.88888888888889,17.77777777777778,7.111111111111111,22.22222222222222,16.0,10.666666666666666,5.333333333333333,0.0,17.77777777777778,9,1,3,6,3
2003,138,1228,60,1323,68,0,22.0,63.0,5.0,17.0,11.0,16.0,10.0,31.0,12.0,9.0,6.0,3.0,10.0,25.0,61.0,13.0,24.0,5.0,5.0,5.0,32.0,12.0,11.0,5.0,4.0,13.0,8,1,5,4,-1
2003,138,1143,65,1328,74,0,27.0,52.0,5.0,16.0,6.0,12.0,6.0,18.0,6.0,9.0,5.0,4.0,23.0,26.0,51.0,7.0,13.0,15.0,24.0,13.0,23.0,16.0,12.0,2.0,2.0,15.0,9,1,1,8,7
2003,138,1409,60,1458,61,0,26.0,59.0,3.0,11.0,5.0,5.0,11.0,30.0,12.0,11.0,1.0,3.0,16.0,22.0,57.0,6.0,22.0,11.0,17.0,10.0,22.0,12.0,5.0,5.0,3.0,11.0,1,1,5,13,8
2003,139,1448,62,1120,68,0,18.0,49.0,8.0,23.0,18.0,21.0,12.0,23.0,5.0,18.0,7.0,7.0,23.0,24.0,56.0,4.0,19.0,16.0,20.0,12.0,21.0,11.0,14.0,9.0,6.0,18.0,6,1,10,2,-8
2003,139,1257,71,1139,79,0,28.0,54.0,11.0,25.0,4.0,4.0,8.0,19.0,13.0,14.0,8.0,2.0,21.0,27.0,52.0,14.0,22.0,11.0,19.0,10.0,18.0,21.0,12.0,6.0,2.0,11.0,8,1,12,4,-8
2003,139,1428,54,1246,74,0,19.0,48.0,4.0,14.0,12.0,16.0,8.0,14.0,8.0,16.0,7.0,2.0,19.0,26.0,55.0,4.0,13.0,18.0,18.0,13.0,22.0,11.0,13.0,4.0,3.0,16.0,20,1,1,9,8
2003,139,1462,64,1268,77,0,20.0,57.0,7.0,18.0,17.0,24.0,8.0,20.0,12.0,7.0,2.0,0.0,16.0,30.0,58.0,3.0,13.0,14.0,17.0,7.0,32.0,19.0,8.0,2.0,6.0,21.0,13,1,6,3,-3
2003,139,1196,46,1277,68,0,16.0,43.0,5.0,21.0,9.0,12.0,8.0,14.0,9.0,14.0,2.0,1.0,20.0,25.0,45.0,6.0,16.0,12.0,18.0,9.0,21.0,15.0,10.0,5.0,0.0,18.0,22,1,7,2,-5
2003,139,1231,52,1338,74,0,19.0,44.0,6.0,17.0,8.0,10.0,5.0,15.0,13.0,16.0,3.0,2.0,18.0,25.0,47.0,4.0,9.0,20.0,28.0,10.0,21.0,15.0,11.0,9.0,1.0,14.0,22,1,2,7,5
2003,139,1329,56,1393,68,0,22.0,63.0,3.0,19.0,9.0,19.0,11.0,27.0,16.0,22.0,8.0,4.0,19.0,26.0,57.0,5.0,12.0,11.0,18.0,5.0,33.0,16.0,17.0,11.0,9.0,19.0,12,1,3,6,3
2003,139,1345,67,1400,77,0,23.0,62.0,5.0,16.0,16.0,24.0,13.0,22.0,10.0,13.0,7.0,2.0,24.0,25.0,62.0,5.0,11.0,22.0,26.0,13.0,27.0,8.0,13.0,4.0,0.0,21.0,10,1,1,9,8
2003,143,1323,71,1112,88,0,25.0,59.0,10.0,23.0,11.0,18.0,9.0,27.0,15.0,19.0,6.0,4.0,16.0,36.0,76.0,7.0,14.0,9.0,11.0,14.0,30.0,19.0,10.0,12.0,5.0,17.0,17,1,1,5,4
2003,143,1181,65,1242,69,0,25.0,65.0,10.0,26.0,5.0,8.0,11.0,22.0,11.0,14.0,6.0,7.0,18.0,29.0,67.0,1.0,12.0,10.0,17.0,18.0,29.0,14.0,17.0,4.0,5.0,16.0,4,1,2,3,1
2003,143,1458,57,1246,63,0,19.0,45.0,8.0,21.0,11.0,16.0,7.0,19.0,9.0,15.0,7.0,1.0,20.0,24.0,49.0,1.0,5.0,14.0,24.0,12.0,21.0,9.0,14.0,10.0,4.0,17.0,6,1,1,5,4
2003,143,1338,74,1266,77,0,29.0,55.0,4.0,14.0,12.0,15.0,10.0,20.0,18.0,12.0,6.0,4.0,19.0,28.0,54.0,6.0,12.0,15.0,22.0,10.0,18.0,16.0,10.0,7.0,3.0,18.0,3,1,3,2,-1
2003,144,1268,58,1277,60,0,20.0,54.0,2.0,16.0,16.0,18.0,9.0,24.0,8.0,15.0,12.0,4.0,15.0,22.0,56.0,6.0,17.0,10.0,12.0,11.0,26.0,10.0,18.0,8.0,3.0,20.0,2,1,7,6,-1
2003,144,1139,54,1328,65,0,19.0,43.0,4.0,13.0,12.0,17.0,7.0,14.0,10.0,13.0,7.0,2.0,18.0,27.0,55.0,4.0,10.0,7.0,12.0,19.0,20.0,15.0,13.0,6.0,1.0,18.0,11,1,1,12,11
2003,144,1120,78,1393,79,0,27.0,63.0,10.0,22.0,14.0,17.0,14.0,26.0,15.0,17.0,5.0,5.0,19.0,29.0,66.0,5.0,14.0,16.0,21.0,15.0,21.0,14.0,10.0,9.0,7.0,17.0,1,1,3,10,7
2003,144,1163,78,1400,82,0,30.0,71.0,4.0,13.0,14.0,25.0,14.0,27.0,13.0,11.0,7.0,8.0,21.0,24.0,69.0,5.0,18.0,29.0,36.0,21.0,31.0,13.0,10.0,5.0,5.0,21.0,4,1,1,5,4
2003,145,1112,75,1242,78,0,23.0,55.0,10.0,22.0,19.0,23.0,11.0,26.0,16.0,19.0,8.0,2.0,17.0,29.0,67.0,8.0,26.0,12.0,18.0,15.0,22.0,16.0,15.0,13.0,5.0,20.0,3,1,2,1,-1
2003,145,1246,69,1266,83,0,25.0,64.0,4.0,16.0,15.0,24.0,20.0,16.0,14.0,11.0,10.0,2.0,19.0,31.0,55.0,10.0,19.0,11.0,15.0,10.0,26.0,21.0,15.0,6.0,6.0,22.0,14,1,3,1,-2
2003,146,1328,47,1393,63,0,18.0,58.0,5.0,28.0,6.0,11.0,14.0,14.0,10.0,19.0,13.0,4.0,16.0,25.0,48.0,2.0,12.0,11.0,19.0,12.0,28.0,16.0,24.0,13.0,2.0,13.0,16,1,3,1,-2
2003,146,1277,76,1400,85,0,25.0,54.0,8.0,16.0,18.0,26.0,12.0,26.0,11.0,12.0,1.0,2.0,28.0,25.0,51.0,6.0,14.0,29.0,38.0,8.0,20.0,16.0,4.0,6.0,4.0,22.0,9,1,1,7,6
2003,152,1266,61,1242,94,0,23.0,74.0,3.0,16.0,12.0,18.0,21.0,18.0,7.0,11.0,7.0,3.0,17.0,38.0,71.0,8.0,19.0,10.0,17.0,19.0,33.0,22.0,12.0,8.0,5.0,15.0,33,1,2,3,1
2003,152,1400,84,1393,95,0,27.0,63.0,10.0,21.0,20.0,32.0,17.0,17.0,20.0,14.0,6.0,2.0,26.0,32.0,56.0,7.0,13.0,24.0,31.0,9.0,28.0,14.0,13.0,9.0,2.0,21.0,11,1,3,1,-2
2003,154,1242,78,1393,81,0,31.0,71.0,4.0,20.0,12.0,30.0,26.0,26.0,18.0,18.0,9.0,4.0,16.0,30.0,63.0,11.0,18.0,10.0,17.0,11.0,25.0,13.0,17.0,10.0,7.0,22.0,3,1,3,2,-1
2004,134,1250,57,1197,72,0,18.0,61.0,7.0,30.0,14.0,19.0,21.0,21.0,12.0,17.0,7.0,3.0,20.0,25.0,63.0,6.0,20.0,16.0,23.0,19.0,25.0,11.0,12.0,8.0,2.0,15.0,15,1,16,16,0
2004,136,1356,64,1104,65,0,24.0,59.0,12.0,22.0,4.0,5.0,10.0,20.0,15.0,10.0,4.0,1.0,14.0,24.0,53.0,7.0,16.0,10.0,16.0,11.0,24.0,7.0,12.0,7.0,2.0,7.0,1,1,8,9,1
2004,136,1436,53,1163,70,0,19.0,60.0,11.0,32.0,4.0,6.0,11.0,18.0,10.0,12.0,7.0,1.0,19.0,26.0,52.0,6.0,14.0,12.0,23.0,11.0,31.0,14.0,13.0,6.0,3.0,8.0,17,1,2,15,13
2004,136,1173,69,1177,76,2,21.6,63.2,2.4,16.0,9.6,18.4,14.4,25.6,8.8,8.0,4.0,2.4,23.2,19.2,47.2,4.0,10.4,18.4,32.0,8.8,30.4,10.4,8.8,3.2,2.4,15.2,7,1,7,10,3
2004,136,1106,61,1181,96,0,22.0,57.0,7.0,20.0,10.0,17.0,9.0,22.0,7.0,21.0,7.0,1.0,20.0,32.0,66.0,9.0,26.0,23.0,31.0,17.0,29.0,19.0,14.0,14.0,4.0,19.0,35,1,1,16,15
2004,136,1434,49,1211,76,0,18.0,63.0,6.0,23.0,7.0,11.0,10.0,21.0,8.0,13.0,6.0,0.0,20.0,29.0,54.0,3.0,13.0,15.0,25.0,10.0,36.0,19.0,15.0,6.0,5.0,14.0,27,1,2,15,13
2004,136,1196,60,1264,75,0,21.0,45.0,3.0,13.0,15.0,22.0,4.0,22.0,4.0,14.0,4.0,4.0,18.0,26.0,60.0,6.0,15.0,17.0,21.0,13.0,23.0,10.0,10.0,8.0,4.0,21.0,15,1,12,5,-7
2004,136,1431,83,1268,86,0,29.0,56.0,5.0,17.0,20.0,24.0,9.0,20.0,13.0,14.0,2.0,2.0,25.0,29.0,59.0,8.0,18.0,20.0,31.0,16.0,21.0,17.0,14.0,7.0,6.0,20.0,3,1,4,13,9
2004,136,1277,66,1305,72,0,23.0,55.0,5.0,16.0,15.0,18.0,6.0,20.0,14.0,14.0,9.0,0.0,25.0,20.0,46.0,7.0,22.0,25.0,29.0,5.0,23.0,10.0,17.0,6.0,2.0,16.0,6,1,10,7,-3
2004,136,1102,52,1314,63,0,17.0,39.0,8.0,25.0,10.0,13.0,2.0,19.0,15.0,16.0,7.0,2.0,15.0,22.0,53.0,4.0,13.0,15.0,18.0,14.0,21.0,12.0,13.0,10.0,1.0,15.0,11,1,6,11,5
2004,136,1112,76,1371,80,0,28.0,53.0,5.0,11.0,15.0,19.0,7.0,22.0,12.0,14.0,4.0,3.0,15.0,27.0,58.0,8.0,22.0,18.0,24.0,12.0,21.0,12.0,10.0,6.0,0.0,19.0,4,1,8,9,1
2004,136,1251,63,1386,82,0,22.0,51.0,6.0,20.0,13.0,18.0,7.0,29.0,15.0,26.0,7.0,1.0,22.0,27.0,60.0,8.0,23.0,20.0,28.0,10.0,26.0,16.0,14.0,15.0,3.0,17.0,19,1,1,16,15
2004,136,1427,45,1390,71,0,15.0,63.0,2.0,15.0,13.0,21.0,22.0,17.0,2.0,19.0,8.0,3.0,15.0,27.0,54.0,6.0,14.0,11.0,15.0,11.0,29.0,11.0,20.0,11.0,9.0,20.0,26,1,1,16,15
2004,136,1140,75,1393,80,0,26.0,55.0,10.0,26.0,13.0,19.0,15.0,21.0,19.0,9.0,2.0,1.0,23.0,24.0,46.0,11.0,16.0,21.0,28.0,5.0,18.0,12.0,7.0,2.0,4.0,15.0,5,1,5,12,7
2004,136,1343,49,1400,66,0,18.0,51.0,5.0,26.0,8.0,12.0,9.0,14.0,11.0,7.0,5.0,0.0,18.0,23.0,50.0,11.0,15.0,9.0,14.0,17.0,26.0,10.0,13.0,3.0,1.0,16.0,17,1,3,14,11
2004,136,1150,73,1403,76,0,25.0,58.0,6.0,24.0,17.0,21.0,13.0,20.0,14.0,14.0,11.0,4.0,20.0,29.0,59.0,4.0,11.0,14.0,18.0,14.0,22.0,17.0,16.0,7.0,2.0,16.0,3,1,8,9,1
2004,136,1433,78,1448,79,0,29.0,57.0,11.0,20.0,9.0,13.0,7.0,20.0,17.0,17.0,7.0,4.0,22.0,28.0,54.0,6.0,16.0,17.0,27.0,9.0,23.0,16.0,11.0,7.0,2.0,16.0,1,1,4,13,9
2004,137,1428,51,1130,58,0,19.0,50.0,3.0,18.0,10.0,10.0,9.0,17.0,12.0,8.0,2.0,0.0,12.0,23.0,44.0,3.0,4.0,9.0,11.0,4.0,21.0,20.0,8.0,4.0,3.0,13.0,7,1,6,11,5
2004,137,1190,77,1153,80,0,29.0,74.0,6.0,23.0,13.0,20.0,17.0,21.0,14.0,6.0,11.0,3.0,14.0,29.0,62.0,13.0,32.0,9.0,11.0,12.0,33.0,22.0,17.0,3.0,11.0,19.0,3,1,4,13,9
2004,137,1320,60,1210,65,0,21.0,54.0,10.0,27.0,8.0,10.0,3.0,25.0,15.0,10.0,2.0,1.0,16.0,25.0,55.0,6.0,18.0,9.0,12.0,8.0,29.0,10.0,12.0,4.0,3.0,14.0,5,1,3,14,11
2004,137,1293,53,1228,72,0,17.0,49.0,8.0,20.0,11.0,17.0,9.0,18.0,8.0,10.0,4.0,2.0,13.0,27.0,60.0,9.0,24.0,9.0,13.0,16.0,28.0,19.0,8.0,5.0,5.0,17.0,19,1,5,12,7
2004,137,1227,53,1242,78,0,20.0,64.0,3.0,16.0,10.0,14.0,11.0,15.0,10.0,15.0,9.0,0.0,25.0,24.0,39.0,5.0,12.0,25.0,40.0,6.0,35.0,18.0,25.0,6.0,8.0,19.0,25,1,4,13,9
2004,137,1197,76,1246,96,0,30.0,66.0,11.0,30.0,5.0,12.0,12.0,17.0,13.0,17.0,13.0,1.0,19.0,35.0,62.0,11.0,28.0,15.0,23.0,13.0,29.0,23.0,17.0,8.0,5.0,15.0,20,1,1,16,15
2004,137,1376,43,1272,59,0,15.0,42.0,2.0,13.0,11.0,16.0,4.0,21.0,9.0,12.0,5.0,4.0,14.0,23.0,59.0,9.0,27.0,4.0,7.0,14.0,22.0,16.0,9.0,3.0,4.0,15.0,16,1,7,10,3
2004,137,1284,52,1280,85,0,18.0,51.0,9.0,27.0,7.0,15.0,3.0,17.0,12.0,17.0,7.0,0.0,18.0,30.0,56.0,8.0,22.0,17.0,23.0,13.0,34.0,19.0,17.0,12.0,3.0,13.0,33,1,2,15,13
2004,137,1418,52,1301,61,0,16.0,49.0,5.0,22.0,15.0,23.0,11.0,21.0,9.0,15.0,9.0,2.0,21.0,18.0,49.0,5.0,17.0,20.0,24.0,13.0,24.0,10.0,15.0,5.0,0.0,20.0,9,1,3,14,11
2004,137,1186,56,1329,75,0,21.0,59.0,3.0,19.0,11.0,13.0,12.0,15.0,19.0,14.0,8.0,2.0,15.0,30.0,55.0,2.0,6.0,13.0,16.0,11.0,26.0,15.0,15.0,12.0,5.0,16.0,19,1,2,15,13
2004,137,1344,58,1334,66,0,23.0,61.0,6.0,26.0,6.0,6.0,15.0,21.0,12.0,15.0,4.0,2.0,18.0,24.0,50.0,6.0,14.0,12.0,18.0,7.0,22.0,17.0,12.0,7.0,1.0,11.0,8,1,12,5,-7
2004,137,1416,44,1338,53,0,16.0,52.0,5.0,20.0,7.0,10.0,9.0,24.0,10.0,14.0,6.0,0.0,22.0,13.0,44.0,5.0,16.0,22.0,31.0,10.0,27.0,7.0,13.0,8.0,1.0,15.0,9,1,3,14,11
2004,137,1449,100,1412,102,0,35.0,64.0,6.0,20.0,24.0,34.0,10.0,31.0,19.0,16.0,6.0,5.0,30.0,30.0,65.0,9.0,26.0,33.0,44.0,11.0,26.0,23.0,12.0,8.0,2.0,26.0,2,1,9,8,-1
2004,137,1444,58,1435,71,0,22.0,63.0,2.0,19.0,12.0,16.0,18.0,18.0,10.0,12.0,13.0,1.0,19.0,26.0,46.0,11.0,19.0,8.0,18.0,8.0,25.0,16.0,17.0,9.0,5.0,15.0,13,1,6,11,5
2004,137,1350,64,1458,76,0,25.0,54.0,7.0,16.0,7.0,13.0,13.0,16.0,17.0,14.0,8.0,3.0,19.0,25.0,51.0,8.0,18.0,18.0,24.0,11.0,18.0,14.0,9.0,7.0,3.0,11.0,12,1,6,11,5
2004,137,1257,70,1462,80,0,25.0,63.0,10.0,32.0,10.0,13.0,13.0,13.0,18.0,10.0,7.0,1.0,23.0,23.0,46.0,9.0,18.0,25.0,29.0,12.0,27.0,15.0,15.0,6.0,1.0,12.0,10,1,7,10,3
2004,138,1390,67,1104,70,0,26.0,73.0,7.0,24.0,8.0,11.0,22.0,27.0,12.0,12.0,2.0,0.0,31.0,16.0,43.0,4.0,19.0,34.0,44.0,5.0,24.0,8.0,8.0,6.0,8.0,16.0,3,1,8,1,-7
2004,138,1177,55,1163,72,0,20.0,59.0,5.0,15.0,10.0,13.0,9.0,26.0,12.0,8.0,1.0,0.0,20.0,26.0,60.0,5.0,16.0,15.0,23.0,13.0,31.0,15.0,5.0,5.0,5.0,15.0,17,1,2,7,5
2004,138,1371,62,1181,90,0,24.0,57.0,3.0,17.0,11.0,16.0,8.0,14.0,11.0,10.0,4.0,0.0,27.0,26.0,48.0,4.0,11.0,34.0,38.0,11.0,29.0,16.0,10.0,3.0,3.0,18.0,28,1,1,8,7
2004,138,1211,72,1305,91,0,28.0,75.0,3.0,22.0,13.0,18.0,19.0,20.0,9.0,10.0,4.0,1.0,23.0,30.0,64.0,8.0,17.0,23.0,29.0,14.0,29.0,18.0,8.0,4.0,4.0,18.0,19,1,10,2,-8
2004,138,1403,65,1386,70,0,25.0,53.0,3.0,12.0,12.0,14.0,9.0,20.0,16.0,9.0,7.0,2.0,11.0,27.0,57.0,12.0,31.0,4.0,5.0,11.0,20.0,13.0,13.0,4.0,0.0,16.0,5,1,1,8,7
2004,138,1268,70,1393,72,0,20.0,52.0,3.0,12.0,27.0,38.0,12.0,28.0,13.0,17.0,5.0,6.0,26.0,22.0,55.0,4.0,12.0,24.0,38.0,12.0,26.0,11.0,12.0,7.0,5.0,25.0,2,1,5,4,-1
2004,138,1314,75,1400,78,0,25.0,65.0,9.0,28.0,16.0,19.0,16.0,20.0,14.0,11.0,6.0,1.0,21.0,27.0,55.0,5.0,13.0,19.0,23.0,9.0,26.0,10.0,11.0,6.0,1.0,19.0,3,1,3,6,3
2004,138,1264,80,1448,84,0,29.0,63.0,7.0,20.0,15.0,20.0,8.0,24.0,15.0,8.0,5.0,3.0,23.0,29.0,57.0,8.0,20.0,18.0,24.0,8.0,29.0,15.0,10.0,5.0,2.0,18.0,4,1,4,12,8
2004,139,1130,54,1210,57,0,20.0,44.0,5.0,13.0,9.0,15.0,11.0,19.0,14.0,22.0,11.0,2.0,14.0,23.0,51.0,6.0,18.0,5.0,6.0,8.0,16.0,15.0,17.0,12.0,1.0,17.0,3,1,3,6,3
2004,139,1153,68,1228,92,0,27.0,58.0,7.0,16.0,7.0,11.0,14.0,20.0,14.0,13.0,1.0,5.0,14.0,35.0,55.0,11.0,19.0,11.0,14.0,2.0,19.0,26.0,4.0,9.0,1.0,14.0,24,1,5,4,-1
2004,139,1334,63,1242,78,0,23.0,54.0,6.0,20.0,11.0,15.0,9.0,18.0,19.0,14.0,6.0,1.0,18.0,29.0,60.0,5.0,15.0,15.0,21.0,15.0,25.0,17.0,13.0,11.0,3.0,15.0,15,1,4,12,8
2004,139,1272,53,1329,70,0,20.0,50.0,6.0,17.0,7.0,14.0,11.0,11.0,9.0,12.0,6.0,3.0,15.0,28.0,47.0,5.0,12.0,9.0,17.0,14.0,20.0,18.0,17.0,8.0,1.0,16.0,17,1,2,7,5
2004,139,1458,55,1338,59,0,17.0,48.0,8.0,18.0,13.0,17.0,7.0,24.0,9.0,13.0,4.0,3.0,20.0,21.0,59.0,2.0,10.0,15.0,19.0,15.0,25.0,10.0,9.0,7.0,3.0,17.0,4,1,3,6,3
2004,139,1246,75,1412,76,0,27.0,61.0,7.0,20.0,14.0,18.0,20.0,21.0,13.0,16.0,4.0,4.0,16.0,30.0,67.0,8.0,18.0,8.0,13.0,18.0,15.0,19.0,12.0,9.0,1.0,19.0,1,1,9,1,-8
2004,139,1301,73,1435,75,0,27.0,57.0,13.0,31.0,6.0,8.0,13.0,18.0,13.0,6.0,1.0,1.0,20.0,23.0,49.0,10.0,25.0,19.0,21.0,10.0,17.0,15.0,8.0,4.0,2.0,13.0,2,1,6,3,-3
2004,139,1280,74,1462,89,0,26.0,72.0,9.0,26.0,13.0,21.0,18.0,22.0,14.0,8.0,11.0,3.0,21.0,30.0,55.0,13.0,19.0,16.0,23.0,6.0,32.0,14.0,13.0,3.0,9.0,14.0,15,1,7,2,-5
2004,143,1393,71,1104,80,0,26.0,55.0,5.0,14.0,14.0,20.0,16.0,19.0,12.0,18.0,5.0,4.0,20.0,26.0,52.0,9.0,22.0,19.0,23.0,10.0,17.0,22.0,9.0,11.0,6.0,17.0,9,1,8,5,-3
2004,143,1435,53,1163,73,0,20.0,57.0,8.0,24.0,5.0,8.0,6.0,15.0,11.0,11.0,8.0,0.0,14.0,27.0,51.0,6.0,17.0,13.0,15.0,11.0,33.0,14.0,18.0,6.0,4.0,10.0,20,1,2,6,4
2004,143,1338,51,1329,63,0,21.0,58.0,3.0,17.0,6.0,10.0,16.0,17.0,8.0,12.0,5.0,1.0,18.0,22.0,45.0,4.0,8.0,15.0,16.0,6.0,24.0,13.0,10.0,6.0,5.0,16.0,12,1,2,3,1
2004,143,1448,80,1386,84,0,27.0,51.0,8.0,16.0,18.0,25.0,7.0,21.0,15.0,15.0,6.0,0.0,22.0,29.0,58.0,12.0,24.0,14.0,23.0,10.0,20.0,15.0,11.0,8.0,4.0,21.0,4,1,1,4,3
2004,144,1228,62,1181,72,0,26.0,64.0,4.0,13.0,6.0,11.0,14.0,22.0,17.0,12.0,5.0,2.0,15.0,28.0,51.0,6.0,18.0,10.0,15.0,5.0,24.0,19.0,13.0,10.0,5.0,14.0,10,1,1,5,4
2004,144,1305,67,1210,72,0,22.0,69.0,5.0,20.0,18.0,24.0,16.0,29.0,5.0,11.0,4.0,3.0,22.0,27.0,63.0,6.0,18.0,12.0,22.0,13.0,36.0,10.0,16.0,9.0,5.0,22.0,5,1,3,10,7
2004,144,1412,74,1242,100,0,23.0,71.0,8.0,33.0,20.0,24.0,14.0,19.0,12.0,12.0,13.0,4.0,27.0,30.0,56.0,4.0,10.0,36.0,44.0,10.0,35.0,21.0,17.0,9.0,3.0,19.0,26,1,4,9,5
2004,144,1400,71,1462,79,0,26.0,62.0,7.0,16.0,12.0,17.0,14.0,21.0,12.0,8.0,1.0,6.0,25.0,23.0,58.0,8.0,25.0,25.0,35.0,16.0,23.0,13.0,7.0,6.0,3.0,20.0,8,1,7,3,-4
2004,145,1104,71,1163,87,0,25.0,60.0,6.0,19.0,15.0,18.0,12.0,21.0,14.0,9.0,2.0,5.0,23.0,29.0,60.0,10.0,17.0,19.0,29.0,15.0,25.0,17.0,7.0,3.0,7.0,18.0,16,1,2,8,6
2004,145,1386,62,1329,64,0,22.0,57.0,8.0,26.0,10.0,13.0,6.0,18.0,15.0,5.0,8.0,3.0,14.0,25.0,53.0,4.0,17.0,10.0,15.0,12.0,30.0,13.0,13.0,2.0,6.0,16.0,2,1,2,1,-1
2004,146,1462,63,1181,66,0,22.0,63.0,3.0,15.0,16.0,23.0,16.0,24.0,8.0,10.0,5.0,0.0,21.0,21.0,54.0,8.0,20.0,16.0,20.0,10.0,29.0,15.0,11.0,6.0,7.0,23.0,3,1,1,7,6
2004,146,1242,71,1210,79,1,23.11111111111111,57.77777777777778,5.333333333333333,16.88888888888889,11.555555555555555,16.88888888888889,10.666666666666666,23.11111111111111,13.333333333333334,13.333333333333334,7.111111111111111,2.6666666666666665,23.11111111111111,22.22222222222222,49.77777777777778,2.6666666666666665,14.22222222222222,23.11111111111111,30.22222222222222,9.77777777777778,26.666666666666668,12.444444444444445,10.666666666666666,11.555555555555555,2.6666666666666665,15.11111111111111,8,1,3,4,1
2004,152,1181,78,1163,79,0,29.0,71.0,6.0,22.0,14.0,23.0,17.0,20.0,11.0,9.0,8.0,3.0,24.0,26.0,52.0,6.0,11.0,21.0,32.0,13.0,31.0,9.0,18.0,5.0,6.0,20.0,1,1,2,1,-1
2004,152,1329,65,1210,67,0,22.0,50.0,4.0,15.0,17.0,25.0,12.0,21.0,10.0,13.0,3.0,0.0,15.0,24.0,49.0,7.0,17.0,12.0,16.0,7.0,22.0,16.0,12.0,7.0,4.0,19.0,2,1,3,2,-1
2004,154,1210,73,1163,82,0,27.0,71.0,7.0,22.0,12.0,21.0,18.0,25.0,9.0,14.0,10.0,1.0,26.0,26.0,61.0,5.0,17.0,25.0,39.0,18.0,32.0,10.0,16.0,5.0,2.0,18.0,9,1,2,3,1
2005,134,1105,69,1324,79,0,23.0,59.0,10.0,28.0,13.0,18.0,10.0,19.0,16.0,14.0,6.0,3.0,17.0,29.0,57.0,7.0,15.0,14.0,20.0,14.0,29.0,14.0,17.0,2.0,2.0,14.0,10,1,16,16,0
2005,136,1429,53,1112,66,0,20.0,55.0,7.0,19.0,6.0,10.0,12.0,20.0,15.0,12.0,6.0,3.0,16.0,23.0,49.0,6.0,14.0,14.0,18.0,9.0,24.0,9.0,11.0,3.0,6.0,12.0,13,1,3,14,11
2005,136,1335,65,1130,85,0,25.0,71.0,10.0,30.0,5.0,10.0,16.0,18.0,17.0,17.0,11.0,2.0,19.0,30.0,52.0,8.0,12.0,17.0,25.0,8.0,33.0,24.0,19.0,8.0,6.0,14.0,20,1,4,13,9
2005,136,1234,64,1153,76,0,20.0,59.0,5.0,17.0,19.0,25.0,16.0,27.0,5.0,11.0,6.0,1.0,20.0,27.0,57.0,9.0,18.0,13.0,22.0,9.0,27.0,18.0,8.0,5.0,8.0,19.0,12,1,7,10,3
2005,136,1457,64,1211,74,0,22.0,60.0,10.0,26.0,10.0,12.0,10.0,26.0,16.0,13.0,4.0,0.0,19.0,27.0,59.0,5.0,16.0,15.0,22.0,11.0,29.0,13.0,10.0,5.0,5.0,14.0,10,1,3,14,11
2005,136,1192,55,1228,67,0,23.0,57.0,4.0,16.0,5.0,11.0,15.0,27.0,11.0,17.0,6.0,3.0,19.0,23.0,54.0,6.0,21.0,15.0,21.0,8.0,22.0,16.0,8.0,8.0,2.0,13.0,12,1,1,16,15
2005,136,1184,64,1246,72,0,26.0,59.0,6.0,18.0,6.0,11.0,13.0,22.0,14.0,17.0,5.0,1.0,20.0,26.0,51.0,2.0,11.0,18.0,26.0,9.0,22.0,11.0,14.0,9.0,4.0,11.0,8,1,2,15,13
2005,136,1400,57,1305,61,0,24.0,68.0,5.0,10.0,4.0,6.0,13.0,27.0,2.0,5.0,5.0,6.0,16.0,23.0,62.0,3.0,14.0,12.0,18.0,16.0,33.0,11.0,8.0,4.0,7.0,14.0,4,1,9,8,-1
2005,136,1310,67,1328,84,0,24.0,68.0,6.0,28.0,13.0,15.0,11.0,26.0,12.0,16.0,8.0,2.0,16.0,34.0,74.0,3.0,13.0,13.0,15.0,14.0,34.0,16.0,14.0,9.0,3.0,14.0,17,1,3,14,11
2005,136,1338,71,1334,79,0,25.0,59.0,8.0,23.0,13.0,18.0,10.0,20.0,10.0,10.0,7.0,3.0,20.0,26.0,55.0,10.0,20.0,17.0,23.0,10.0,25.0,15.0,12.0,2.0,1.0,18.0,8,1,8,9,1
2005,136,1417,66,1403,78,0,26.0,60.0,6.0,20.0,8.0,15.0,9.0,18.0,16.0,13.0,5.0,2.0,15.0,32.0,52.0,3.0,7.0,11.0,16.0,4.0,28.0,21.0,14.0,7.0,2.0,14.0,12,1,6,11,5
2005,136,1261,68,1412,82,0,23.0,64.0,6.0,31.0,16.0,22.0,16.0,26.0,10.0,21.0,6.0,5.0,26.0,27.0,59.0,7.0,16.0,21.0,36.0,11.0,24.0,15.0,15.0,8.0,2.0,23.0,14,1,11,6,-5
2005,136,1431,54,1428,60,0,22.0,53.0,2.0,9.0,8.0,9.0,5.0,17.0,13.0,10.0,6.0,1.0,20.0,21.0,49.0,6.0,24.0,12.0,20.0,15.0,25.0,15.0,18.0,7.0,4.0,13.0,6,1,6,11,5
2005,136,1151,54,1448,70,0,21.0,52.0,6.0,20.0,6.0,9.0,11.0,24.0,12.0,22.0,5.0,1.0,19.0,24.0,58.0,8.0,28.0,14.0,21.0,15.0,22.0,16.0,15.0,10.0,2.0,12.0,16,1,2,15,13
2005,136,1285,77,1449,88,0,33.0,65.0,9.0,20.0,2.0,8.0,12.0,21.0,15.0,18.0,5.0,0.0,16.0,32.0,58.0,9.0,19.0,15.0,22.0,9.0,23.0,19.0,16.0,9.0,1.0,14.0,11,1,1,16,15
2005,136,1166,61,1452,63,0,21.0,50.0,8.0,20.0,11.0,13.0,10.0,17.0,12.0,17.0,8.0,3.0,16.0,22.0,46.0,8.0,20.0,11.0,13.0,8.0,21.0,19.0,16.0,12.0,4.0,15.0,2,1,7,10,3
2005,136,1104,73,1454,83,0,26.0,50.0,9.0,23.0,12.0,16.0,12.0,22.0,17.0,19.0,3.0,3.0,20.0,26.0,50.0,12.0,21.0,19.0,28.0,8.0,14.0,20.0,7.0,6.0,1.0,18.0,10,1,12,5,-7
2005,137,1242,63,1137,64,0,20.0,46.0,1.0,11.0,22.0,27.0,8.0,26.0,14.0,13.0,5.0,3.0,15.0,22.0,55.0,8.0,31.0,12.0,16.0,9.0,21.0,17.0,9.0,10.0,1.0,21.0,1,1,14,3,-11
2005,137,1416,71,1163,77,0,21.0,61.0,11.0,28.0,18.0,21.0,12.0,17.0,16.0,10.0,10.0,6.0,21.0,29.0,58.0,3.0,6.0,16.0,25.0,14.0,29.0,17.0,13.0,7.0,6.0,13.0,6,1,2,15,13
2005,137,1175,46,1181,57,0,19.0,52.0,5.0,15.0,3.0,6.0,9.0,21.0,10.0,11.0,3.0,1.0,23.0,16.0,39.0,6.0,20.0,19.0,29.0,5.0,27.0,9.0,8.0,5.0,6.0,15.0,11,1,1,16,15
2005,137,1325,62,1196,67,0,18.0,46.0,9.0,18.0,17.0,26.0,10.0,23.0,8.0,20.0,8.0,5.0,21.0,21.0,54.0,7.0,23.0,18.0,19.0,11.0,21.0,15.0,16.0,11.0,8.0,21.0,5,1,4,13,9
2005,137,1203,68,1210,80,0,29.0,65.0,6.0,16.0,4.0,16.0,12.0,22.0,19.0,14.0,9.0,4.0,20.0,28.0,56.0,7.0,16.0,17.0,22.0,10.0,32.0,11.0,17.0,10.0,3.0,22.0,12,1,5,12,7
2005,137,1278,53,1235,64,0,21.0,63.0,5.0,23.0,6.0,10.0,20.0,21.0,8.0,17.0,9.0,1.0,18.0,25.0,57.0,2.0,8.0,12.0,19.0,15.0,24.0,11.0,13.0,12.0,8.0,17.0,11,1,9,8,-1
2005,137,1418,62,1257,68,0,24.0,53.0,4.0,12.0,10.0,18.0,13.0,24.0,14.0,18.0,7.0,0.0,21.0,22.0,57.0,6.0,22.0,18.0,27.0,16.0,20.0,12.0,11.0,5.0,2.0,19.0,6,1,4,13,9
2005,137,1330,81,1277,89,0,26.0,61.0,7.0,20.0,22.0,26.0,10.0,20.0,13.0,15.0,9.0,1.0,29.0,29.0,51.0,3.0,14.0,28.0,36.0,5.0,25.0,11.0,13.0,9.0,1.0,22.0,8,1,5,12,7
2005,137,1390,70,1280,93,0,24.0,63.0,4.0,18.0,18.0,25.0,12.0,18.0,9.0,5.0,6.0,3.0,19.0,32.0,57.0,9.0,17.0,20.0,26.0,10.0,29.0,13.0,9.0,3.0,6.0,19.0,23,1,9,8,-1
2005,137,1150,63,1301,75,0,23.0,58.0,8.0,21.0,9.0,14.0,12.0,24.0,11.0,20.0,8.0,2.0,18.0,26.0,59.0,4.0,19.0,19.0,22.0,11.0,22.0,14.0,16.0,14.0,8.0,10.0,12,1,10,7,-3
2005,137,1324,68,1314,96,0,25.0,58.0,6.0,15.0,12.0,18.0,11.0,11.0,12.0,10.0,9.0,0.0,16.0,37.0,58.0,12.0,19.0,10.0,19.0,15.0,24.0,27.0,15.0,9.0,3.0,13.0,28,1,1,16,15
2005,137,1368,50,1329,63,0,20.0,45.0,3.0,10.0,7.0,10.0,5.0,14.0,10.0,17.0,12.0,2.0,22.0,18.0,37.0,4.0,7.0,23.0,29.0,8.0,22.0,13.0,17.0,11.0,1.0,13.0,13,1,2,15,13
2005,137,1388,56,1356,65,0,17.0,51.0,4.0,20.0,18.0,22.0,16.0,26.0,3.0,20.0,2.0,2.0,17.0,25.0,61.0,4.0,12.0,11.0,14.0,12.0,21.0,12.0,10.0,8.0,2.0,22.0,9,1,7,10,3
2005,137,1393,57,1436,60,1,20.444444444444443,48.888888888888886,2.6666666666666665,10.666666666666666,7.111111111111111,8.0,12.444444444444445,20.444444444444443,7.111111111111111,21.33333333333333,8.0,2.6666666666666665,10.666666666666666,19.55555555555556,52.44444444444444,6.222222222222222,18.666666666666668,8.0,9.77777777777778,11.555555555555555,15.11111111111111,12.444444444444445,14.22222222222222,8.88888888888889,0.0,10.666666666666666,3,1,13,4,-9
2005,137,1307,47,1437,55,0,17.0,57.0,4.0,25.0,9.0,12.0,12.0,23.0,6.0,17.0,9.0,4.0,20.0,15.0,53.0,8.0,29.0,17.0,24.0,18.0,29.0,9.0,20.0,12.0,4.0,15.0,8,1,5,12,7
2005,137,1320,52,1458,57,0,22.0,53.0,4.0,17.0,4.0,8.0,8.0,27.0,8.0,8.0,4.0,2.0,15.0,20.0,48.0,11.0,26.0,6.0,10.0,5.0,25.0,14.0,8.0,3.0,2.0,13.0,5,1,6,11,5
2005,138,1412,63,1112,85,0,21.0,64.0,6.0,30.0,15.0,18.0,15.0,17.0,15.0,14.0,9.0,2.0,22.0,30.0,57.0,7.0,22.0,18.0,23.0,11.0,28.0,16.0,16.0,7.0,7.0,14.0,22,1,3,11,8
2005,138,1305,59,1228,71,0,20.0,54.0,3.0,9.0,16.0,25.0,12.0,20.0,10.0,14.0,10.0,1.0,17.0,26.0,49.0,2.0,12.0,17.0,20.0,6.0,26.0,18.0,16.0,9.0,3.0,18.0,12,1,1,9,8
2005,138,1153,60,1246,69,0,20.0,61.0,7.0,26.0,13.0,19.0,16.0,21.0,10.0,10.0,4.0,4.0,19.0,25.0,49.0,7.0,12.0,12.0,18.0,7.0,29.0,16.0,15.0,7.0,5.0,17.0,9,1,2,7,5
2005,138,1211,69,1403,71,0,29.0,62.0,2.0,13.0,9.0,18.0,17.0,27.0,14.0,13.0,2.0,1.0,17.0,29.0,59.0,4.0,11.0,9.0,16.0,8.0,24.0,18.0,7.0,7.0,1.0,14.0,2,1,6,3,-3
2005,138,1328,58,1428,67,0,21.0,66.0,2.0,19.0,14.0,19.0,19.0,14.0,3.0,7.0,8.0,3.0,24.0,22.0,37.0,5.0,8.0,18.0,28.0,9.0,30.0,15.0,20.0,2.0,2.0,19.0,9,1,6,3,-3
2005,138,1334,79,1449,97,0,30.0,67.0,8.0,24.0,11.0,17.0,17.0,14.0,13.0,8.0,4.0,1.0,18.0,36.0,64.0,9.0,23.0,16.0,19.0,12.0,23.0,17.0,7.0,2.0,3.0,20.0,18,1,1,8,7
2005,138,1448,105,1452,111,2,28.8,56.8,7.2,18.4,19.2,28.8,13.6,23.2,18.4,14.4,5.6,2.4,22.4,29.6,56.0,5.6,16.8,24.0,31.2,8.0,20.0,16.0,8.8,4.0,4.0,20.8,6,1,7,2,-5
2005,138,1130,75,1454,83,0,23.0,50.0,4.0,11.0,25.0,35.0,15.0,21.0,16.0,22.0,6.0,2.0,22.0,26.0,55.0,11.0,24.0,20.0,22.0,10.0,16.0,17.0,16.0,11.0,5.0,26.0,8,1,12,4,-8
2005,139,1280,55,1181,63,0,20.0,62.0,4.0,13.0,11.0,21.0,18.0,21.0,9.0,10.0,7.0,5.0,19.0,19.0,50.0,8.0,21.0,17.0,21.0,13.0,30.0,8.0,16.0,8.0,6.0,22.0,8,1,1,9,8
2005,139,1210,54,1257,76,0,20.0,53.0,6.0,16.0,8.0,10.0,7.0,15.0,11.0,7.0,7.0,0.0,21.0,22.0,42.0,10.0,21.0,22.0,28.0,9.0,28.0,10.0,11.0,1.0,7.0,15.0,22,1,4,5,1
2005,139,1436,61,1277,72,0,22.0,70.0,7.0,22.0,10.0,14.0,23.0,18.0,5.0,9.0,4.0,0.0,19.0,27.0,56.0,2.0,12.0,16.0,22.0,12.0,27.0,12.0,9.0,4.0,4.0,16.0,11,1,5,13,8
2005,139,1163,62,1301,65,0,22.0,52.0,2.0,14.0,16.0,18.0,9.0,22.0,9.0,14.0,3.0,4.0,16.0,20.0,50.0,10.0,20.0,15.0,17.0,7.0,19.0,13.0,13.0,10.0,4.0,18.0,3,1,10,2,-8
2005,139,1235,65,1314,92,0,27.0,76.0,4.0,13.0,7.0,17.0,20.0,27.0,20.0,17.0,8.0,2.0,23.0,31.0,65.0,8.0,25.0,22.0,37.0,15.0,35.0,20.0,13.0,14.0,4.0,18.0,27,1,1,9,8
2005,139,1356,77,1329,85,0,23.0,56.0,6.0,19.0,25.0,30.0,12.0,16.0,14.0,11.0,8.0,0.0,28.0,25.0,46.0,6.0,12.0,29.0,33.0,8.0,22.0,18.0,14.0,3.0,0.0,23.0,8,1,2,7,5
2005,139,1196,65,1437,76,0,20.0,52.0,7.0,18.0,18.0,25.0,10.0,24.0,9.0,19.0,6.0,4.0,30.0,24.0,58.0,3.0,11.0,25.0,35.0,17.0,27.0,10.0,14.0,11.0,4.0,23.0,11,1,5,4,-1
2005,139,1137,62,1458,71,0,23.0,50.0,5.0,15.0,11.0,14.0,7.0,22.0,13.0,10.0,4.0,2.0,24.0,21.0,46.0,7.0,17.0,22.0,29.0,8.0,22.0,14.0,7.0,5.0,1.0,12.0,9,1,6,14,8
2005,143,1329,78,1112,79,0,29.0,66.0,10.0,23.0,10.0,13.0,16.0,11.0,17.0,8.0,10.0,0.0,17.0,31.0,47.0,7.0,14.0,10.0,17.0,8.0,23.0,17.0,14.0,3.0,5.0,17.0,1,1,3,2,-1
2005,143,1454,63,1228,77,0,22.0,57.0,7.0,29.0,12.0,18.0,13.0,22.0,12.0,12.0,4.0,3.0,12.0,28.0,57.0,9.0,20.0,12.0,15.0,8.0,25.0,20.0,9.0,7.0,2.0,20.0,14,1,1,12,11
2005,143,1449,79,1257,93,0,28.0,67.0,6.0,25.0,17.0,28.0,13.0,20.0,15.0,11.0,9.0,0.0,25.0,31.0,56.0,11.0,26.0,20.0,28.0,10.0,34.0,17.0,17.0,8.0,4.0,18.0,14,1,4,1,-3
2005,143,1403,60,1452,65,0,24.0,56.0,1.0,8.0,11.0,16.0,15.0,19.0,10.0,16.0,11.0,1.0,15.0,24.0,51.0,9.0,22.0,8.0,13.0,11.0,20.0,14.0,18.0,5.0,3.0,15.0,5,1,7,6,-1
2005,144,1428,52,1246,62,0,17.0,41.0,4.0,10.0,14.0,28.0,9.0,16.0,10.0,12.0,5.0,0.0,20.0,24.0,39.0,4.0,13.0,10.0,19.0,4.0,21.0,10.0,14.0,6.0,2.0,25.0,10,1,2,6,4
2005,144,1181,68,1277,78,0,22.0,51.0,7.0,23.0,17.0,24.0,9.0,24.0,8.0,22.0,11.0,2.0,22.0,27.0,65.0,5.0,14.0,19.0,23.0,16.0,22.0,12.0,16.0,13.0,0.0,22.0,10,1,5,1,-4
2005,144,1437,66,1314,67,0,23.0,61.0,8.0,28.0,12.0,19.0,14.0,19.0,7.0,9.0,5.0,5.0,21.0,20.0,48.0,8.0,19.0,19.0,24.0,12.0,30.0,11.0,17.0,3.0,3.0,24.0,1,1,1,5,4
2005,144,1301,56,1458,65,0,19.0,50.0,9.0,22.0,9.0,13.0,2.0,19.0,12.0,13.0,10.0,5.0,25.0,21.0,42.0,4.0,10.0,19.0,25.0,4.0,31.0,7.0,18.0,2.0,0.0,14.0,9,1,6,10,4
2005,145,1112,89,1228,90,1,28.444444444444443,54.22222222222222,6.222222222222222,16.0,16.0,18.666666666666668,10.666666666666666,22.22222222222222,18.666666666666668,15.11111111111111,9.77777777777778,7.111111111111111,8.88888888888889,28.444444444444443,63.11111111111112,14.22222222222222,31.11111111111111,8.88888888888889,13.333333333333334,12.444444444444445,16.0,18.666666666666668,11.555555555555555,10.666666666666666,1.7777777777777777,16.0,1,1,1,3,2
2005,145,1452,85,1257,93,1,23.11111111111111,41.77777777777778,16.0,24.0,13.333333333333334,16.88888888888889,3.555555555555556,13.333333333333334,20.444444444444443,12.444444444444445,4.444444444444445,1.7777777777777777,16.88888888888889,28.444444444444443,51.55555555555556,9.77777777777778,24.88888888888889,16.0,25.77777777777778,13.333333333333334,16.88888888888889,16.88888888888889,9.77777777777778,7.111111111111111,3.555555555555556,16.0,8,1,4,7,3
2005,146,1246,88,1277,94,2,24.8,55.2,7.2,15.2,13.6,18.4,12.8,16.8,11.2,8.8,5.6,2.4,20.0,24.0,51.2,8.0,15.2,19.2,24.0,13.6,18.4,12.0,10.4,4.8,2.4,16.0,6,1,5,2,-3
2005,146,1458,82,1314,88,0,30.0,61.0,11.0,24.0,11.0,13.0,10.0,19.0,17.0,12.0,5.0,0.0,17.0,34.0,64.0,5.0,16.0,15.0,18.0,12.0,21.0,19.0,9.0,5.0,5.0,15.0,6,1,1,6,5
2005,152,1257,57,1228,72,0,21.0,54.0,6.0,20.0,9.0,12.0,7.0,19.0,10.0,5.0,5.0,4.0,13.0,27.0,56.0,12.0,30.0,6.0,8.0,10.0,28.0,21.0,7.0,4.0,0.0,12.0,15,1,1,4,3
2005,152,1277,71,1314,87,0,25.0,74.0,7.0,23.0,14.0,18.0,15.0,27.0,15.0,12.0,10.0,4.0,19.0,35.0,71.0,6.0,20.0,11.0,17.0,13.0,38.0,18.0,13.0,5.0,6.0,17.0,16,1,1,5,4
2005,154,1228,70,1314,75,0,27.0,70.0,12.0,40.0,4.0,6.0,17.0,22.0,18.0,8.0,8.0,1.0,18.0,27.0,52.0,9.0,16.0,12.0,19.0,8.0,26.0,12.0,10.0,4.0,2.0,13.0,5,1,1,1,0
2006,134,1214,49,1284,71,0,19.0,63.0,4.0,15.0,7.0,13.0,15.0,27.0,7.0,13.0,4.0,4.0,11.0,27.0,61.0,10.0,26.0,7.0,9.0,7.0,31.0,21.0,9.0,2.0,10.0,11.0,22,1,16,16,0
2006,136,1266,85,1104,90,0,32.0,61.0,7.0,22.0,14.0,19.0,13.0,15.0,13.0,12.0,9.0,4.0,22.0,28.0,55.0,12.0,23.0,22.0,31.0,16.0,16.0,15.0,14.0,4.0,3.0,17.0,5,1,10,7,-3
2006,136,1334,76,1130,88,2,20.8,50.4,8.0,20.0,11.2,14.4,11.2,18.4,14.4,12.0,3.2,1.6,17.6,23.2,45.6,4.8,18.4,19.2,23.2,5.6,18.4,17.6,6.4,9.6,1.6,12.8,12,1,4,13,9
2006,136,1380,54,1181,70,0,22.0,62.0,4.0,13.0,6.0,10.0,16.0,16.0,8.0,16.0,14.0,4.0,20.0,24.0,49.0,5.0,15.0,17.0,20.0,9.0,26.0,15.0,20.0,9.0,8.0,11.0,16,1,1,16,15
2006,136,1375,50,1196,76,0,19.0,55.0,9.0,20.0,3.0,6.0,7.0,24.0,8.0,16.0,7.0,3.0,17.0,29.0,59.0,10.0,25.0,8.0,10.0,8.0,31.0,21.0,11.0,8.0,7.0,9.0,26,1,3,14,11
2006,136,1423,85,1203,88,1,28.444444444444443,48.0,9.77777777777778,19.55555555555556,8.88888888888889,16.0,7.111111111111111,22.22222222222222,17.77777777777778,13.333333333333334,1.7777777777777777,0.8888888888888888,19.55555555555556,27.55555555555556,58.66666666666666,8.88888888888889,19.55555555555556,14.22222222222222,19.55555555555556,13.333333333333334,16.88888888888889,14.22222222222222,8.88888888888889,5.333333333333333,0.8888888888888888,17.77777777777778,3,1,8,9,1
2006,136,1462,75,1211,79,0,21.0,51.0,10.0,28.0,23.0,33.0,10.0,21.0,14.0,8.0,4.0,1.0,20.0,26.0,50.0,6.0,12.0,21.0,27.0,8.0,25.0,11.0,10.0,4.0,4.0,25.0,4,1,3,14,11
2006,136,1102,69,1228,78,0,21.0,41.0,13.0,27.0,14.0,18.0,1.0,14.0,15.0,11.0,7.0,1.0,13.0,29.0,50.0,8.0,22.0,12.0,14.0,7.0,21.0,17.0,11.0,6.0,1.0,17.0,9,1,4,13,9
2006,136,1361,83,1231,87,0,31.0,55.0,10.0,18.0,11.0,15.0,10.0,26.0,15.0,16.0,7.0,2.0,19.0,35.0,71.0,8.0,26.0,9.0,16.0,15.0,16.0,14.0,9.0,11.0,0.0,16.0,4,1,6,11,5
2006,136,1233,64,1261,80,0,23.0,61.0,3.0,18.0,15.0,25.0,13.0,16.0,6.0,15.0,10.0,3.0,19.0,27.0,51.0,5.0,10.0,21.0,27.0,9.0,30.0,16.0,18.0,8.0,11.0,17.0,16,1,4,13,9
2006,136,1305,79,1285,87,0,33.0,70.0,5.0,18.0,8.0,10.0,17.0,19.0,15.0,9.0,5.0,7.0,23.0,29.0,56.0,6.0,12.0,23.0,27.0,10.0,22.0,18.0,8.0,2.0,2.0,12.0,8,1,12,5,-7
2006,136,1457,61,1397,63,0,22.0,56.0,7.0,24.0,10.0,17.0,15.0,20.0,14.0,15.0,7.0,3.0,15.0,24.0,53.0,5.0,21.0,10.0,14.0,11.0,22.0,12.0,13.0,6.0,6.0,15.0,2,1,2,15,13
2006,136,1393,58,1401,66,0,20.0,51.0,4.0,19.0,14.0,21.0,11.0,24.0,12.0,12.0,6.0,2.0,16.0,20.0,56.0,7.0,20.0,19.0,22.0,14.0,24.0,14.0,10.0,8.0,5.0,19.0,8,1,12,5,-7
2006,136,1125,44,1417,78,0,17.0,59.0,4.0,19.0,6.0,13.0,9.0,18.0,9.0,14.0,8.0,3.0,16.0,30.0,56.0,4.0,13.0,14.0,17.0,9.0,36.0,20.0,14.0,11.0,4.0,14.0,34,1,2,15,13
2006,136,1429,61,1449,75,0,25.0,51.0,3.0,13.0,8.0,10.0,9.0,26.0,14.0,22.0,3.0,2.0,14.0,28.0,59.0,12.0,27.0,7.0,8.0,5.0,17.0,16.0,7.0,11.0,1.0,14.0,14,1,5,12,7
2006,136,1328,74,1454,82,0,32.0,61.0,5.0,14.0,5.0,8.0,10.0,25.0,18.0,18.0,8.0,4.0,25.0,25.0,55.0,6.0,20.0,26.0,32.0,10.0,22.0,13.0,12.0,8.0,1.0,15.0,8,1,11,6,-5
2006,136,1371,66,1455,86,0,21.0,61.0,6.0,20.0,18.0,19.0,11.0,25.0,10.0,13.0,10.0,6.0,24.0,27.0,57.0,10.0,22.0,22.0,32.0,14.0,30.0,19.0,15.0,6.0,3.0,20.0,20,1,7,10,3
2006,137,1458,75,1112,94,0,25.0,58.0,10.0,20.0,15.0,22.0,12.0,15.0,19.0,10.0,4.0,3.0,17.0,35.0,59.0,5.0,10.0,19.0,23.0,11.0,25.0,19.0,9.0,9.0,6.0,19.0,19,1,8,9,1
2006,137,1242,73,1133,77,0,26.0,58.0,7.0,18.0,14.0,19.0,11.0,25.0,11.0,18.0,12.0,1.0,25.0,23.0,52.0,11.0,21.0,20.0,32.0,11.0,24.0,17.0,16.0,6.0,1.0,17.0,4,1,13,4,-9
2006,137,1116,55,1137,59,0,19.0,47.0,2.0,12.0,15.0,24.0,12.0,20.0,13.0,13.0,4.0,4.0,15.0,17.0,44.0,11.0,21.0,14.0,18.0,8.0,21.0,10.0,14.0,10.0,2.0,17.0,4,1,9,8,-1
2006,137,1107,59,1163,72,0,24.0,52.0,4.0,15.0,7.0,8.0,8.0,14.0,12.0,12.0,11.0,1.0,14.0,27.0,46.0,8.0,16.0,10.0,13.0,7.0,21.0,17.0,16.0,6.0,5.0,9.0,13,1,1,16,15
2006,137,1277,65,1206,75,0,26.0,60.0,10.0,26.0,3.0,5.0,6.0,18.0,17.0,10.0,2.0,2.0,23.0,29.0,49.0,5.0,12.0,12.0,26.0,10.0,30.0,7.0,14.0,4.0,6.0,10.0,10,1,11,6,-5
2006,137,1320,49,1207,54,0,17.0,48.0,7.0,26.0,8.0,12.0,9.0,22.0,10.0,8.0,4.0,3.0,15.0,20.0,46.0,5.0,19.0,9.0,14.0,8.0,24.0,15.0,9.0,4.0,4.0,12.0,5,1,7,10,3
2006,137,1412,64,1246,69,0,25.0,58.0,5.0,24.0,9.0,17.0,13.0,25.0,17.0,10.0,5.0,7.0,20.0,19.0,61.0,5.0,25.0,26.0,30.0,20.0,27.0,12.0,8.0,2.0,3.0,16.0,5,1,8,9,1
2006,137,1331,78,1272,94,0,28.0,53.0,7.0,15.0,15.0,20.0,7.0,17.0,14.0,13.0,4.0,4.0,17.0,37.0,61.0,11.0,22.0,9.0,16.0,12.0,21.0,16.0,13.0,10.0,2.0,21.0,16,1,1,16,15
2006,137,1143,52,1301,58,0,20.0,47.0,5.0,16.0,7.0,10.0,9.0,17.0,9.0,13.0,7.0,1.0,18.0,21.0,42.0,5.0,16.0,11.0,17.0,7.0,18.0,10.0,11.0,5.0,1.0,15.0,6,1,10,7,-3
2006,137,1293,65,1314,69,0,25.0,65.0,7.0,27.0,8.0,12.0,17.0,16.0,5.0,13.0,9.0,2.0,19.0,22.0,48.0,5.0,18.0,20.0,25.0,12.0,25.0,15.0,17.0,10.0,3.0,12.0,4,1,3,14,11
2006,137,1234,63,1322,64,0,18.0,41.0,6.0,18.0,21.0,26.0,9.0,27.0,10.0,19.0,4.0,5.0,17.0,23.0,60.0,9.0,23.0,9.0,14.0,14.0,17.0,17.0,11.0,9.0,4.0,21.0,1,1,14,3,-11
2006,137,1172,62,1326,70,0,26.0,68.0,5.0,22.0,5.0,7.0,14.0,30.0,13.0,9.0,1.0,3.0,20.0,26.0,65.0,5.0,22.0,13.0,23.0,15.0,28.0,10.0,4.0,2.0,4.0,13.0,8,1,2,15,13
2006,137,1245,64,1338,79,0,23.0,59.0,9.0,22.0,9.0,13.0,14.0,15.0,12.0,10.0,6.0,1.0,19.0,31.0,46.0,6.0,14.0,11.0,15.0,4.0,24.0,18.0,12.0,4.0,7.0,13.0,15,1,5,12,7
2006,137,1335,52,1400,60,0,17.0,53.0,10.0,27.0,8.0,13.0,11.0,10.0,10.0,8.0,4.0,1.0,20.0,18.0,45.0,2.0,10.0,22.0,26.0,14.0,28.0,7.0,11.0,4.0,6.0,14.0,8,1,2,15,13
2006,137,1284,45,1437,58,0,14.0,41.0,4.0,17.0,13.0,17.0,6.0,25.0,12.0,18.0,7.0,3.0,17.0,16.0,52.0,7.0,25.0,19.0,23.0,15.0,25.0,7.0,13.0,13.0,1.0,17.0,13,1,1,16,15
2006,137,1356,46,1452,64,0,20.0,47.0,4.0,13.0,2.0,4.0,6.0,20.0,12.0,15.0,7.0,2.0,14.0,22.0,50.0,11.0,32.0,9.0,11.0,9.0,22.0,15.0,11.0,8.0,3.0,10.0,18,1,6,11,5
2006,138,1285,56,1130,69,0,20.0,55.0,7.0,20.0,9.0,11.0,6.0,23.0,19.0,7.0,3.0,3.0,13.0,27.0,63.0,8.0,17.0,7.0,9.0,15.0,29.0,16.0,8.0,2.0,9.0,11.0,13,1,4,12,8
2006,138,1203,61,1181,74,0,21.0,68.0,5.0,18.0,14.0,19.0,19.0,20.0,10.0,14.0,8.0,3.0,29.0,21.0,44.0,6.0,16.0,26.0,37.0,9.0,30.0,12.0,18.0,4.0,10.0,15.0,13,1,1,8,7
2006,138,1454,60,1196,82,0,22.0,61.0,7.0,20.0,9.0,17.0,14.0,19.0,10.0,11.0,6.0,3.0,18.0,30.0,56.0,8.0,20.0,14.0,19.0,10.0,31.0,17.0,10.0,6.0,7.0,19.0,22,1,3,11,8
2006,138,1231,80,1211,90,0,31.0,69.0,16.0,36.0,2.0,6.0,14.0,24.0,18.0,13.0,2.0,3.0,29.0,28.0,61.0,2.0,11.0,32.0,41.0,14.0,27.0,13.0,7.0,9.0,2.0,14.0,10,1,3,6,3
2006,138,1401,57,1261,58,0,22.0,53.0,6.0,13.0,7.0,12.0,10.0,26.0,9.0,17.0,7.0,3.0,22.0,19.0,54.0,2.0,12.0,18.0,23.0,12.0,23.0,5.0,13.0,4.0,6.0,12.0,1,1,4,12,8
2006,138,1104,59,1417,62,0,19.0,39.0,2.0,11.0,19.0,25.0,10.0,20.0,10.0,15.0,7.0,3.0,15.0,24.0,47.0,9.0,25.0,5.0,13.0,7.0,14.0,17.0,11.0,5.0,4.0,20.0,3,1,2,10,8
2006,138,1228,64,1449,67,0,25.0,63.0,5.0,18.0,9.0,11.0,10.0,25.0,15.0,12.0,4.0,0.0,28.0,17.0,45.0,5.0,15.0,28.0,39.0,8.0,27.0,8.0,11.0,5.0,5.0,17.0,3,1,5,4,-1
2006,138,1397,73,1455,80,0,27.0,67.0,10.0,29.0,9.0,13.0,18.0,20.0,15.0,10.0,9.0,7.0,20.0,24.0,48.0,9.0,15.0,23.0,29.0,9.0,25.0,16.0,13.0,3.0,2.0,12.0,7,1,7,2,-5
2006,139,1338,66,1133,72,0,25.0,61.0,6.0,20.0,10.0,11.0,12.0,26.0,11.0,14.0,2.0,2.0,23.0,22.0,59.0,2.0,6.0,26.0,32.0,16.0,24.0,14.0,8.0,8.0,2.0,16.0,6,1,13,5,-8
2006,139,1246,83,1163,87,0,29.0,62.0,8.0,24.0,17.0,18.0,11.0,23.0,15.0,14.0,7.0,1.0,21.0,31.0,62.0,4.0,13.0,21.0,30.0,13.0,22.0,16.0,12.0,7.0,1.0,16.0,4,1,1,8,7
2006,139,1314,60,1206,65,0,23.0,64.0,10.0,30.0,4.0,4.0,13.0,27.0,16.0,13.0,3.0,10.0,15.0,23.0,58.0,4.0,16.0,15.0,19.0,11.0,27.0,14.0,8.0,7.0,2.0,8.0,5,1,11,3,-8
2006,139,1326,52,1207,70,0,19.0,47.0,5.0,16.0,9.0,9.0,3.0,21.0,10.0,11.0,4.0,4.0,14.0,27.0,58.0,6.0,14.0,10.0,12.0,12.0,25.0,18.0,8.0,6.0,5.0,10.0,18,1,7,2,-5
2006,139,1137,56,1272,72,0,15.0,41.0,2.0,12.0,24.0,29.0,11.0,22.0,8.0,19.0,4.0,0.0,20.0,23.0,48.0,7.0,16.0,19.0,26.0,7.0,18.0,15.0,9.0,10.0,2.0,20.0,16,1,1,9,8
2006,139,1301,54,1400,75,0,22.0,56.0,3.0,22.0,7.0,12.0,6.0,22.0,10.0,13.0,7.0,3.0,17.0,26.0,56.0,8.0,19.0,15.0,19.0,9.0,29.0,17.0,10.0,8.0,3.0,14.0,21,1,2,10,8
2006,139,1112,78,1437,82,0,28.0,65.0,5.0,17.0,17.0,20.0,20.0,14.0,15.0,10.0,7.0,2.0,19.0,28.0,52.0,9.0,19.0,17.0,20.0,12.0,19.0,13.0,13.0,6.0,4.0,19.0,4,1,1,8,7
2006,139,1322,54,1452,67,0,21.0,55.0,6.0,20.0,6.0,11.0,17.0,24.0,13.0,24.0,7.0,3.0,24.0,18.0,46.0,7.0,22.0,24.0,33.0,8.0,20.0,11.0,14.0,13.0,2.0,15.0,13,1,6,14,8
2006,143,1181,54,1261,62,0,18.0,65.0,5.0,26.0,13.0,16.0,17.0,27.0,12.0,16.0,9.0,5.0,18.0,24.0,61.0,2.0,7.0,12.0,23.0,16.0,29.0,14.0,15.0,7.0,9.0,16.0,8,1,4,1,-3
2006,143,1133,64,1272,80,0,20.0,60.0,5.0,16.0,19.0,27.0,14.0,21.0,6.0,17.0,4.0,3.0,18.0,31.0,60.0,6.0,15.0,12.0,18.0,11.0,30.0,11.0,13.0,10.0,7.0,18.0,16,1,1,13,12
2006,143,1452,71,1400,74,0,25.0,55.0,15.0,33.0,6.0,8.0,3.0,13.0,19.0,8.0,3.0,1.0,14.0,28.0,58.0,4.0,19.0,14.0,20.0,17.0,28.0,19.0,13.0,8.0,1.0,12.0,3,1,2,6,4
2006,143,1211,71,1417,73,0,24.0,51.0,3.0,10.0,20.0,26.0,11.0,26.0,14.0,17.0,3.0,4.0,22.0,23.0,57.0,6.0,21.0,21.0,30.0,12.0,20.0,12.0,10.0,5.0,4.0,22.0,2,1,2,3,1
2006,144,1449,92,1163,98,1,30.22222222222222,71.11111111111111,5.333333333333333,17.77777777777778,16.0,20.444444444444443,15.11111111111111,18.666666666666668,8.0,15.11111111111111,16.88888888888889,2.6666666666666665,29.33333333333333,24.0,45.333333333333336,8.88888888888889,16.88888888888889,30.22222222222222,41.77777777777778,8.88888888888889,28.444444444444443,13.333333333333334,23.11111111111111,6.222222222222222,4.444444444444445,17.77777777777778,6,1,1,5,4
2006,144,1207,53,1196,57,0,21.0,54.0,5.0,21.0,6.0,8.0,13.0,19.0,15.0,12.0,8.0,4.0,16.0,19.0,45.0,5.0,13.0,14.0,17.0,9.0,22.0,7.0,12.0,4.0,8.0,14.0,4,1,3,7,4
2006,144,1455,55,1206,63,0,20.0,64.0,3.0,24.0,12.0,17.0,17.0,26.0,8.0,9.0,4.0,1.0,21.0,20.0,44.0,8.0,16.0,15.0,23.0,2.0,30.0,12.0,9.0,5.0,5.0,16.0,8,1,11,7,-4
2006,144,1130,59,1437,60,1,20.444444444444443,43.55555555555556,4.444444444444445,16.88888888888889,7.111111111111111,15.11111111111111,9.77777777777778,24.88888888888889,16.0,18.666666666666668,4.444444444444445,5.333333333333333,18.666666666666668,18.666666666666668,53.333333333333336,3.555555555555556,16.88888888888889,12.444444444444445,17.77777777777778,13.333333333333334,18.666666666666668,8.0,9.77777777777778,9.77777777777778,1.7777777777777777,18.666666666666668,1,1,1,4,3
2006,145,1400,60,1261,70,1,18.666666666666668,61.333333333333336,8.88888888888889,25.77777777777778,7.111111111111111,9.77777777777778,12.444444444444445,27.55555555555556,12.444444444444445,10.666666666666666,6.222222222222222,6.222222222222222,14.22222222222222,24.88888888888889,58.66666666666666,2.6666666666666665,16.0,9.77777777777778,14.22222222222222,8.0,29.33333333333333,16.0,8.88888888888889,7.111111111111111,6.222222222222222,11.555555555555555,10,1,4,2,-2
2006,145,1272,45,1417,50,0,17.0,54.0,2.0,17.0,9.0,15.0,16.0,25.0,5.0,18.0,8.0,1.0,29.0,14.0,40.0,2.0,8.0,20.0,39.0,13.0,23.0,7.0,17.0,4.0,2.0,14.0,5,1,2,1,-1
2006,146,1437,62,1196,75,0,18.0,73.0,4.0,23.0,22.0,27.0,26.0,14.0,8.0,6.0,6.0,6.0,24.0,22.0,54.0,4.0,17.0,27.0,31.0,19.0,34.0,14.0,16.0,2.0,8.0,22.0,13,1,3,1,-2
2006,146,1163,84,1206,86,1,27.55555555555556,58.66666666666666,6.222222222222222,19.55555555555556,13.333333333333334,16.88888888888889,12.444444444444445,17.77777777777778,13.333333333333334,8.0,5.333333333333333,6.222222222222222,17.77777777777778,26.666666666666668,53.333333333333336,8.0,16.0,15.11111111111111,22.22222222222222,13.333333333333334,19.55555555555556,11.555555555555555,9.77777777777778,5.333333333333333,1.7777777777777777,15.11111111111111,2,1,11,1,-10
2006,152,1206,58,1196,73,0,23.0,56.0,2.0,11.0,10.0,14.0,11.0,16.0,6.0,11.0,8.0,2.0,15.0,23.0,53.0,12.0,25.0,15.0,19.0,16.0,24.0,8.0,15.0,5.0,4.0,12.0,15,1,3,11,8
2006,152,1261,45,1417,59,0,16.0,50.0,0.0,6.0,13.0,28.0,14.0,19.0,4.0,15.0,9.0,7.0,18.0,21.0,51.0,5.0,18.0,12.0,17.0,15.0,27.0,10.0,17.0,10.0,5.0,24.0,14,1,2,4,2
2006,154,1417,57,1196,73,0,22.0,61.0,3.0,17.0,10.0,14.0,14.0,26.0,11.0,12.0,3.0,1.0,22.0,26.0,58.0,6.0,19.0,15.0,20.0,9.0,26.0,21.0,6.0,7.0,10.0,13.0,16,1,3,2,-1
2007,134,1197,69,1310,77,0,29.0,64.0,4.0,17.0,7.0,18.0,15.0,27.0,13.0,13.0,6.0,3.0,26.0,24.0,62.0,8.0,27.0,21.0,28.0,17.0,25.0,10.0,11.0,5.0,2.0,17.0,8,1,16,16,0
2007,136,1403,75,1130,84,0,30.0,65.0,7.0,17.0,8.0,9.0,11.0,16.0,11.0,6.0,4.0,0.0,15.0,30.0,57.0,8.0,20.0,16.0,20.0,11.0,24.0,16.0,8.0,3.0,9.0,10.0,9,1,7,10,3
2007,136,1330,46,1139,57,0,18.0,55.0,4.0,20.0,6.0,7.0,12.0,22.0,4.0,11.0,8.0,4.0,21.0,19.0,46.0,9.0,24.0,10.0,16.0,9.0,26.0,11.0,11.0,6.0,3.0,15.0,11,1,5,12,7
2007,136,1125,55,1207,80,0,20.0,56.0,6.0,26.0,9.0,17.0,15.0,15.0,10.0,12.0,6.0,1.0,16.0,29.0,53.0,7.0,16.0,15.0,20.0,12.0,27.0,17.0,12.0,9.0,4.0,16.0,25,1,2,15,13
2007,136,1211,57,1231,70,0,19.0,56.0,7.0,19.0,12.0,16.0,6.0,24.0,14.0,10.0,6.0,5.0,17.0,23.0,58.0,9.0,25.0,15.0,16.0,12.0,33.0,15.0,13.0,3.0,2.0,14.0,13,1,7,10,3
2007,136,1390,58,1257,78,0,21.0,51.0,3.0,12.0,13.0,27.0,17.0,20.0,10.0,21.0,2.0,1.0,22.0,25.0,51.0,7.0,17.0,21.0,28.0,8.0,18.0,12.0,13.0,11.0,1.0,25.0,20,1,6,11,5
2007,136,1172,70,1268,82,0,24.0,70.0,10.0,37.0,12.0,14.0,13.0,22.0,17.0,17.0,13.0,2.0,17.0,31.0,68.0,6.0,17.0,14.0,19.0,19.0,35.0,19.0,22.0,8.0,4.0,15.0,12,1,4,13,9
2007,136,1266,49,1277,61,0,15.0,47.0,10.0,29.0,9.0,15.0,12.0,17.0,7.0,15.0,6.0,4.0,19.0,22.0,41.0,4.0,10.0,13.0,15.0,4.0,24.0,17.0,15.0,6.0,3.0,18.0,12,1,9,8,-1
2007,136,1184,65,1314,86,0,28.0,59.0,6.0,22.0,3.0,6.0,6.0,10.0,14.0,16.0,12.0,1.0,13.0,37.0,57.0,6.0,13.0,6.0,11.0,11.0,27.0,24.0,22.0,7.0,6.0,8.0,21,1,1,16,15
2007,136,1148,57,1326,78,0,19.0,53.0,10.0,26.0,9.0,10.0,6.0,21.0,8.0,12.0,4.0,3.0,12.0,28.0,54.0,11.0,20.0,11.0,18.0,9.0,26.0,14.0,10.0,5.0,2.0,5.0,21,1,1,16,15
2007,136,1460,58,1338,79,0,23.0,69.0,5.0,20.0,7.0,12.0,13.0,17.0,12.0,8.0,9.0,1.0,15.0,30.0,55.0,10.0,21.0,9.0,14.0,8.0,36.0,21.0,17.0,3.0,7.0,12.0,21,1,3,14,11
2007,136,1335,52,1401,68,0,21.0,58.0,4.0,20.0,6.0,8.0,8.0,19.0,8.0,10.0,2.0,1.0,19.0,24.0,51.0,5.0,13.0,15.0,27.0,11.0,29.0,10.0,8.0,4.0,5.0,13.0,16,1,3,14,11
2007,136,1451,42,1417,70,0,13.0,38.0,1.0,6.0,15.0,22.0,6.0,19.0,8.0,17.0,5.0,3.0,13.0,27.0,58.0,10.0,19.0,6.0,9.0,13.0,22.0,18.0,13.0,6.0,5.0,18.0,28,1,2,15,13
2007,136,1181,77,1433,79,0,27.0,58.0,3.0,11.0,20.0,32.0,18.0,24.0,11.0,17.0,5.0,6.0,19.0,26.0,61.0,9.0,16.0,18.0,24.0,14.0,17.0,14.0,11.0,13.0,1.0,26.0,2,1,11,6,-5
2007,136,1203,44,1435,77,0,13.0,48.0,3.0,14.0,15.0,25.0,14.0,22.0,6.0,20.0,3.0,5.0,16.0,26.0,61.0,12.0,31.0,13.0,16.0,15.0,26.0,22.0,11.0,6.0,3.0,22.0,33,1,6,11,5
2007,136,1331,54,1450,70,0,19.0,53.0,6.0,21.0,10.0,16.0,14.0,20.0,11.0,12.0,3.0,4.0,13.0,27.0,57.0,5.0,13.0,11.0,12.0,11.0,25.0,12.0,6.0,3.0,8.0,16.0,16,1,3,14,11
2007,136,1140,77,1462,79,0,29.0,67.0,9.0,19.0,10.0,13.0,15.0,21.0,10.0,10.0,2.0,2.0,23.0,24.0,56.0,8.0,17.0,23.0,29.0,13.0,24.0,12.0,10.0,3.0,4.0,19.0,2,1,9,8,-1
2007,137,1238,69,1196,112,0,25.0,69.0,6.0,22.0,13.0,14.0,7.0,12.0,10.0,8.0,8.0,1.0,20.0,43.0,73.0,10.0,28.0,16.0,27.0,24.0,38.0,27.0,12.0,5.0,6.0,13.0,43,1,1,16,15
2007,137,1310,67,1242,107,0,21.0,66.0,2.0,19.0,23.0,34.0,16.0,27.0,9.0,21.0,12.0,1.0,17.0,40.0,74.0,13.0,22.0,14.0,26.0,13.0,37.0,29.0,12.0,14.0,7.0,26.0,40,1,1,16,15
2007,137,1437,58,1246,67,0,18.0,55.0,7.0,21.0,15.0,20.0,10.0,20.0,8.0,8.0,5.0,2.0,22.0,20.0,44.0,5.0,19.0,22.0,31.0,10.0,27.0,12.0,11.0,5.0,5.0,18.0,9,1,8,9,1
2007,137,1317,58,1272,73,0,19.0,53.0,4.0,10.0,16.0,22.0,11.0,23.0,12.0,19.0,6.0,5.0,25.0,25.0,62.0,4.0,16.0,19.0,27.0,20.0,25.0,12.0,16.0,6.0,8.0,19.0,15,1,2,15,13
2007,137,1166,71,1305,77,1,26.666666666666668,63.11111111111112,2.6666666666666665,16.88888888888889,7.111111111111111,10.666666666666666,9.77777777777778,17.77777777777778,10.666666666666666,5.333333333333333,8.88888888888889,0.8888888888888888,15.11111111111111,24.88888888888889,55.11111111111112,6.222222222222222,17.77777777777778,12.444444444444445,15.11111111111111,13.333333333333334,29.33333333333333,14.22222222222222,16.88888888888889,1.7777777777777777,8.0,14.22222222222222,6,1,7,10,3
2007,137,1275,56,1332,58,0,21.0,44.0,7.0,20.0,7.0,10.0,3.0,21.0,10.0,7.0,1.0,4.0,15.0,19.0,44.0,5.0,16.0,15.0,17.0,4.0,20.0,10.0,5.0,3.0,1.0,12.0,2,1,3,14,11
2007,137,1112,63,1345,72,0,21.0,51.0,4.0,15.0,17.0,18.0,9.0,23.0,16.0,17.0,6.0,6.0,23.0,24.0,63.0,5.0,17.0,19.0,29.0,19.0,20.0,10.0,8.0,12.0,1.0,18.0,9,1,9,8,-1
2007,137,1221,51,1356,61,0,14.0,42.0,1.0,11.0,22.0,31.0,11.0,19.0,10.0,20.0,9.0,0.0,23.0,18.0,41.0,2.0,12.0,23.0,30.0,9.0,19.0,11.0,18.0,9.0,3.0,21.0,10,1,4,13,9
2007,137,1253,86,1397,121,0,32.0,65.0,12.0,21.0,10.0,14.0,9.0,19.0,11.0,13.0,2.0,3.0,23.0,43.0,73.0,14.0,27.0,21.0,30.0,16.0,27.0,25.0,6.0,11.0,4.0,20.0,35,1,5,12,7
2007,137,1308,67,1400,79,0,25.0,62.0,7.0,25.0,10.0,12.0,16.0,18.0,14.0,17.0,5.0,0.0,22.0,25.0,51.0,4.0,16.0,25.0,26.0,9.0,21.0,11.0,15.0,8.0,4.0,14.0,12,1,4,13,9
2007,137,1210,63,1424,67,0,25.0,61.0,3.0,11.0,10.0,17.0,21.0,20.0,11.0,11.0,6.0,4.0,23.0,19.0,60.0,8.0,30.0,21.0,27.0,24.0,20.0,15.0,9.0,5.0,5.0,20.0,4,1,7,10,3
2007,137,1116,60,1425,77,0,21.0,57.0,3.0,20.0,15.0,20.0,10.0,16.0,5.0,11.0,5.0,3.0,20.0,25.0,50.0,4.0,13.0,23.0,25.0,9.0,30.0,10.0,12.0,8.0,5.0,18.0,17,1,5,12,7
2007,137,1107,57,1438,84,0,22.0,58.0,8.0,26.0,5.0,7.0,12.0,13.0,16.0,9.0,2.0,4.0,19.0,30.0,56.0,9.0,17.0,15.0,18.0,15.0,26.0,16.0,8.0,3.0,5.0,14.0,27,1,4,13,9
2007,137,1228,52,1439,54,0,19.0,45.0,6.0,17.0,8.0,15.0,9.0,28.0,12.0,21.0,3.0,1.0,22.0,15.0,42.0,6.0,14.0,18.0,28.0,4.0,18.0,11.0,9.0,11.0,4.0,12.0,2,1,5,12,7
2007,137,1323,64,1457,74,0,28.0,67.0,4.0,22.0,4.0,13.0,12.0,29.0,10.0,13.0,10.0,2.0,22.0,28.0,62.0,8.0,21.0,10.0,19.0,10.0,33.0,20.0,13.0,5.0,6.0,16.0,10,1,11,6,-5
2007,137,1394,63,1458,76,0,20.0,46.0,6.0,12.0,17.0,25.0,7.0,27.0,16.0,17.0,5.0,5.0,26.0,22.0,55.0,7.0,20.0,25.0,30.0,11.0,23.0,13.0,10.0,8.0,4.0,21.0,13,1,2,15,13
2007,138,1268,59,1139,62,0,23.0,49.0,6.0,11.0,7.0,15.0,14.0,23.0,13.0,17.0,4.0,8.0,13.0,23.0,52.0,12.0,26.0,4.0,6.0,8.0,15.0,14.0,12.0,10.0,0.0,15.0,3,1,5,4,-1
2007,138,1130,55,1207,62,0,21.0,55.0,6.0,21.0,7.0,11.0,16.0,17.0,9.0,9.0,6.0,3.0,17.0,22.0,52.0,4.0,16.0,14.0,19.0,17.0,21.0,12.0,10.0,6.0,7.0,14.0,7,1,2,7,5
2007,138,1277,67,1314,81,0,22.0,59.0,8.0,20.0,15.0,17.0,11.0,18.0,15.0,10.0,5.0,0.0,27.0,25.0,52.0,6.0,16.0,25.0,34.0,14.0,26.0,12.0,10.0,6.0,3.0,17.0,14,1,1,9,8
2007,138,1462,71,1326,78,1,23.11111111111111,54.22222222222222,7.111111111111111,20.444444444444443,9.77777777777778,14.22222222222222,4.444444444444445,20.444444444444443,11.555555555555555,8.0,3.555555555555556,1.7777777777777777,18.666666666666668,23.11111111111111,56.0,8.0,18.666666666666668,15.11111111111111,17.77777777777778,10.666666666666666,29.33333333333333,8.88888888888889,12.444444444444445,4.444444444444445,5.333333333333333,16.88888888888889,7,1,1,9,8
2007,138,1433,79,1338,84,1,25.77777777777778,63.11111111111112,6.222222222222222,20.444444444444443,12.444444444444445,15.11111111111111,13.333333333333334,16.88888888888889,11.555555555555555,6.222222222222222,8.0,2.6666666666666665,19.55555555555556,27.55555555555556,50.66666666666666,5.333333333333333,10.666666666666666,14.22222222222222,24.0,12.444444444444445,24.88888888888889,17.77777777777778,14.22222222222222,4.444444444444445,5.333333333333333,15.11111111111111,5,1,3,11,8
2007,138,1257,69,1401,72,0,20.0,45.0,5.0,18.0,24.0,31.0,8.0,22.0,5.0,14.0,3.0,7.0,28.0,19.0,41.0,5.0,8.0,29.0,39.0,6.0,19.0,9.0,11.0,6.0,1.0,23.0,3,1,3,6,3
2007,138,1231,49,1417,54,0,17.0,52.0,5.0,16.0,10.0,21.0,13.0,25.0,8.0,12.0,4.0,4.0,19.0,17.0,47.0,2.0,9.0,18.0,24.0,9.0,29.0,10.0,10.0,6.0,2.0,19.0,5,1,2,7,5
2007,138,1450,74,1435,78,2,21.6,48.0,5.6,15.2,10.4,13.6,7.2,21.6,12.8,15.2,8.0,3.2,12.8,21.6,50.4,8.0,21.6,11.2,14.4,8.8,22.4,10.4,13.6,9.6,1.6,13.6,4,1,6,3,-3
2007,139,1345,67,1196,74,0,28.0,59.0,5.0,17.0,6.0,13.0,11.0,17.0,15.0,12.0,12.0,1.0,23.0,21.0,42.0,5.0,18.0,27.0,31.0,7.0,24.0,11.0,15.0,7.0,4.0,14.0,7,1,1,9,8
2007,139,1246,76,1242,88,0,24.0,58.0,10.0,26.0,18.0,23.0,15.0,17.0,17.0,12.0,5.0,2.0,22.0,30.0,53.0,10.0,16.0,18.0,23.0,9.0,21.0,19.0,11.0,7.0,5.0,21.0,12,1,1,8,7
2007,139,1305,62,1272,78,0,21.0,57.0,5.0,21.0,15.0,17.0,10.0,20.0,16.0,14.0,5.0,5.0,22.0,23.0,59.0,6.0,17.0,26.0,34.0,16.0,24.0,10.0,10.0,7.0,5.0,16.0,16,1,2,7,5
2007,139,1457,61,1332,75,0,24.0,61.0,8.0,31.0,5.0,8.0,18.0,20.0,13.0,15.0,4.0,3.0,14.0,27.0,56.0,11.0,23.0,10.0,12.0,10.0,21.0,8.0,10.0,4.0,0.0,13.0,14,1,3,11,8
2007,139,1439,48,1356,63,0,19.0,46.0,2.0,13.0,8.0,16.0,5.0,24.0,3.0,11.0,3.0,2.0,21.0,19.0,43.0,12.0,21.0,13.0,23.0,6.0,24.0,11.0,9.0,5.0,3.0,19.0,15,1,4,5,1
2007,139,1438,74,1397,77,0,18.0,48.0,7.0,26.0,31.0,36.0,6.0,23.0,5.0,12.0,5.0,5.0,26.0,22.0,54.0,11.0,26.0,22.0,32.0,12.0,27.0,12.0,16.0,7.0,0.0,25.0,3,1,5,4,-1
2007,139,1458,68,1424,74,0,21.0,51.0,5.0,21.0,21.0,27.0,7.0,24.0,14.0,8.0,6.0,1.0,21.0,24.0,52.0,10.0,20.0,16.0,20.0,6.0,27.0,12.0,9.0,3.0,2.0,22.0,6,1,7,2,-5
2007,139,1400,68,1425,87,0,24.0,64.0,7.0,28.0,13.0,16.0,11.0,24.0,10.0,14.0,3.0,3.0,27.0,27.0,59.0,6.0,16.0,27.0,38.0,13.0,30.0,13.0,10.0,6.0,2.0,16.0,19,1,5,4,-1
2007,143,1356,58,1242,61,0,21.0,57.0,6.0,25.0,10.0,14.0,17.0,14.0,9.0,15.0,6.0,2.0,21.0,25.0,42.0,1.0,6.0,10.0,19.0,6.0,20.0,16.0,19.0,9.0,1.0,16.0,3,1,1,4,3
2007,143,1401,64,1272,65,0,28.0,59.0,3.0,10.0,5.0,10.0,12.0,24.0,14.0,8.0,4.0,0.0,20.0,23.0,54.0,5.0,17.0,14.0,21.0,11.0,20.0,8.0,8.0,2.0,6.0,15.0,1,1,2,3,1
2007,143,1397,84,1326,85,0,30.0,62.0,16.0,31.0,8.0,17.0,10.0,24.0,14.0,7.0,4.0,1.0,24.0,27.0,51.0,8.0,22.0,23.0,35.0,8.0,25.0,13.0,8.0,3.0,5.0,17.0,1,1,1,5,4
2007,143,1338,55,1417,64,0,20.0,55.0,7.0,16.0,8.0,14.0,8.0,19.0,13.0,10.0,5.0,2.0,23.0,18.0,42.0,5.0,13.0,23.0,26.0,6.0,27.0,10.0,14.0,1.0,2.0,18.0,9,1,2,3,1
2007,144,1139,57,1196,65,0,20.0,50.0,7.0,19.0,10.0,13.0,11.0,14.0,8.0,9.0,7.0,0.0,25.0,17.0,34.0,8.0,19.0,23.0,28.0,6.0,21.0,9.0,13.0,1.0,6.0,16.0,8,1,1,5,4
2007,144,1435,65,1207,66,0,21.0,51.0,9.0,27.0,14.0,20.0,8.0,18.0,17.0,5.0,5.0,4.0,16.0,25.0,56.0,8.0,19.0,8.0,14.0,16.0,24.0,14.0,11.0,3.0,3.0,18.0,1,1,2,6,4
2007,144,1425,64,1314,74,0,26.0,61.0,5.0,18.0,7.0,9.0,10.0,29.0,13.0,18.0,5.0,7.0,19.0,30.0,77.0,2.0,14.0,12.0,17.0,20.0,26.0,11.0,9.0,6.0,4.0,14.0,10,1,1,5,4
2007,144,1424,72,1332,76,0,28.0,74.0,9.0,33.0,7.0,12.0,19.0,19.0,13.0,8.0,8.0,3.0,21.0,23.0,48.0,13.0,23.0,17.0,22.0,7.0,30.0,11.0,17.0,4.0,3.0,20.0,4,1,3,7,4
2007,145,1272,76,1326,92,0,26.0,65.0,10.0,22.0,14.0,20.0,15.0,20.0,10.0,11.0,5.0,3.0,29.0,26.0,51.0,5.0,17.0,35.0,41.0,9.0,25.0,9.0,8.0,8.0,2.0,15.0,16,1,1,2,1
2007,145,1242,55,1417,68,0,23.0,56.0,4.0,8.0,5.0,11.0,14.0,14.0,17.0,21.0,17.0,6.0,19.0,24.0,45.0,8.0,17.0,12.0,18.0,10.0,21.0,12.0,25.0,15.0,3.0,14.0,13,1,2,1,-1
2007,146,1332,77,1196,85,0,27.0,58.0,8.0,22.0,15.0,16.0,8.0,16.0,13.0,13.0,8.0,2.0,30.0,23.0,48.0,11.0,24.0,28.0,43.0,15.0,24.0,10.0,18.0,5.0,5.0,14.0,8,1,1,3,2
2007,146,1314,84,1207,96,1,22.22222222222222,63.11111111111112,4.444444444444445,17.77777777777778,25.77777777777778,30.22222222222222,18.666666666666668,19.55555555555556,13.333333333333334,8.0,4.444444444444445,3.555555555555556,16.88888888888889,33.77777777777778,58.66666666666666,7.111111111111111,12.444444444444445,10.666666666666666,16.0,9.77777777777778,24.0,23.11111111111111,8.88888888888889,3.555555555555556,9.77777777777778,16.0,12,1,2,1,-1
2007,152,1417,66,1196,76,0,25.0,64.0,5.0,23.0,11.0,13.0,6.0,20.0,12.0,3.0,6.0,0.0,26.0,24.0,45.0,9.0,22.0,19.0,31.0,8.0,35.0,10.0,16.0,2.0,6.0,17.0,10,1,1,2,1
2007,152,1207,60,1326,67,0,25.0,51.0,7.0,21.0,3.0,8.0,9.0,21.0,17.0,14.0,3.0,3.0,15.0,25.0,57.0,4.0,14.0,13.0,19.0,16.0,21.0,13.0,8.0,8.0,3.0,10.0,7,1,1,2,1
2007,154,1326,75,1196,84,0,30.0,64.0,4.0,23.0,11.0,17.0,10.0,18.0,10.0,7.0,11.0,4.0,20.0,26.0,53.0,10.0,18.0,22.0,25.0,10.0,28.0,11.0,15.0,5.0,3.0,19.0,9,1,1,1,0
2008,134,1164,60,1291,69,0,25.0,57.0,4.0,17.0,6.0,13.0,8.0,26.0,9.0,11.0,2.0,6.0,22.0,19.0,55.0,5.0,20.0,26.0,32.0,13.0,28.0,10.0,11.0,7.0,3.0,16.0,9,1,16,16,0
2008,136,1125,70,1181,71,0,26.0,59.0,8.0,23.0,10.0,15.0,9.0,24.0,12.0,14.0,7.0,2.0,21.0,25.0,58.0,6.0,21.0,15.0,21.0,13.0,27.0,9.0,15.0,11.0,2.0,17.0,1,1,2,15,13
2008,136,1340,61,1242,85,0,21.0,55.0,9.0,25.0,10.0,14.0,13.0,18.0,11.0,16.0,8.0,3.0,18.0,33.0,61.0,12.0,25.0,7.0,15.0,15.0,23.0,21.0,11.0,10.0,3.0,15.0,24,1,1,16,15
2008,136,1425,67,1243,80,0,21.0,50.0,6.0,12.0,19.0,27.0,9.0,18.0,12.0,11.0,6.0,4.0,24.0,29.0,60.0,7.0,16.0,15.0,26.0,21.0,23.0,15.0,13.0,7.0,1.0,21.0,13,1,11,6,-5
2008,136,1246,66,1266,74,0,23.0,48.0,8.0,20.0,12.0,17.0,9.0,17.0,13.0,12.0,4.0,5.0,22.0,23.0,52.0,5.0,13.0,23.0,29.0,15.0,19.0,10.0,7.0,5.0,3.0,18.0,8,1,6,11,5
2008,136,1396,61,1277,72,0,21.0,56.0,6.0,23.0,13.0,19.0,11.0,18.0,13.0,11.0,7.0,2.0,12.0,26.0,54.0,4.0,15.0,16.0,18.0,10.0,27.0,19.0,12.0,4.0,2.0,18.0,11,1,5,12,7
2008,136,1206,50,1323,68,0,19.0,57.0,3.0,17.0,9.0,14.0,11.0,23.0,8.0,11.0,5.0,2.0,14.0,26.0,57.0,9.0,21.0,7.0,11.0,11.0,31.0,14.0,13.0,4.0,5.0,15.0,18,1,5,12,7
2008,136,1331,63,1338,82,0,22.0,63.0,9.0,22.0,10.0,15.0,11.0,22.0,10.0,10.0,6.0,5.0,11.0,32.0,69.0,8.0,22.0,10.0,13.0,16.0,34.0,17.0,9.0,5.0,1.0,13.0,19,1,4,13,9
2008,136,1124,79,1345,90,0,28.0,69.0,8.0,28.0,15.0,20.0,16.0,21.0,11.0,11.0,9.0,1.0,15.0,33.0,67.0,9.0,20.0,15.0,18.0,16.0,27.0,14.0,13.0,6.0,6.0,18.0,11,1,6,11,5
2008,136,1165,53,1390,77,0,18.0,59.0,8.0,26.0,9.0,13.0,10.0,15.0,7.0,11.0,8.0,3.0,17.0,31.0,56.0,8.0,18.0,7.0,10.0,13.0,34.0,20.0,19.0,5.0,7.0,15.0,24,1,3,14,11
2008,136,1140,62,1401,67,0,24.0,54.0,7.0,22.0,7.0,14.0,8.0,17.0,13.0,7.0,6.0,1.0,15.0,25.0,46.0,8.0,16.0,9.0,17.0,9.0,28.0,18.0,13.0,2.0,0.0,15.0,5,1,9,8,-1
2008,136,1290,29,1417,70,0,13.0,66.0,1.0,14.0,2.0,6.0,15.0,19.0,7.0,11.0,7.0,5.0,9.0,27.0,57.0,8.0,20.0,8.0,11.0,12.0,40.0,20.0,12.0,7.0,13.0,9.0,41,1,1,16,15
2008,136,1245,58,1424,71,0,21.0,59.0,5.0,17.0,11.0,15.0,12.0,22.0,9.0,20.0,10.0,1.0,14.0,29.0,57.0,6.0,18.0,7.0,9.0,7.0,29.0,16.0,19.0,11.0,7.0,16.0,13,1,8,9,1
2008,136,1457,40,1450,71,0,16.0,52.0,6.0,19.0,2.0,8.0,6.0,15.0,7.0,7.0,5.0,4.0,13.0,29.0,49.0,4.0,13.0,9.0,13.0,8.0,32.0,20.0,10.0,4.0,3.0,11.0,31,1,4,13,9
2008,136,1112,65,1452,75,0,21.0,46.0,6.0,15.0,17.0,21.0,6.0,21.0,12.0,12.0,3.0,3.0,14.0,28.0,55.0,11.0,19.0,8.0,9.0,6.0,21.0,16.0,9.0,6.0,3.0,17.0,10,1,7,10,3
2008,136,1168,56,1458,71,0,21.0,58.0,7.0,21.0,7.0,13.0,7.0,20.0,7.0,14.0,9.0,0.0,25.0,25.0,59.0,3.0,16.0,18.0,25.0,18.0,32.0,13.0,17.0,8.0,7.0,11.0,15,1,3,14,11
2008,136,1208,61,1462,73,0,26.0,55.0,6.0,18.0,3.0,5.0,6.0,24.0,10.0,14.0,4.0,3.0,22.0,20.0,47.0,6.0,18.0,27.0,33.0,6.0,23.0,11.0,8.0,9.0,1.0,12.0,12,1,3,14,11
2008,137,1231,72,1116,86,0,28.0,64.0,10.0,24.0,6.0,12.0,14.0,16.0,14.0,10.0,8.0,3.0,23.0,26.0,48.0,8.0,17.0,26.0,33.0,9.0,25.0,14.0,12.0,5.0,4.0,18.0,14,1,9,8,-1
2008,137,1375,61,1139,81,0,21.0,48.0,6.0,20.0,13.0,27.0,13.0,17.0,8.0,13.0,5.0,4.0,19.0,27.0,53.0,15.0,28.0,12.0,13.0,7.0,21.0,18.0,10.0,9.0,1.0,21.0,20,1,7,10,3
2008,137,1211,76,1172,82,0,28.0,55.0,12.0,27.0,8.0,14.0,11.0,23.0,14.0,19.0,11.0,1.0,19.0,28.0,57.0,11.0,22.0,15.0,21.0,10.0,19.0,18.0,14.0,9.0,1.0,18.0,6,1,10,7,-3
2008,137,1420,47,1207,66,0,16.0,50.0,8.0,26.0,7.0,13.0,9.0,20.0,8.0,12.0,12.0,0.0,16.0,26.0,51.0,8.0,23.0,6.0,14.0,11.0,29.0,14.0,15.0,6.0,2.0,12.0,19,1,2,15,13
2008,137,1129,61,1257,79,0,26.0,54.0,4.0,17.0,5.0,12.0,11.0,20.0,15.0,19.0,5.0,0.0,13.0,29.0,52.0,12.0,24.0,9.0,18.0,7.0,20.0,15.0,16.0,10.0,6.0,17.0,18,1,3,14,11
2008,137,1426,63,1272,87,0,24.0,55.0,4.0,13.0,11.0,21.0,12.0,17.0,16.0,14.0,5.0,3.0,23.0,28.0,54.0,9.0,20.0,22.0,35.0,16.0,23.0,18.0,12.0,7.0,5.0,18.0,24,1,1,16,15
2008,137,1388,64,1274,78,0,22.0,59.0,8.0,23.0,12.0,23.0,10.0,23.0,15.0,14.0,3.0,4.0,20.0,28.0,63.0,5.0,13.0,17.0,21.0,13.0,34.0,14.0,16.0,4.0,4.0,20.0,14,1,7,10,3
2008,137,1332,69,1280,76,0,22.0,64.0,9.0,38.0,16.0,19.0,11.0,25.0,13.0,10.0,6.0,2.0,26.0,24.0,51.0,4.0,17.0,24.0,36.0,8.0,32.0,16.0,12.0,5.0,6.0,15.0,7,1,8,9,1
2008,137,1291,74,1314,113,0,28.0,65.0,7.0,22.0,11.0,14.0,9.0,13.0,16.0,15.0,7.0,1.0,18.0,43.0,71.0,7.0,16.0,20.0,25.0,18.0,30.0,25.0,9.0,11.0,4.0,16.0,39,1,1,16,15
2008,137,1386,64,1328,72,0,24.0,49.0,6.0,14.0,10.0,14.0,9.0,15.0,11.0,12.0,4.0,0.0,22.0,24.0,42.0,6.0,14.0,18.0,26.0,6.0,19.0,14.0,9.0,5.0,2.0,18.0,8,1,6,11,5
2008,137,1163,69,1360,70,1,22.22222222222222,51.55555555555556,2.6666666666666665,5.333333333333333,14.22222222222222,17.77777777777778,14.22222222222222,22.22222222222222,12.444444444444445,13.333333333333334,4.444444444444445,3.555555555555556,14.22222222222222,27.55555555555556,57.77777777777778,3.555555555555556,10.666666666666666,3.555555555555556,6.222222222222222,10.666666666666666,16.88888888888889,11.555555555555555,9.77777777777778,9.77777777777778,3.555555555555556,18.666666666666668,1,1,13,4,-9
2008,137,1435,62,1373,83,0,25.0,61.0,4.0,20.0,8.0,12.0,14.0,17.0,12.0,16.0,9.0,0.0,19.0,26.0,46.0,9.0,20.0,22.0,25.0,5.0,24.0,16.0,17.0,10.0,0.0,11.0,21,1,13,4,-9
2008,137,1110,57,1397,72,0,21.0,58.0,9.0,25.0,6.0,12.0,18.0,21.0,9.0,22.0,5.0,3.0,26.0,22.0,45.0,6.0,19.0,22.0,31.0,6.0,21.0,13.0,14.0,12.0,3.0,16.0,15,1,2,15,13
2008,137,1122,54,1400,74,0,17.0,59.0,6.0,23.0,14.0,21.0,18.0,17.0,10.0,7.0,4.0,1.0,19.0,27.0,55.0,10.0,22.0,10.0,18.0,15.0,29.0,17.0,11.0,2.0,6.0,16.0,20,1,2,15,13
2008,137,1155,69,1437,75,0,23.0,60.0,9.0,33.0,14.0,23.0,12.0,19.0,9.0,14.0,8.0,3.0,24.0,22.0,44.0,7.0,13.0,24.0,29.0,5.0,31.0,8.0,19.0,6.0,1.0,15.0,6,1,12,5,-7
2008,137,1179,99,1443,101,1,23.11111111111111,61.333333333333336,14.22222222222222,37.333333333333336,27.55555555555556,33.77777777777778,16.88888888888889,17.77777777777778,16.0,13.333333333333334,7.111111111111111,3.555555555555556,18.666666666666668,32.888888888888886,60.44444444444444,12.444444444444445,24.88888888888889,11.555555555555555,16.88888888888889,11.555555555555555,24.88888888888889,16.0,19.55555555555556,4.444444444444445,3.555555555555556,25.77777777777778,2,1,12,5,-7
2008,138,1424,56,1242,75,0,12.0,45.0,5.0,22.0,27.0,34.0,9.0,17.0,6.0,10.0,6.0,1.0,20.0,29.0,50.0,5.0,13.0,12.0,19.0,7.0,29.0,9.0,10.0,7.0,1.0,26.0,19,1,1,8,7
2008,138,1338,54,1277,65,0,17.0,52.0,2.0,17.0,18.0,19.0,9.0,17.0,4.0,9.0,8.0,9.0,16.0,25.0,52.0,6.0,10.0,9.0,9.0,10.0,27.0,12.0,15.0,1.0,3.0,17.0,11,1,5,4,-1
2008,138,1266,81,1390,82,1,27.55555555555556,64.88888888888889,8.88888888888889,26.666666666666668,8.0,10.666666666666666,15.11111111111111,24.88888888888889,13.333333333333334,8.0,2.6666666666666665,2.6666666666666665,21.33333333333333,24.88888888888889,53.333333333333336,6.222222222222222,12.444444444444445,16.88888888888889,24.88888888888889,9.77777777777778,24.0,20.444444444444443,7.111111111111111,3.555555555555556,3.555555555555556,12.444444444444445,1,1,3,6,3
2008,138,1401,49,1417,51,0,22.0,51.0,2.0,10.0,3.0,7.0,10.0,19.0,12.0,11.0,2.0,2.0,15.0,19.0,44.0,6.0,18.0,7.0,11.0,8.0,21.0,7.0,14.0,7.0,11.0,16.0,2,1,1,9,8
2008,138,1323,41,1450,61,0,13.0,53.0,3.0,17.0,12.0,13.0,12.0,26.0,7.0,13.0,3.0,3.0,16.0,24.0,54.0,4.0,17.0,9.0,14.0,8.0,29.0,14.0,7.0,8.0,2.0,15.0,20,1,4,5,1
2008,138,1181,67,1452,73,0,19.0,50.0,5.0,22.0,24.0,32.0,7.0,20.0,6.0,13.0,6.0,3.0,23.0,25.0,62.0,4.0,11.0,19.0,22.0,19.0,28.0,12.0,17.0,1.0,5.0,25.0,6,1,7,2,-5
2008,138,1243,55,1458,72,0,21.0,53.0,0.0,13.0,13.0,16.0,12.0,24.0,4.0,13.0,4.0,1.0,23.0,24.0,46.0,9.0,22.0,15.0,24.0,4.0,22.0,10.0,10.0,3.0,0.0,18.0,17,1,3,11,8
2008,138,1345,78,1462,85,0,26.0,67.0,8.0,21.0,18.0,23.0,13.0,24.0,9.0,10.0,8.0,4.0,26.0,27.0,50.0,5.0,12.0,26.0,33.0,5.0,29.0,12.0,14.0,5.0,3.0,17.0,7,1,3,6,3
2008,139,1207,70,1172,74,0,26.0,41.0,10.0,18.0,8.0,17.0,7.0,23.0,11.0,20.0,2.0,3.0,27.0,22.0,57.0,6.0,28.0,24.0,30.0,12.0,16.0,10.0,5.0,6.0,0.0,20.0,4,1,10,2,-8
2008,139,1328,48,1257,78,0,15.0,47.0,5.0,18.0,13.0,19.0,10.0,18.0,9.0,16.0,3.0,3.0,18.0,32.0,54.0,9.0,17.0,5.0,15.0,10.0,23.0,24.0,12.0,7.0,3.0,18.0,30,1,3,6,3
2008,139,1280,74,1272,77,0,26.0,60.0,8.0,19.0,14.0,20.0,11.0,26.0,9.0,8.0,2.0,7.0,23.0,28.0,63.0,6.0,16.0,15.0,32.0,19.0,26.0,19.0,5.0,3.0,11.0,16.0,3,1,1,8,7
2008,139,1116,77,1314,108,0,28.0,59.0,5.0,18.0,16.0,23.0,14.0,13.0,11.0,9.0,5.0,3.0,13.0,44.0,65.0,8.0,16.0,12.0,17.0,11.0,21.0,28.0,7.0,3.0,5.0,18.0,31,1,1,9,8
2008,139,1139,71,1397,76,1,19.55555555555556,54.22222222222222,8.0,23.11111111111111,16.0,24.88888888888889,13.333333333333334,21.33333333333333,9.77777777777778,12.444444444444445,9.77777777777778,0.8888888888888888,22.22222222222222,23.11111111111111,52.44444444444444,4.444444444444445,16.88888888888889,16.88888888888889,25.77777777777778,14.22222222222222,26.666666666666668,10.666666666666666,17.77777777777778,4.444444444444445,2.6666666666666665,21.33333333333333,5,1,2,7,5
2008,139,1274,72,1400,75,0,22.0,55.0,9.0,22.0,19.0,22.0,8.0,22.0,10.0,9.0,4.0,3.0,19.0,25.0,57.0,13.0,26.0,12.0,21.0,16.0,25.0,17.0,13.0,3.0,7.0,19.0,3,1,2,7,5
2008,139,1373,72,1437,84,0,20.0,56.0,6.0,21.0,26.0,39.0,10.0,24.0,9.0,13.0,8.0,4.0,19.0,30.0,56.0,6.0,13.0,18.0,24.0,6.0,31.0,15.0,15.0,8.0,2.0,27.0,12,1,12,13,1
2008,139,1360,63,1443,72,0,21.0,47.0,4.0,15.0,17.0,28.0,8.0,22.0,11.0,17.0,8.0,2.0,20.0,25.0,52.0,6.0,16.0,16.0,21.0,8.0,23.0,11.0,14.0,13.0,6.0,19.0,9,1,12,13,1
2008,143,1397,60,1257,79,0,19.0,56.0,5.0,20.0,17.0,25.0,8.0,20.0,12.0,17.0,11.0,1.0,26.0,26.0,50.0,4.0,14.0,23.0,30.0,9.0,34.0,14.0,20.0,6.0,7.0,23.0,19,1,3,2,-1
2008,143,1450,47,1314,68,0,18.0,57.0,2.0,16.0,9.0,15.0,9.0,23.0,9.0,10.0,6.0,5.0,18.0,25.0,58.0,5.0,15.0,13.0,19.0,14.0,32.0,11.0,13.0,5.0,5.0,16.0,21,1,1,4,3
2008,143,1443,78,1417,88,0,25.0,72.0,9.0,24.0,19.0,26.0,18.0,18.0,12.0,11.0,11.0,4.0,24.0,29.0,58.0,4.0,9.0,26.0,35.0,17.0,34.0,17.0,19.0,6.0,8.0,22.0,10,1,1,12,11
2008,143,1452,75,1462,79,1,24.88888888888889,58.66666666666666,0.8888888888888888,9.77777777777778,16.0,24.0,15.11111111111111,18.666666666666668,14.22222222222222,7.111111111111111,4.444444444444445,5.333333333333333,18.666666666666668,24.88888888888889,52.44444444444444,9.77777777777778,16.88888888888889,10.666666666666666,18.666666666666668,13.333333333333334,23.11111111111111,14.22222222222222,10.666666666666666,2.6666666666666665,4.444444444444445,22.22222222222222,4,1,3,7,4
2008,144,1458,56,1172,73,0,17.0,46.0,8.0,23.0,14.0,21.0,14.0,17.0,9.0,12.0,2.0,3.0,13.0,26.0,53.0,12.0,24.0,9.0,12.0,11.0,17.0,18.0,7.0,9.0,0.0,19.0,17,1,10,3,-7
2008,144,1437,57,1242,72,0,21.0,59.0,3.0,17.0,12.0,18.0,15.0,15.0,5.0,14.0,10.0,2.0,17.0,24.0,45.0,8.0,19.0,16.0,20.0,7.0,26.0,16.0,18.0,8.0,5.0,18.0,15,1,1,12,11
2008,144,1277,74,1272,92,0,29.0,59.0,5.0,18.0,11.0,17.0,11.0,17.0,18.0,12.0,2.0,3.0,28.0,31.0,59.0,4.0,13.0,26.0,35.0,17.0,22.0,13.0,9.0,9.0,7.0,16.0,18,1,1,5,4
2008,144,1390,62,1400,82,0,22.0,65.0,6.0,17.0,12.0,18.0,19.0,23.0,13.0,10.0,5.0,4.0,14.0,32.0,65.0,7.0,22.0,11.0,18.0,14.0,28.0,16.0,6.0,7.0,5.0,14.0,20,1,2,3,1
2008,145,1257,73,1314,83,0,29.0,55.0,6.0,19.0,9.0,16.0,13.0,14.0,15.0,19.0,7.0,5.0,19.0,31.0,58.0,3.0,11.0,18.0,21.0,15.0,18.0,16.0,14.0,9.0,0.0,17.0,10,1,1,3,2
2008,145,1462,57,1417,76,0,21.0,58.0,4.0,19.0,11.0,16.0,14.0,14.0,12.0,9.0,6.0,1.0,15.0,28.0,52.0,7.0,15.0,13.0,18.0,13.0,24.0,17.0,14.0,6.0,6.0,19.0,19,1,1,3,2
2008,146,1172,57,1242,59,0,22.0,57.0,8.0,27.0,5.0,12.0,9.0,21.0,17.0,9.0,7.0,2.0,15.0,23.0,52.0,5.0,14.0,8.0,14.0,10.0,28.0,12.0,14.0,5.0,5.0,16.0,2,1,1,10,9
2008,146,1400,67,1272,85,0,25.0,69.0,9.0,28.0,8.0,9.0,13.0,23.0,13.0,8.0,5.0,4.0,25.0,26.0,52.0,3.0,11.0,30.0,36.0,7.0,32.0,18.0,7.0,4.0,5.0,13.0,18,1,1,2,1
2008,152,1314,66,1242,84,0,24.0,67.0,5.0,24.0,13.0,15.0,13.0,20.0,7.0,18.0,7.0,3.0,14.0,34.0,64.0,5.0,15.0,11.0,14.0,11.0,31.0,17.0,19.0,10.0,9.0,21.0,18,1,1,1,0
2008,152,1417,63,1272,78,0,24.0,64.0,4.0,13.0,11.0,13.0,12.0,24.0,8.0,12.0,6.0,4.0,17.0,27.0,64.0,4.0,12.0,20.0,23.0,15.0,28.0,10.0,9.0,7.0,6.0,14.0,15,1,1,1,0
2008,154,1272,68,1242,75,1,22.22222222222222,55.11111111111112,5.333333333333333,19.55555555555556,10.666666666666666,16.88888888888889,9.77777777777778,15.11111111111111,12.444444444444445,11.555555555555555,9.77777777777778,2.6666666666666665,15.11111111111111,25.77777777777778,48.888888888888886,2.6666666666666665,10.666666666666666,12.444444444444445,13.333333333333334,8.0,26.666666666666668,12.444444444444445,15.11111111111111,9.77777777777778,0.8888888888888888,16.0,7,1,1,1,0
2009,134,1106,43,1287,58,0,18.0,58.0,2.0,15.0,5.0,11.0,9.0,18.0,4.0,13.0,7.0,6.0,18.0,18.0,50.0,4.0,15.0,18.0,24.0,16.0,34.0,13.0,21.0,6.0,2.0,14.0,15,1,16,16,0
2009,136,1151,47,1163,103,0,17.0,66.0,5.0,25.0,8.0,10.0,9.0,25.0,11.0,19.0,5.0,2.0,27.0,37.0,71.0,6.0,24.0,23.0,39.0,17.0,41.0,28.0,10.0,12.0,6.0,11.0,56,1,1,16,15
2009,136,1127,62,1181,86,0,27.0,51.0,7.0,15.0,1.0,5.0,6.0,14.0,9.0,18.0,9.0,4.0,21.0,28.0,57.0,9.0,20.0,21.0,25.0,17.0,21.0,21.0,15.0,6.0,3.0,14.0,24,1,2,15,13
2009,136,1103,64,1211,77,0,21.0,57.0,10.0,23.0,12.0,18.0,11.0,15.0,15.0,8.0,0.0,1.0,23.0,23.0,44.0,5.0,15.0,26.0,31.0,7.0,27.0,15.0,8.0,5.0,5.0,18.0,13,1,4,13,9
2009,136,1139,71,1261,75,0,22.0,52.0,8.0,23.0,19.0,26.0,13.0,21.0,12.0,15.0,3.0,1.0,20.0,27.0,55.0,6.0,14.0,15.0,21.0,9.0,21.0,14.0,11.0,11.0,8.0,20.0,4,1,8,9,1
2009,136,1143,71,1268,84,0,25.0,59.0,7.0,24.0,14.0,19.0,14.0,21.0,12.0,14.0,2.0,2.0,22.0,31.0,63.0,6.0,16.0,16.0,24.0,16.0,20.0,18.0,9.0,5.0,1.0,17.0,13,1,10,7,-3
2009,136,1169,70,1272,81,0,24.0,54.0,7.0,18.0,15.0,20.0,10.0,22.0,10.0,17.0,8.0,2.0,18.0,29.0,59.0,11.0,28.0,12.0,21.0,12.0,23.0,19.0,14.0,14.0,3.0,16.0,11,1,2,15,13
2009,136,1155,59,1276,62,0,21.0,65.0,5.0,22.0,12.0,14.0,21.0,23.0,14.0,11.0,8.0,7.0,19.0,20.0,51.0,10.0,26.0,12.0,15.0,9.0,24.0,16.0,14.0,5.0,3.0,11.0,3,1,10,7,-3
2009,136,1347,58,1314,101,0,22.0,80.0,5.0,17.0,9.0,14.0,20.0,28.0,9.0,18.0,9.0,6.0,17.0,38.0,84.0,5.0,14.0,20.0,24.0,20.0,39.0,17.0,12.0,11.0,8.0,13.0,43,1,1,16,15
2009,136,1288,54,1328,82,0,22.0,77.0,6.0,23.0,4.0,8.0,20.0,16.0,10.0,7.0,9.0,1.0,24.0,29.0,48.0,4.0,12.0,20.0,32.0,7.0,38.0,15.0,15.0,5.0,6.0,11.0,28,1,2,15,13
2009,136,1320,56,1345,61,0,20.0,54.0,7.0,22.0,9.0,11.0,9.0,21.0,13.0,14.0,6.0,3.0,20.0,21.0,52.0,3.0,15.0,16.0,22.0,10.0,22.0,11.0,10.0,8.0,3.0,13.0,5,1,5,12,7
2009,136,1278,62,1400,76,0,22.0,54.0,4.0,13.0,14.0,19.0,8.0,22.0,12.0,12.0,6.0,2.0,20.0,27.0,57.0,11.0,20.0,11.0,19.0,14.0,27.0,12.0,14.0,6.0,1.0,18.0,14,1,7,10,3
2009,136,1140,66,1401,79,0,23.0,59.0,7.0,16.0,13.0,18.0,7.0,19.0,15.0,10.0,11.0,1.0,20.0,30.0,52.0,6.0,17.0,13.0,19.0,7.0,28.0,20.0,14.0,2.0,6.0,15.0,13,1,9,8,-1
2009,136,1433,64,1417,65,0,20.0,49.0,6.0,15.0,18.0,25.0,10.0,21.0,14.0,12.0,5.0,4.0,17.0,21.0,52.0,6.0,12.0,17.0,19.0,9.0,24.0,9.0,12.0,9.0,1.0,20.0,1,1,6,11,5
2009,136,1110,67,1437,80,0,27.0,62.0,10.0,31.0,3.0,5.0,7.0,17.0,16.0,12.0,8.0,1.0,24.0,24.0,50.0,6.0,18.0,26.0,29.0,10.0,28.0,15.0,16.0,8.0,8.0,12.0,13,1,3,14,11
2009,136,1228,72,1443,76,0,31.0,63.0,5.0,18.0,5.0,7.0,5.0,24.0,14.0,12.0,9.0,3.0,24.0,27.0,56.0,9.0,19.0,13.0,22.0,9.0,28.0,13.0,15.0,8.0,4.0,12.0,4,1,12,5,-7
2009,136,1280,58,1449,71,0,20.0,58.0,5.0,18.0,13.0,19.0,14.0,21.0,5.0,17.0,5.0,5.0,22.0,27.0,62.0,2.0,9.0,15.0,21.0,17.0,28.0,13.0,15.0,5.0,0.0,21.0,13,1,4,13,9
2009,137,1428,71,1112,84,0,27.0,64.0,8.0,32.0,9.0,13.0,16.0,19.0,16.0,20.0,7.0,3.0,22.0,30.0,55.0,4.0,12.0,20.0,28.0,11.0,23.0,11.0,14.0,13.0,2.0,15.0,13,1,12,5,-7
2009,137,1396,57,1113,66,0,19.0,51.0,6.0,17.0,13.0,17.0,9.0,20.0,13.0,9.0,5.0,4.0,16.0,20.0,39.0,8.0,14.0,18.0,24.0,3.0,24.0,12.0,11.0,4.0,1.0,14.0,9,1,6,11,5
2009,137,1448,69,1156,84,0,26.0,50.0,5.0,13.0,12.0,17.0,10.0,23.0,10.0,18.0,4.0,13.0,20.0,31.0,65.0,6.0,15.0,16.0,22.0,14.0,18.0,15.0,6.0,9.0,1.0,17.0,15,1,13,4,-9
2009,137,1452,60,1173,68,0,18.0,49.0,5.0,20.0,19.0,25.0,15.0,22.0,10.0,11.0,2.0,4.0,21.0,25.0,54.0,4.0,10.0,14.0,23.0,13.0,19.0,14.0,9.0,5.0,2.0,22.0,8,1,11,6,-5
2009,137,1295,74,1242,84,0,26.0,62.0,10.0,24.0,12.0,15.0,9.0,25.0,9.0,9.0,3.0,4.0,21.0,32.0,64.0,4.0,12.0,16.0,20.0,10.0,29.0,17.0,5.0,5.0,2.0,17.0,10,1,3,14,11
2009,137,1287,54,1257,74,0,20.0,52.0,4.0,11.0,10.0,14.0,13.0,14.0,12.0,20.0,4.0,1.0,10.0,29.0,50.0,10.0,24.0,6.0,11.0,8.0,21.0,19.0,19.0,9.0,4.0,16.0,20,1,1,16,15
2009,137,1429,57,1266,58,0,22.0,53.0,7.0,23.0,6.0,8.0,7.0,19.0,11.0,9.0,2.0,3.0,21.0,17.0,47.0,5.0,19.0,19.0,23.0,10.0,22.0,7.0,9.0,4.0,2.0,14.0,1,1,6,11,5
2009,137,1352,62,1277,77,0,25.0,61.0,5.0,17.0,7.0,13.0,8.0,20.0,16.0,6.0,8.0,7.0,17.0,28.0,61.0,4.0,13.0,17.0,23.0,17.0,32.0,15.0,10.0,6.0,4.0,15.0,15,1,2,15,13
2009,137,1165,59,1281,78,0,23.0,64.0,6.0,21.0,7.0,12.0,17.0,23.0,11.0,9.0,1.0,0.0,15.0,28.0,59.0,5.0,20.0,17.0,19.0,9.0,28.0,19.0,4.0,4.0,1.0,11.0,19,1,3,14,11
2009,137,1397,75,1329,77,0,24.0,56.0,11.0,33.0,16.0,21.0,11.0,17.0,16.0,11.0,4.0,1.0,16.0,30.0,53.0,7.0,21.0,10.0,13.0,8.0,23.0,13.0,12.0,5.0,0.0,19.0,2,1,8,9,1
2009,137,1190,62,1338,72,0,23.0,75.0,4.0,22.0,12.0,24.0,20.0,24.0,12.0,9.0,6.0,3.0,17.0,24.0,55.0,7.0,19.0,17.0,23.0,9.0,38.0,16.0,18.0,5.0,3.0,16.0,10,1,1,16,15
2009,137,1326,72,1373,74,2,19.2,48.0,5.6,20.0,13.6,18.4,7.2,22.4,12.0,16.0,4.0,5.6,16.8,19.2,57.6,4.8,19.2,16.0,22.4,18.4,24.0,10.4,17.6,7.2,2.4,14.4,2,1,9,8,-1
2009,137,1372,44,1393,59,0,18.0,73.0,2.0,21.0,6.0,10.0,14.0,20.0,10.0,6.0,10.0,1.0,11.0,25.0,55.0,2.0,16.0,7.0,10.0,12.0,43.0,14.0,21.0,3.0,11.0,12.0,15,1,3,14,11
2009,137,1130,55,1425,72,0,18.0,55.0,6.0,23.0,13.0,14.0,13.0,17.0,13.0,15.0,5.0,3.0,21.0,27.0,51.0,4.0,9.0,14.0,19.0,11.0,24.0,19.0,13.0,7.0,6.0,18.0,17,1,10,7,-3
2009,137,1199,59,1458,61,1,17.77777777777778,40.888888888888886,3.555555555555556,11.555555555555555,13.333333333333334,16.0,3.555555555555556,25.77777777777778,5.333333333333333,13.333333333333334,5.333333333333333,3.555555555555556,14.22222222222222,19.55555555555556,48.0,8.0,24.0,7.111111111111111,10.666666666666666,4.444444444444445,18.666666666666668,8.88888888888889,8.0,3.555555555555556,1.7777777777777777,14.22222222222222,2,1,12,5,-7
2009,137,1340,59,1462,77,0,22.0,46.0,8.0,21.0,7.0,16.0,4.0,17.0,12.0,11.0,6.0,2.0,18.0,29.0,54.0,8.0,19.0,11.0,18.0,10.0,24.0,12.0,7.0,5.0,2.0,17.0,18,1,4,13,9
2009,138,1401,66,1163,92,0,26.0,63.0,3.0,15.0,11.0,17.0,12.0,16.0,17.0,7.0,3.0,3.0,21.0,33.0,57.0,5.0,10.0,21.0,27.0,12.0,27.0,20.0,9.0,3.0,5.0,16.0,26,1,1,9,8
2009,138,1400,69,1181,74,0,25.0,50.0,3.0,12.0,16.0,25.0,13.0,23.0,8.0,15.0,5.0,3.0,23.0,23.0,53.0,7.0,14.0,21.0,27.0,12.0,19.0,9.0,9.0,8.0,2.0,20.0,5,1,2,7,5
2009,138,1443,81,1211,83,0,32.0,62.0,12.0,25.0,5.0,14.0,10.0,21.0,14.0,11.0,4.0,5.0,20.0,30.0,60.0,9.0,21.0,14.0,19.0,9.0,22.0,18.0,11.0,4.0,4.0,12.0,2,1,4,12,8
2009,138,1268,70,1272,89,0,27.0,62.0,5.0,14.0,11.0,19.0,11.0,16.0,9.0,7.0,8.0,3.0,17.0,31.0,53.0,10.0,19.0,17.0,22.0,8.0,27.0,21.0,13.0,6.0,3.0,17.0,19,1,2,10,8
2009,138,1261,70,1314,84,0,29.0,64.0,9.0,22.0,3.0,6.0,16.0,17.0,12.0,15.0,5.0,4.0,16.0,32.0,59.0,6.0,13.0,14.0,18.0,11.0,21.0,13.0,10.0,11.0,5.0,9.0,14,1,1,8,7
2009,138,1276,63,1328,73,0,22.0,56.0,10.0,27.0,9.0,11.0,14.0,20.0,12.0,14.0,5.0,1.0,23.0,25.0,51.0,6.0,19.0,17.0,27.0,13.0,22.0,18.0,11.0,5.0,4.0,13.0,10,1,2,10,8
2009,138,1449,74,1345,76,0,28.0,67.0,4.0,12.0,14.0,19.0,16.0,24.0,13.0,9.0,4.0,3.0,20.0,25.0,64.0,7.0,16.0,19.0,23.0,15.0,25.0,15.0,11.0,5.0,7.0,21.0,2,1,5,4,-1
2009,138,1417,69,1437,89,0,20.0,47.0,9.0,24.0,20.0,30.0,7.0,21.0,14.0,20.0,7.0,3.0,21.0,31.0,67.0,8.0,25.0,19.0,27.0,16.0,25.0,20.0,11.0,11.0,1.0,22.0,20,1,3,6,3
2009,139,1156,57,1112,71,0,22.0,59.0,3.0,23.0,10.0,14.0,12.0,18.0,3.0,11.0,7.0,1.0,18.0,22.0,44.0,3.0,11.0,24.0,28.0,6.0,27.0,12.0,11.0,8.0,3.0,19.0,14,1,12,13,1
2009,139,1173,43,1242,60,0,16.0,72.0,4.0,19.0,7.0,8.0,17.0,26.0,7.0,11.0,13.0,6.0,23.0,23.0,53.0,3.0,16.0,11.0,22.0,11.0,39.0,9.0,17.0,5.0,12.0,11.0,17,1,3,11,8
2009,139,1373,72,1257,79,0,29.0,69.0,7.0,24.0,7.0,10.0,13.0,19.0,17.0,9.0,8.0,1.0,14.0,32.0,65.0,9.0,20.0,6.0,13.0,19.0,28.0,18.0,17.0,3.0,7.0,13.0,7,1,1,9,8
2009,139,1425,69,1277,74,0,23.0,57.0,1.0,10.0,22.0,26.0,12.0,18.0,10.0,11.0,10.0,5.0,21.0,22.0,51.0,6.0,13.0,24.0,31.0,12.0,24.0,20.0,16.0,5.0,1.0,18.0,5,1,2,10,8
2009,139,1266,79,1281,83,0,23.0,60.0,5.0,14.0,28.0,33.0,16.0,25.0,8.0,12.0,4.0,0.0,17.0,31.0,64.0,7.0,22.0,14.0,20.0,10.0,20.0,14.0,7.0,6.0,4.0,23.0,4,1,3,6,3
2009,139,1329,76,1338,84,0,26.0,54.0,12.0,28.0,12.0,12.0,5.0,16.0,18.0,9.0,8.0,1.0,21.0,28.0,57.0,11.0,28.0,17.0,26.0,19.0,22.0,18.0,14.0,2.0,5.0,12.0,8,1,1,8,7
2009,139,1113,67,1393,78,0,20.0,49.0,13.0,35.0,14.0,22.0,7.0,17.0,17.0,10.0,2.0,2.0,17.0,26.0,47.0,9.0,20.0,17.0,21.0,4.0,29.0,18.0,10.0,4.0,0.0,15.0,11,1,3,6,3
2009,139,1458,49,1462,60,0,16.0,56.0,3.0,20.0,14.0,17.0,7.0,23.0,5.0,7.0,5.0,2.0,23.0,18.0,46.0,6.0,14.0,18.0,26.0,7.0,30.0,12.0,14.0,4.0,5.0,20.0,11,1,4,12,8
2009,143,1345,60,1163,72,0,24.0,66.0,6.0,23.0,6.0,11.0,9.0,24.0,12.0,9.0,7.0,2.0,26.0,25.0,56.0,3.0,8.0,19.0,30.0,14.0,34.0,19.0,13.0,6.0,6.0,12.0,12,1,1,5,4
2009,143,1272,91,1281,102,0,35.0,69.0,3.0,15.0,18.0,32.0,15.0,25.0,16.0,14.0,8.0,6.0,25.0,33.0,62.0,6.0,16.0,30.0,45.0,12.0,25.0,17.0,12.0,9.0,3.0,24.0,11,1,3,2,-1
2009,143,1462,55,1338,60,0,21.0,64.0,5.0,23.0,8.0,10.0,17.0,27.0,9.0,10.0,4.0,7.0,17.0,22.0,65.0,4.0,15.0,12.0,19.0,18.0,26.0,9.0,9.0,9.0,3.0,13.0,5,1,1,4,3
2009,143,1181,54,1437,77,0,16.0,60.0,5.0,27.0,17.0,24.0,8.0,26.0,7.0,11.0,8.0,2.0,24.0,27.0,64.0,4.0,18.0,19.0,23.0,13.0,36.0,9.0,12.0,5.0,5.0,23.0,23,1,3,2,-1
2009,144,1112,64,1257,103,0,24.0,63.0,7.0,24.0,9.0,13.0,15.0,17.0,15.0,14.0,5.0,1.0,13.0,38.0,66.0,14.0,29.0,13.0,14.0,11.0,25.0,29.0,9.0,10.0,3.0,15.0,39,1,1,12,11
2009,144,1242,62,1277,67,0,24.0,53.0,3.0,12.0,11.0,13.0,13.0,24.0,11.0,19.0,7.0,4.0,17.0,23.0,59.0,5.0,15.0,16.0,17.0,13.0,18.0,17.0,13.0,13.0,2.0,16.0,5,1,2,3,1
2009,144,1211,77,1314,98,0,27.0,58.0,7.0,23.0,16.0,23.0,4.0,27.0,10.0,12.0,6.0,5.0,19.0,36.0,68.0,11.0,19.0,15.0,27.0,11.0,31.0,23.0,9.0,8.0,4.0,17.0,21,1,1,4,3
2009,144,1393,71,1328,84,0,27.0,60.0,7.0,24.0,10.0,14.0,14.0,15.0,13.0,18.0,10.0,2.0,10.0,32.0,59.0,9.0,21.0,11.0,18.0,15.0,21.0,19.0,18.0,11.0,3.0,14.0,13,1,2,3,1
2009,145,1281,75,1163,82,0,32.0,76.0,5.0,18.0,6.0,12.0,12.0,20.0,21.0,6.0,10.0,1.0,24.0,27.0,53.0,2.0,12.0,26.0,32.0,11.0,36.0,15.0,17.0,3.0,8.0,13.0,7,1,1,3,2
2009,145,1338,76,1437,78,0,25.0,52.0,5.0,18.0,21.0,29.0,10.0,18.0,14.0,11.0,4.0,3.0,18.0,25.0,56.0,6.0,20.0,22.0,23.0,13.0,20.0,9.0,13.0,6.0,5.0,24.0,2,1,3,1,-2
2009,146,1257,52,1277,64,0,18.0,47.0,6.0,16.0,10.0,18.0,11.0,18.0,12.0,12.0,7.0,5.0,15.0,24.0,52.0,8.0,16.0,8.0,11.0,13.0,24.0,19.0,12.0,7.0,1.0,22.0,12,1,2,1,-1
2009,146,1328,60,1314,72,0,24.0,54.0,2.0,19.0,10.0,16.0,12.0,19.0,9.0,16.0,6.0,0.0,20.0,26.0,51.0,5.0,14.0,15.0,16.0,6.0,21.0,13.0,12.0,9.0,2.0,19.0,12,1,1,2,1
2009,152,1163,73,1277,82,0,25.0,59.0,2.0,6.0,21.0,33.0,16.0,26.0,8.0,16.0,5.0,7.0,18.0,31.0,72.0,6.0,19.0,14.0,20.0,18.0,24.0,18.0,11.0,11.0,3.0,25.0,9,1,2,1,-1
2009,152,1437,69,1314,83,0,26.0,79.0,5.0,27.0,12.0,16.0,22.0,31.0,8.0,12.0,7.0,3.0,26.0,25.0,62.0,11.0,22.0,22.0,37.0,14.0,34.0,16.0,12.0,6.0,6.0,20.0,14,1,1,3,2
2009,154,1277,72,1314,89,0,22.0,55.0,7.0,23.0,21.0,29.0,13.0,29.0,13.0,21.0,1.0,5.0,28.0,28.0,61.0,5.0,12.0,28.0,40.0,11.0,24.0,13.0,7.0,9.0,0.0,22.0,17,1,1,2,1
2010,134,1457,44,1115,61,0,16.0,55.0,2.0,21.0,10.0,18.0,14.0,20.0,5.0,7.0,3.0,5.0,22.0,17.0,44.0,6.0,16.0,21.0,28.0,10.0,29.0,12.0,10.0,3.0,7.0,16.0,17,1,16,16,0
2010,136,1358,59,1124,68,0,23.0,68.0,6.0,31.0,7.0,13.0,8.0,29.0,20.0,11.0,7.0,1.0,20.0,26.0,59.0,5.0,20.0,11.0,17.0,8.0,39.0,18.0,14.0,8.0,2.0,18.0,9,1,3,14,11
2010,136,1431,59,1139,77,0,24.0,57.0,4.0,18.0,7.0,9.0,6.0,24.0,15.0,14.0,8.0,1.0,24.0,23.0,50.0,13.0,31.0,18.0,28.0,8.0,24.0,14.0,10.0,6.0,1.0,13.0,18,1,5,12,7
2010,136,1196,92,1140,99,2,27.2,62.4,8.0,25.6,11.2,15.2,16.0,20.0,12.0,16.8,5.6,3.2,19.2,25.6,52.0,8.0,18.4,20.0,25.6,8.0,18.4,8.8,9.6,9.6,1.6,13.6,7,1,7,10,3
2010,136,1250,74,1242,90,0,25.0,62.0,7.0,19.0,17.0,21.0,13.0,20.0,11.0,13.0,6.0,4.0,16.0,38.0,69.0,9.0,21.0,5.0,10.0,14.0,27.0,17.0,14.0,10.0,11.0,18.0,16,1,1,16,15
2010,136,1317,62,1243,82,0,17.0,55.0,5.0,19.0,23.0,31.0,19.0,17.0,8.0,16.0,2.0,0.0,17.0,31.0,61.0,7.0,18.0,13.0,20.0,17.0,23.0,12.0,11.0,9.0,10.0,25.0,20,1,2,15,13
2010,136,1190,71,1246,100,0,23.0,64.0,4.0,17.0,21.0,37.0,15.0,25.0,11.0,14.0,11.0,1.0,23.0,31.0,60.0,15.0,33.0,23.0,34.0,11.0,33.0,27.0,14.0,8.0,11.0,24.0,29,1,1,16,15
2010,136,1435,65,1293,66,0,22.0,50.0,4.0,12.0,17.0,29.0,10.0,23.0,15.0,10.0,4.0,4.0,17.0,25.0,60.0,7.0,15.0,9.0,17.0,15.0,24.0,13.0,11.0,4.0,4.0,21.0,1,1,13,4,-9
2010,136,1285,57,1307,62,0,22.0,54.0,6.0,21.0,7.0,12.0,11.0,26.0,17.0,12.0,5.0,2.0,21.0,22.0,53.0,5.0,20.0,13.0,23.0,10.0,21.0,14.0,6.0,8.0,3.0,14.0,5,1,3,14,11
2010,136,1424,66,1320,69,0,25.0,58.0,9.0,22.0,7.0,12.0,15.0,13.0,12.0,8.0,9.0,2.0,20.0,20.0,45.0,9.0,19.0,20.0,23.0,13.0,22.0,11.0,16.0,7.0,2.0,16.0,3,1,9,8,-1
2010,136,1207,83,1325,97,0,31.0,61.0,8.0,22.0,13.0,19.0,14.0,17.0,14.0,18.0,5.0,5.0,21.0,32.0,55.0,13.0,23.0,20.0,26.0,8.0,18.0,15.0,12.0,6.0,3.0,18.0,14,1,14,3,-11
2010,136,1323,50,1330,51,0,21.0,59.0,6.0,26.0,2.0,3.0,16.0,22.0,12.0,10.0,6.0,2.0,14.0,20.0,48.0,3.0,13.0,8.0,12.0,9.0,22.0,11.0,8.0,7.0,2.0,9.0,1,1,11,6,-5
2010,136,1350,71,1388,80,0,25.0,53.0,10.0,21.0,11.0,13.0,4.0,13.0,10.0,9.0,6.0,2.0,23.0,26.0,53.0,8.0,19.0,20.0,28.0,19.0,21.0,11.0,13.0,5.0,3.0,15.0,9,1,10,7,-3
2010,136,1361,59,1397,62,0,20.0,52.0,3.0,18.0,16.0,21.0,11.0,22.0,10.0,10.0,3.0,6.0,16.0,20.0,52.0,8.0,17.0,14.0,18.0,13.0,19.0,10.0,11.0,3.0,3.0,19.0,3,1,6,11,5
2010,136,1352,70,1437,73,1,19.55555555555556,48.888888888888886,4.444444444444445,17.77777777777778,18.666666666666668,23.11111111111111,9.77777777777778,21.33333333333333,7.111111111111111,18.666666666666668,8.88888888888889,1.7777777777777777,27.55555555555556,16.0,45.333333333333336,5.333333333333333,19.55555555555556,27.55555555555556,35.55555555555556,9.77777777777778,16.0,8.0,14.22222222222222,11.555555555555555,8.88888888888889,16.88888888888889,3,1,2,15,13
2010,136,1400,80,1448,81,1,23.11111111111111,61.333333333333336,7.111111111111111,21.33333333333333,17.77777777777778,29.33333333333333,8.88888888888889,21.33333333333333,9.77777777777778,4.444444444444445,9.77777777777778,3.555555555555556,17.77777777777778,26.666666666666668,62.22222222222222,5.333333333333333,16.0,13.333333333333334,21.33333333333333,17.77777777777778,34.666666666666664,13.333333333333334,17.77777777777778,1.7777777777777777,3.555555555555556,21.33333333333333,1,1,9,8,-1
2010,136,1266,78,1449,80,0,27.0,51.0,12.0,19.0,12.0,15.0,5.0,17.0,16.0,13.0,8.0,1.0,17.0,30.0,55.0,9.0,14.0,11.0,16.0,7.0,21.0,21.0,12.0,4.0,6.0,15.0,2,1,11,6,-5
2010,137,1257,62,1143,77,0,26.0,60.0,5.0,19.0,5.0,9.0,15.0,22.0,13.0,15.0,9.0,1.0,19.0,26.0,51.0,8.0,15.0,17.0,22.0,7.0,21.0,17.0,14.0,8.0,3.0,14.0,15,1,8,9,1
2010,137,1396,65,1165,78,0,27.0,52.0,5.0,17.0,6.0,9.0,7.0,13.0,14.0,11.0,3.0,4.0,20.0,27.0,48.0,9.0,23.0,15.0,19.0,10.0,20.0,10.0,11.0,7.0,2.0,12.0,13,1,12,5,-7
2010,137,1115,44,1181,73,0,17.0,53.0,4.0,19.0,6.0,7.0,9.0,15.0,8.0,16.0,7.0,4.0,19.0,24.0,47.0,6.0,13.0,19.0,28.0,13.0,28.0,12.0,14.0,5.0,4.0,12.0,29,1,1,16,15
2010,137,1329,59,1210,64,0,22.0,44.0,6.0,22.0,9.0,13.0,3.0,14.0,12.0,11.0,8.0,1.0,20.0,19.0,44.0,2.0,10.0,24.0,25.0,10.0,22.0,11.0,13.0,8.0,1.0,15.0,5,1,10,7,-3
2010,137,1199,60,1211,67,0,21.0,59.0,6.0,20.0,12.0,20.0,11.0,21.0,15.0,8.0,7.0,4.0,22.0,21.0,42.0,3.0,10.0,22.0,30.0,6.0,32.0,11.0,15.0,5.0,5.0,19.0,7,1,8,9,1
2010,137,1222,77,1268,89,0,25.0,60.0,7.0,20.0,20.0,32.0,9.0,20.0,7.0,6.0,6.0,1.0,19.0,32.0,68.0,4.0,17.0,21.0,25.0,17.0,33.0,18.0,10.0,2.0,4.0,20.0,12,1,4,13,9
2010,137,1308,67,1277,70,0,23.0,57.0,8.0,21.0,13.0,22.0,15.0,25.0,8.0,11.0,7.0,3.0,23.0,20.0,53.0,7.0,19.0,23.0,33.0,14.0,26.0,16.0,9.0,5.0,4.0,22.0,3,1,5,12,7
2010,137,1155,78,1281,86,0,28.0,63.0,12.0,24.0,10.0,14.0,18.0,23.0,14.0,20.0,2.0,1.0,22.0,30.0,58.0,5.0,17.0,21.0,29.0,9.0,21.0,21.0,9.0,15.0,3.0,16.0,8,1,10,7,-3
2010,137,1364,51,1326,68,0,20.0,62.0,6.0,19.0,5.0,7.0,12.0,23.0,11.0,9.0,6.0,2.0,16.0,21.0,52.0,10.0,22.0,16.0,18.0,8.0,30.0,14.0,9.0,5.0,12.0,12.0,17,1,2,15,13
2010,137,1324,66,1338,89,0,19.0,57.0,4.0,21.0,24.0,32.0,11.0,21.0,8.0,17.0,8.0,1.0,25.0,30.0,56.0,4.0,12.0,25.0,36.0,9.0,29.0,18.0,15.0,10.0,1.0,26.0,23,1,3,14,11
2010,137,1373,64,1345,72,0,23.0,70.0,3.0,12.0,15.0,18.0,15.0,30.0,9.0,14.0,7.0,1.0,16.0,27.0,59.0,5.0,17.0,13.0,19.0,6.0,32.0,21.0,14.0,8.0,7.0,14.0,8,1,4,13,9
2010,137,1436,56,1393,79,0,23.0,66.0,5.0,22.0,5.0,10.0,16.0,13.0,13.0,9.0,8.0,1.0,11.0,30.0,55.0,10.0,22.0,9.0,11.0,13.0,27.0,24.0,16.0,8.0,8.0,14.0,23,1,1,16,15
2010,137,1429,53,1401,69,0,24.0,62.0,5.0,20.0,0.0,4.0,10.0,21.0,8.0,9.0,4.0,3.0,18.0,25.0,51.0,8.0,18.0,11.0,14.0,7.0,32.0,12.0,11.0,4.0,1.0,13.0,16,1,5,12,7
2010,137,1288,50,1452,77,0,18.0,61.0,3.0,19.0,11.0,20.0,13.0,25.0,3.0,12.0,6.0,7.0,22.0,24.0,58.0,4.0,15.0,25.0,31.0,14.0,35.0,20.0,9.0,7.0,4.0,16.0,27,1,2,15,13
2010,137,1459,49,1458,53,0,20.0,48.0,3.0,7.0,6.0,13.0,11.0,26.0,7.0,11.0,1.0,2.0,15.0,20.0,54.0,1.0,9.0,12.0,19.0,10.0,20.0,3.0,4.0,7.0,0.0,14.0,4,1,4,13,9
2010,137,1278,54,1462,65,0,19.0,62.0,7.0,26.0,9.0,14.0,16.0,25.0,14.0,8.0,2.0,11.0,18.0,23.0,67.0,7.0,20.0,12.0,19.0,20.0,30.0,15.0,6.0,6.0,3.0,16.0,11,1,6,11,5
2010,138,1330,68,1124,76,0,23.0,53.0,6.0,13.0,16.0,22.0,14.0,17.0,16.0,14.0,9.0,3.0,18.0,28.0,54.0,8.0,20.0,12.0,17.0,11.0,19.0,15.0,13.0,8.0,6.0,19.0,8,1,3,11,8
2010,138,1293,52,1139,54,0,19.0,44.0,9.0,14.0,5.0,12.0,11.0,28.0,12.0,18.0,3.0,3.0,17.0,18.0,50.0,7.0,20.0,11.0,19.0,7.0,15.0,10.0,6.0,6.0,1.0,14.0,2,1,5,13,8
2010,138,1140,72,1243,84,0,21.0,53.0,5.0,16.0,25.0,28.0,9.0,20.0,12.0,13.0,7.0,2.0,24.0,23.0,56.0,11.0,27.0,27.0,30.0,15.0,24.0,14.0,15.0,7.0,3.0,20.0,12,1,2,7,5
2010,138,1448,60,1246,90,0,21.0,64.0,2.0,15.0,16.0,26.0,19.0,15.0,12.0,11.0,6.0,3.0,17.0,38.0,63.0,7.0,21.0,7.0,17.0,14.0,28.0,21.0,11.0,6.0,6.0,21.0,30,1,1,9,8
2010,138,1242,67,1320,69,0,24.0,54.0,6.0,23.0,13.0,18.0,14.0,24.0,9.0,15.0,5.0,3.0,19.0,22.0,55.0,9.0,26.0,16.0,19.0,11.0,19.0,11.0,9.0,9.0,1.0,16.0,2,1,9,1,-8
2010,138,1437,68,1388,75,0,25.0,69.0,7.0,19.0,11.0,11.0,15.0,17.0,9.0,7.0,5.0,2.0,18.0,24.0,48.0,7.0,19.0,20.0,26.0,6.0,27.0,6.0,12.0,2.0,3.0,12.0,7,1,10,2,-8
2010,138,1325,68,1397,83,0,22.0,58.0,10.0,26.0,14.0,26.0,14.0,19.0,15.0,14.0,9.0,1.0,17.0,34.0,60.0,5.0,14.0,10.0,18.0,11.0,30.0,21.0,16.0,8.0,3.0,22.0,15,1,6,14,8
2010,138,1307,64,1449,82,0,26.0,66.0,5.0,17.0,7.0,17.0,13.0,25.0,7.0,11.0,1.0,1.0,18.0,32.0,66.0,8.0,17.0,10.0,20.0,12.0,28.0,21.0,5.0,6.0,7.0,18.0,18,1,11,3,-8
2010,139,1458,69,1165,87,0,24.0,49.0,8.0,25.0,13.0,17.0,8.0,13.0,13.0,10.0,6.0,1.0,16.0,33.0,54.0,8.0,15.0,13.0,16.0,9.0,20.0,14.0,8.0,8.0,1.0,14.0,18,1,12,4,-8
2010,139,1143,53,1181,68,0,19.0,48.0,3.0,12.0,12.0,16.0,9.0,24.0,6.0,11.0,3.0,1.0,18.0,27.0,57.0,3.0,17.0,11.0,17.0,11.0,23.0,11.0,5.0,4.0,5.0,15.0,15,1,1,8,7
2010,139,1268,83,1277,85,0,29.0,66.0,9.0,19.0,16.0,20.0,10.0,14.0,20.0,6.0,8.0,0.0,14.0,32.0,58.0,10.0,18.0,11.0,14.0,13.0,29.0,18.0,19.0,3.0,5.0,19.0,2,1,5,4,-1
2010,139,1210,66,1326,75,0,24.0,58.0,4.0,20.0,14.0,19.0,12.0,21.0,14.0,21.0,12.0,0.0,24.0,25.0,51.0,8.0,21.0,17.0,23.0,7.0,22.0,17.0,18.0,8.0,3.0,17.0,9,1,2,10,8
2010,139,1401,61,1345,63,1,20.444444444444443,57.77777777777778,4.444444444444445,15.11111111111111,8.88888888888889,15.11111111111111,12.444444444444445,27.55555555555556,12.444444444444445,12.444444444444445,7.111111111111111,2.6666666666666665,11.555555555555555,23.11111111111111,56.0,5.333333333333333,15.11111111111111,4.444444444444445,5.333333333333333,4.444444444444445,30.22222222222222,9.77777777777778,10.666666666666666,10.666666666666666,5.333333333333333,16.0,2,1,4,5,1
2010,139,1211,65,1393,87,0,25.0,60.0,3.0,21.0,12.0,20.0,11.0,16.0,14.0,11.0,8.0,3.0,18.0,29.0,53.0,12.0,25.0,17.0,23.0,8.0,30.0,17.0,15.0,4.0,2.0,17.0,22,1,1,8,7
2010,139,1281,59,1452,68,0,20.0,61.0,7.0,21.0,12.0,20.0,17.0,21.0,13.0,7.0,6.0,8.0,23.0,19.0,47.0,5.0,15.0,25.0,33.0,13.0,28.0,12.0,10.0,4.0,5.0,16.0,9,1,2,10,8
2010,139,1338,68,1462,71,0,25.0,64.0,7.0,21.0,11.0,18.0,15.0,25.0,12.0,9.0,4.0,4.0,18.0,24.0,50.0,8.0,16.0,15.0,23.0,5.0,26.0,9.0,7.0,4.0,3.0,16.0,3,1,6,3,-3
2010,143,1393,59,1139,63,0,21.0,48.0,7.0,19.0,10.0,14.0,8.0,30.0,12.0,18.0,4.0,1.0,16.0,21.0,52.0,6.0,24.0,15.0,21.0,5.0,23.0,9.0,7.0,13.0,2.0,15.0,4,1,5,1,-4
2010,143,1462,96,1243,101,2,24.8,57.6,9.6,22.4,17.6,23.2,15.2,25.6,9.6,12.8,6.4,3.2,22.4,29.6,62.4,6.4,15.2,15.2,23.2,12.8,19.2,15.2,9.6,4.0,8.8,20.0,5,1,2,6,4
2010,143,1165,45,1246,62,0,16.0,48.0,5.0,21.0,8.0,13.0,7.0,21.0,8.0,15.0,6.0,3.0,22.0,22.0,50.0,2.0,16.0,16.0,26.0,13.0,28.0,15.0,13.0,12.0,6.0,17.0,17,1,1,12,11
2010,143,1449,56,1452,69,0,22.0,56.0,3.0,11.0,9.0,14.0,11.0,18.0,11.0,21.0,14.0,8.0,20.0,26.0,65.0,4.0,15.0,13.0,17.0,23.0,26.0,14.0,23.0,11.0,4.0,15.0,13,1,2,11,9
2010,144,1388,49,1124,72,0,19.0,54.0,6.0,22.0,5.0,8.0,10.0,19.0,14.0,10.0,1.0,4.0,12.0,28.0,61.0,8.0,17.0,8.0,10.0,15.0,26.0,14.0,7.0,8.0,1.0,9.0,23,1,3,10,7
2010,144,1345,57,1181,70,0,20.0,54.0,4.0,15.0,13.0,21.0,7.0,20.0,12.0,7.0,7.0,6.0,21.0,22.0,55.0,6.0,15.0,20.0,24.0,16.0,32.0,11.0,14.0,4.0,2.0,20.0,13,1,1,4,3
2010,144,1320,52,1277,59,0,17.0,44.0,4.0,16.0,14.0,21.0,4.0,22.0,4.0,10.0,6.0,3.0,13.0,19.0,44.0,7.0,19.0,14.0,19.0,6.0,26.0,15.0,10.0,8.0,3.0,19.0,7,1,5,9,4
2010,144,1326,73,1397,76,0,25.0,58.0,9.0,23.0,14.0,19.0,13.0,16.0,14.0,11.0,6.0,3.0,16.0,30.0,64.0,4.0,15.0,12.0,15.0,20.0,21.0,15.0,16.0,6.0,3.0,20.0,3,1,6,2,-4
2010,145,1243,56,1139,63,0,22.0,57.0,5.0,15.0,7.0,14.0,11.0,18.0,8.0,13.0,11.0,6.0,19.0,21.0,46.0,7.0,15.0,14.0,20.0,12.0,29.0,9.0,20.0,7.0,1.0,16.0,7,1,5,2,-3
2010,145,1246,66,1452,73,0,23.0,67.0,4.0,32.0,16.0,29.0,24.0,27.0,10.0,16.0,6.0,4.0,27.0,20.0,52.0,10.0,23.0,23.0,34.0,10.0,26.0,14.0,12.0,5.0,6.0,22.0,7,1,2,1,-1
2010,146,1124,71,1181,78,0,27.0,59.0,5.0,18.0,12.0,19.0,17.0,20.0,14.0,11.0,8.0,8.0,21.0,22.0,61.0,11.0,23.0,23.0,29.0,23.0,20.0,15.0,11.0,7.0,0.0,15.0,7,1,1,3,2
2010,146,1397,69,1277,70,0,24.0,47.0,7.0,16.0,14.0,21.0,10.0,17.0,11.0,10.0,6.0,3.0,15.0,24.0,52.0,6.0,18.0,16.0,21.0,13.0,14.0,12.0,11.0,8.0,8.0,20.0,1,1,5,6,1
2010,152,1277,50,1139,52,0,18.0,42.0,4.0,11.0,10.0,18.0,8.0,28.0,11.0,16.0,3.0,4.0,21.0,15.0,49.0,5.0,21.0,17.0,24.0,11.0,21.0,5.0,8.0,12.0,2.0,17.0,2,1,5,5,0
2010,152,1452,57,1181,78,0,19.0,46.0,5.0,12.0,14.0,19.0,11.0,16.0,11.0,10.0,1.0,4.0,12.0,29.0,55.0,13.0,25.0,7.0,9.0,11.0,18.0,20.0,6.0,5.0,1.0,16.0,21,1,1,2,1
2010,154,1139,59,1181,61,0,20.0,58.0,6.0,18.0,13.0,18.0,14.0,21.0,7.0,8.0,4.0,0.0,18.0,23.0,52.0,5.0,17.0,10.0,16.0,11.0,26.0,12.0,12.0,5.0,7.0,14.0,2,1,1,5,4
2011,134,1412,52,1155,70,0,18.0,48.0,12.0,24.0,4.0,7.0,7.0,22.0,10.0,19.0,4.0,3.0,10.0,26.0,50.0,4.0,13.0,14.0,16.0,4.0,25.0,17.0,12.0,10.0,2.0,12.0,18,1,12,12,0
2011,134,1114,77,1421,81,1,21.33333333333333,49.77777777777778,8.0,25.77777777777778,17.77777777777778,23.11111111111111,6.222222222222222,23.11111111111111,16.88888888888889,14.22222222222222,5.333333333333333,1.7777777777777777,21.33333333333333,24.0,48.0,3.555555555555556,10.666666666666666,20.444444444444443,24.88888888888889,5.333333333333333,25.77777777777778,15.11111111111111,13.333333333333334,5.333333333333333,0.8888888888888888,22.22222222222222,4,1,16,16,0
2011,135,1106,61,1427,70,0,22.0,62.0,7.0,26.0,10.0,12.0,11.0,28.0,13.0,12.0,6.0,3.0,22.0,23.0,54.0,4.0,16.0,20.0,30.0,10.0,30.0,14.0,13.0,4.0,0.0,14.0,9,1,16,16,0
2011,135,1425,46,1433,59,0,15.0,38.0,1.0,9.0,15.0,25.0,5.0,26.0,4.0,15.0,2.0,6.0,20.0,20.0,59.0,9.0,24.0,10.0,15.0,17.0,23.0,11.0,9.0,5.0,3.0,24.0,13,1,11,11,0
2011,136,1330,58,1139,60,0,16.0,45.0,5.0,15.0,21.0,27.0,13.0,16.0,8.0,15.0,9.0,2.0,17.0,22.0,54.0,7.0,26.0,9.0,11.0,18.0,14.0,11.0,15.0,8.0,1.0,21.0,2,1,8,9,1
2011,136,1459,66,1140,74,0,22.0,56.0,4.0,19.0,18.0,24.0,7.0,29.0,12.0,13.0,4.0,4.0,20.0,24.0,61.0,6.0,22.0,20.0,24.0,10.0,29.0,14.0,10.0,9.0,1.0,22.0,8,1,3,14,11
2011,136,1281,63,1153,78,0,24.0,63.0,6.0,19.0,9.0,13.0,15.0,16.0,15.0,9.0,7.0,3.0,18.0,29.0,54.0,4.0,11.0,16.0,22.0,13.0,23.0,14.0,11.0,3.0,2.0,15.0,15,1,6,11,5
2011,136,1137,52,1163,81,0,16.0,51.0,7.0,21.0,13.0,15.0,1.0,22.0,6.0,5.0,3.0,1.0,10.0,32.0,66.0,9.0,24.0,8.0,9.0,13.0,36.0,20.0,6.0,5.0,6.0,13.0,29,1,3,14,11
2011,136,1364,51,1196,79,0,17.0,47.0,5.0,19.0,12.0,18.0,8.0,18.0,8.0,17.0,7.0,3.0,17.0,29.0,53.0,8.0,23.0,13.0,17.0,9.0,26.0,22.0,12.0,11.0,2.0,15.0,28,1,2,15,13
2011,136,1385,71,1211,86,0,27.0,58.0,7.0,15.0,10.0,15.0,5.0,15.0,9.0,10.0,10.0,4.0,22.0,28.0,52.0,9.0,15.0,21.0,26.0,12.0,31.0,20.0,15.0,6.0,2.0,15.0,15,1,11,6,-5
2011,136,1429,68,1243,73,0,23.0,50.0,6.0,18.0,16.0,21.0,8.0,21.0,10.0,12.0,2.0,2.0,25.0,22.0,54.0,5.0,17.0,24.0,28.0,12.0,21.0,14.0,11.0,2.0,1.0,17.0,5,1,5,12,7
2011,136,1343,57,1246,59,0,24.0,52.0,3.0,14.0,6.0,7.0,8.0,20.0,8.0,6.0,8.0,2.0,11.0,24.0,47.0,5.0,11.0,6.0,11.0,6.0,20.0,12.0,9.0,5.0,7.0,8.0,2,1,4,13,9
2011,136,1257,61,1287,62,0,22.0,48.0,10.0,25.0,7.0,16.0,6.0,23.0,14.0,16.0,14.0,7.0,18.0,21.0,57.0,9.0,19.0,11.0,18.0,17.0,24.0,11.0,18.0,12.0,1.0,13.0,1,1,13,4,-9
2011,136,1421,51,1338,74,0,17.0,55.0,3.0,19.0,14.0,19.0,9.0,18.0,9.0,10.0,7.0,6.0,21.0,25.0,59.0,8.0,19.0,16.0,25.0,22.0,28.0,18.0,12.0,4.0,1.0,16.0,23,1,1,16,15
2011,136,1435,66,1350,69,0,23.0,46.0,6.0,13.0,14.0,23.0,11.0,25.0,12.0,7.0,1.0,2.0,14.0,26.0,56.0,12.0,24.0,5.0,12.0,10.0,17.0,14.0,3.0,4.0,9.0,18.0,3,1,12,5,-7
2011,136,1294,50,1361,68,0,19.0,56.0,8.0,22.0,4.0,8.0,9.0,24.0,8.0,9.0,2.0,0.0,7.0,27.0,66.0,9.0,22.0,5.0,8.0,15.0,30.0,11.0,4.0,5.0,5.0,8.0,18,1,2,15,13
2011,136,1336,64,1396,66,0,26.0,54.0,8.0,19.0,4.0,6.0,8.0,18.0,12.0,9.0,4.0,0.0,13.0,24.0,49.0,5.0,18.0,13.0,15.0,8.0,20.0,10.0,10.0,6.0,5.0,13.0,2,1,7,10,3
2011,136,1277,76,1417,78,0,25.0,62.0,10.0,25.0,16.0,21.0,15.0,21.0,20.0,16.0,9.0,8.0,28.0,22.0,48.0,4.0,11.0,30.0,47.0,13.0,26.0,13.0,16.0,7.0,8.0,20.0,2,1,7,10,3
2011,136,1155,76,1452,84,0,25.0,58.0,5.0,21.0,21.0,26.0,13.0,18.0,15.0,9.0,5.0,3.0,24.0,27.0,55.0,5.0,13.0,25.0,31.0,14.0,23.0,15.0,11.0,6.0,1.0,21.0,8,1,5,12,7
2011,136,1125,58,1458,72,0,18.0,49.0,6.0,22.0,16.0,22.0,6.0,16.0,12.0,7.0,7.0,0.0,21.0,20.0,40.0,12.0,22.0,20.0,25.0,6.0,27.0,13.0,13.0,3.0,2.0,17.0,14,1,4,13,9
2011,137,1272,75,1112,77,0,26.0,53.0,6.0,15.0,17.0,24.0,10.0,23.0,16.0,15.0,7.0,1.0,24.0,23.0,50.0,5.0,19.0,26.0,31.0,8.0,21.0,11.0,14.0,8.0,2.0,21.0,2,1,5,12,7
2011,137,1214,45,1181,87,0,19.0,55.0,4.0,14.0,3.0,7.0,9.0,20.0,4.0,17.0,2.0,1.0,17.0,32.0,60.0,9.0,19.0,14.0,16.0,9.0,29.0,17.0,9.0,9.0,4.0,11.0,42,1,1,16,15
2011,137,1401,50,1199,57,0,16.0,51.0,9.0,25.0,9.0,19.0,12.0,21.0,12.0,11.0,6.0,1.0,19.0,20.0,43.0,4.0,15.0,13.0,20.0,6.0,29.0,14.0,13.0,6.0,10.0,17.0,7,1,10,7,-3
2011,137,1437,57,1206,61,0,19.0,52.0,7.0,22.0,12.0,17.0,10.0,25.0,10.0,9.0,5.0,5.0,19.0,21.0,52.0,4.0,14.0,15.0,24.0,12.0,24.0,12.0,9.0,3.0,1.0,15.0,4,1,8,9,1
2011,137,1424,62,1228,73,0,21.0,54.0,7.0,24.0,13.0,19.0,8.0,17.0,10.0,9.0,8.0,0.0,16.0,28.0,47.0,7.0,13.0,10.0,14.0,5.0,28.0,21.0,15.0,3.0,2.0,17.0,11,1,9,8,-1
2011,137,1131,53,1242,72,0,18.0,51.0,9.0,25.0,8.0,12.0,6.0,19.0,10.0,12.0,6.0,3.0,16.0,29.0,57.0,9.0,20.0,5.0,8.0,11.0,29.0,19.0,14.0,5.0,1.0,13.0,19,1,1,16,15
2011,137,1462,55,1266,66,0,21.0,51.0,2.0,13.0,11.0,15.0,11.0,19.0,11.0,15.0,3.0,2.0,19.0,24.0,45.0,5.0,12.0,13.0,19.0,5.0,21.0,13.0,15.0,6.0,2.0,18.0,11,1,11,6,-5
2011,137,1397,45,1276,75,0,15.0,43.0,3.0,18.0,12.0,16.0,6.0,20.0,10.0,18.0,4.0,5.0,13.0,33.0,64.0,9.0,26.0,0.0,1.0,12.0,24.0,20.0,11.0,5.0,2.0,17.0,30,1,8,9,1
2011,137,1254,87,1314,102,0,31.0,85.0,8.0,31.0,17.0,25.0,16.0,23.0,19.0,14.0,11.0,1.0,28.0,34.0,67.0,3.0,17.0,31.0,42.0,12.0,42.0,21.0,18.0,3.0,10.0,19.0,15,1,2,15,13
2011,137,1103,56,1323,69,0,23.0,64.0,7.0,21.0,3.0,6.0,8.0,24.0,10.0,8.0,6.0,4.0,21.0,21.0,47.0,7.0,17.0,20.0,26.0,6.0,35.0,16.0,14.0,5.0,5.0,11.0,13,1,2,15,13
2011,137,1427,46,1326,75,0,18.0,53.0,4.0,17.0,6.0,7.0,11.0,15.0,6.0,13.0,7.0,0.0,13.0,29.0,52.0,12.0,24.0,5.0,8.0,11.0,24.0,26.0,13.0,5.0,3.0,9.0,29,1,1,16,15
2011,137,1389,43,1345,65,0,17.0,58.0,5.0,21.0,4.0,6.0,9.0,19.0,9.0,14.0,10.0,2.0,19.0,23.0,54.0,5.0,15.0,14.0,17.0,14.0,33.0,12.0,16.0,7.0,3.0,13.0,22,1,3,14,11
2011,137,1232,60,1393,77,0,22.0,55.0,7.0,21.0,9.0,14.0,10.0,15.0,13.0,14.0,7.0,1.0,24.0,23.0,44.0,7.0,16.0,24.0,31.0,9.0,26.0,17.0,15.0,8.0,4.0,16.0,17,1,3,14,11
2011,137,1324,81,1400,85,0,33.0,75.0,7.0,29.0,8.0,11.0,17.0,21.0,12.0,7.0,7.0,3.0,17.0,30.0,63.0,4.0,9.0,21.0,26.0,15.0,27.0,14.0,10.0,4.0,9.0,14.0,4,1,4,13,9
2011,137,1207,56,1433,74,0,20.0,52.0,5.0,26.0,11.0,13.0,12.0,24.0,12.0,17.0,3.0,1.0,26.0,18.0,44.0,12.0,25.0,26.0,39.0,8.0,22.0,14.0,6.0,7.0,4.0,16.0,18,1,11,6,-5
2011,137,1208,65,1449,68,0,23.0,50.0,5.0,12.0,14.0,19.0,11.0,25.0,9.0,15.0,3.0,1.0,13.0,26.0,60.0,4.0,18.0,12.0,14.0,11.0,18.0,10.0,5.0,6.0,1.0,19.0,3,1,7,10,3
2011,138,1338,70,1139,71,0,26.0,46.0,6.0,11.0,12.0,18.0,7.0,26.0,21.0,12.0,2.0,0.0,18.0,24.0,52.0,12.0,27.0,11.0,14.0,5.0,17.0,12.0,6.0,2.0,2.0,18.0,1,1,8,1,-7
2011,138,1211,67,1140,89,0,24.0,57.0,2.0,9.0,17.0,21.0,12.0,24.0,18.0,15.0,4.0,5.0,19.0,31.0,59.0,14.0,28.0,13.0,15.0,4.0,23.0,17.0,8.0,10.0,6.0,19.0,22,1,3,11,8
2011,138,1153,58,1163,69,0,22.0,55.0,4.0,14.0,10.0,14.0,9.0,16.0,12.0,8.0,5.0,2.0,19.0,19.0,44.0,6.0,16.0,25.0,30.0,9.0,26.0,10.0,9.0,3.0,3.0,13.0,11,1,3,6,3
2011,138,1417,65,1196,73,0,23.0,55.0,3.0,13.0,16.0,25.0,14.0,21.0,12.0,8.0,4.0,5.0,14.0,27.0,54.0,6.0,14.0,13.0,17.0,8.0,24.0,13.0,8.0,2.0,4.0,18.0,8,1,2,7,5
2011,138,1452,63,1246,71,0,22.0,53.0,7.0,19.0,12.0,16.0,9.0,21.0,9.0,11.0,5.0,2.0,23.0,24.0,50.0,6.0,18.0,17.0,24.0,9.0,25.0,12.0,10.0,1.0,6.0,19.0,8,1,4,5,1
2011,138,1287,48,1350,65,0,18.0,48.0,2.0,14.0,10.0,15.0,12.0,22.0,7.0,9.0,4.0,3.0,16.0,26.0,55.0,4.0,16.0,9.0,13.0,10.0,22.0,18.0,6.0,5.0,4.0,12.0,17,1,12,13,1
2011,138,1396,64,1361,71,2,20.0,52.8,4.8,11.2,6.4,8.8,10.4,17.6,10.4,8.8,2.4,0.8,12.0,22.4,52.0,4.8,8.8,7.2,7.2,10.4,23.2,10.4,10.4,4.8,4.8,11.2,7,1,2,7,5
2011,138,1243,65,1458,70,0,22.0,48.0,6.0,12.0,15.0,22.0,10.0,22.0,7.0,8.0,3.0,0.0,22.0,21.0,50.0,9.0,20.0,19.0,23.0,10.0,20.0,12.0,5.0,4.0,2.0,18.0,5,1,4,5,1
2011,139,1400,69,1112,70,0,24.0,53.0,3.0,11.0,18.0,22.0,10.0,23.0,13.0,13.0,5.0,7.0,17.0,24.0,54.0,8.0,14.0,14.0,22.0,11.0,21.0,17.0,12.0,8.0,2.0,20.0,1,1,5,4,-1
2011,139,1276,71,1181,73,0,27.0,53.0,7.0,21.0,10.0,11.0,4.0,18.0,13.0,7.0,7.0,0.0,23.0,25.0,49.0,5.0,20.0,18.0,25.0,10.0,23.0,12.0,11.0,1.0,2.0,18.0,2,1,1,8,7
2011,139,1323,57,1199,71,0,19.0,62.0,7.0,30.0,12.0,19.0,15.0,23.0,12.0,8.0,4.0,5.0,25.0,22.0,48.0,9.0,19.0,18.0,25.0,9.0,31.0,15.0,12.0,2.0,9.0,18.0,14,1,10,2,-8
2011,139,1228,59,1242,73,0,23.0,60.0,6.0,21.0,7.0,9.0,10.0,21.0,16.0,12.0,7.0,2.0,18.0,27.0,52.0,4.0,12.0,15.0,20.0,7.0,29.0,17.0,12.0,5.0,2.0,11.0,14,1,1,9,8
2011,139,1393,62,1266,66,0,26.0,47.0,5.0,15.0,5.0,7.0,4.0,20.0,11.0,18.0,7.0,2.0,21.0,21.0,51.0,5.0,11.0,19.0,23.0,12.0,18.0,15.0,14.0,11.0,1.0,13.0,4,1,11,3,-8
2011,139,1449,83,1314,86,0,33.0,72.0,10.0,19.0,7.0,7.0,14.0,26.0,17.0,13.0,6.0,2.0,20.0,31.0,66.0,6.0,12.0,18.0,23.0,12.0,25.0,18.0,9.0,7.0,5.0,9.0,3,1,2,7,5
2011,139,1206,66,1326,98,0,26.0,60.0,8.0,18.0,6.0,7.0,13.0,16.0,13.0,17.0,5.0,3.0,17.0,36.0,59.0,16.0,26.0,10.0,18.0,11.0,22.0,23.0,9.0,8.0,1.0,11.0,32,1,1,8,7
2011,139,1345,76,1433,94,0,30.0,67.0,8.0,25.0,8.0,11.0,13.0,20.0,20.0,7.0,3.0,6.0,15.0,37.0,65.0,8.0,21.0,12.0,14.0,9.0,26.0,26.0,4.0,4.0,2.0,13.0,18,1,11,3,-8
2011,143,1181,77,1112,93,0,27.0,58.0,5.0,14.0,18.0,22.0,9.0,18.0,10.0,11.0,5.0,6.0,20.0,34.0,63.0,9.0,15.0,16.0,21.0,16.0,24.0,15.0,12.0,7.0,3.0,21.0,16,1,5,1,-4
2011,143,1458,54,1139,61,0,17.0,56.0,7.0,29.0,13.0,19.0,12.0,19.0,9.0,11.0,7.0,3.0,20.0,19.0,45.0,5.0,18.0,18.0,26.0,10.0,27.0,7.0,14.0,8.0,2.0,19.0,7,1,8,4,-4
2011,143,1361,67,1163,74,0,27.0,64.0,7.0,22.0,6.0,13.0,15.0,22.0,14.0,9.0,4.0,1.0,14.0,27.0,57.0,8.0,16.0,12.0,16.0,9.0,26.0,13.0,9.0,5.0,3.0,16.0,7,1,3,2,-1
2011,143,1140,74,1196,83,1,22.22222222222222,63.11111111111112,8.88888888888889,32.888888888888886,12.444444444444445,14.22222222222222,10.666666666666666,26.666666666666668,11.555555555555555,10.666666666666666,9.77777777777778,0.8888888888888888,16.88888888888889,27.55555555555556,57.77777777777778,9.77777777777778,30.22222222222222,8.88888888888889,19.55555555555556,8.88888888888889,31.11111111111111,20.444444444444443,13.333333333333334,7.111111111111111,4.444444444444445,10.666666666666666,9,1,2,3,1
2011,144,1350,57,1242,77,0,22.0,65.0,4.0,26.0,9.0,12.0,16.0,19.0,7.0,11.0,3.0,2.0,10.0,30.0,63.0,9.0,19.0,8.0,10.0,15.0,28.0,20.0,9.0,7.0,3.0,14.0,20,1,1,12,11
2011,144,1326,60,1246,62,0,19.0,58.0,6.0,16.0,16.0,22.0,16.0,20.0,7.0,7.0,6.0,1.0,14.0,22.0,48.0,6.0,17.0,12.0,14.0,7.0,25.0,11.0,11.0,3.0,11.0,18.0,2,1,4,1,-3
2011,144,1266,63,1314,81,0,23.0,63.0,2.0,16.0,15.0,20.0,18.0,24.0,8.0,18.0,4.0,8.0,17.0,31.0,74.0,5.0,16.0,14.0,21.0,22.0,26.0,15.0,7.0,11.0,8.0,16.0,18,1,2,11,9
2011,144,1199,71,1433,72,1,23.11111111111111,63.11111111111112,6.222222222222222,16.88888888888889,10.666666666666666,16.0,18.666666666666668,23.11111111111111,6.222222222222222,14.22222222222222,7.111111111111111,5.333333333333333,16.88888888888889,21.33333333333333,47.11111111111112,10.666666666666666,23.11111111111111,10.666666666666666,17.77777777777778,6.222222222222222,22.22222222222222,16.0,15.11111111111111,10.666666666666666,0.8888888888888888,17.77777777777778,1,1,11,10,-1
2011,145,1196,71,1139,74,1,22.22222222222222,50.66666666666666,2.6666666666666665,12.444444444444445,16.0,19.55555555555556,7.111111111111111,23.11111111111111,8.88888888888889,6.222222222222222,5.333333333333333,2.6666666666666665,21.33333333333333,21.33333333333333,53.333333333333336,8.0,29.33333333333333,15.11111111111111,24.0,14.22222222222222,22.22222222222222,7.111111111111111,8.88888888888889,1.7777777777777777,0.8888888888888888,17.77777777777778,3,1,8,2,-6
2011,145,1112,63,1163,65,0,24.0,61.0,4.0,21.0,11.0,16.0,19.0,23.0,14.0,9.0,3.0,1.0,12.0,23.0,56.0,5.0,17.0,14.0,18.0,11.0,20.0,10.0,5.0,5.0,6.0,15.0,2,1,3,5,2
2011,146,1314,69,1246,76,0,27.0,62.0,3.0,16.0,12.0,15.0,11.0,25.0,13.0,13.0,9.0,5.0,17.0,27.0,56.0,12.0,22.0,10.0,16.0,9.0,25.0,16.0,14.0,10.0,5.0,13.0,7,1,4,2,-2
2011,146,1242,61,1433,71,0,22.0,62.0,2.0,21.0,15.0,28.0,19.0,26.0,10.0,14.0,8.0,6.0,20.0,21.0,53.0,12.0,25.0,17.0,22.0,9.0,26.0,14.0,13.0,7.0,1.0,18.0,10,1,11,1,-10
2011,152,1433,62,1139,70,0,23.0,58.0,8.0,22.0,8.0,13.0,6.0,26.0,17.0,10.0,3.0,4.0,24.0,21.0,59.0,8.0,23.0,20.0,26.0,16.0,32.0,8.0,9.0,5.0,2.0,16.0,8,1,8,11,3
2011,152,1246,55,1163,56,0,21.0,62.0,9.0,27.0,4.0,12.0,15.0,22.0,12.0,10.0,11.0,3.0,12.0,23.0,49.0,1.0,12.0,9.0,11.0,6.0,32.0,16.0,15.0,5.0,3.0,13.0,1,1,3,4,1
2011,154,1139,41,1163,53,0,12.0,64.0,9.0,33.0,8.0,14.0,20.0,21.0,5.0,6.0,8.0,2.0,17.0,19.0,55.0,1.0,11.0,14.0,16.0,17.0,36.0,6.0,11.0,4.0,10.0,15.0,12,1,3,8,5
2012,134,1233,72,1140,78,0,31.0,70.0,6.0,25.0,4.0,8.0,8.0,28.0,19.0,18.0,10.0,3.0,19.0,30.0,62.0,7.0,20.0,11.0,20.0,10.0,33.0,21.0,20.0,9.0,7.0,14.0,6,1,14,14,0
2012,134,1290,58,1443,59,0,22.0,61.0,4.0,22.0,10.0,22.0,10.0,22.0,12.0,17.0,11.0,8.0,24.0,19.0,62.0,2.0,16.0,19.0,33.0,26.0,34.0,10.0,28.0,7.0,9.0,18.0,1,1,16,16,0
2012,135,1143,54,1378,65,0,21.0,58.0,3.0,14.0,9.0,14.0,12.0,19.0,10.0,7.0,1.0,2.0,14.0,28.0,49.0,5.0,15.0,4.0,8.0,5.0,27.0,15.0,11.0,3.0,4.0,14.0,11,1,12,12,0
2012,135,1249,59,1436,71,0,20.0,60.0,4.0,13.0,15.0,21.0,19.0,21.0,6.0,7.0,3.0,2.0,17.0,25.0,50.0,4.0,11.0,17.0,24.0,9.0,25.0,16.0,5.0,3.0,3.0,19.0,12,1,16,16,0
2012,136,1355,60,1124,68,0,21.0,50.0,10.0,30.0,8.0,14.0,7.0,16.0,16.0,13.0,7.0,1.0,17.0,23.0,52.0,8.0,20.0,14.0,20.0,12.0,23.0,9.0,12.0,6.0,2.0,16.0,8,1,3,14,11
2012,136,1424,64,1160,68,0,23.0,71.0,9.0,36.0,9.0,17.0,12.0,21.0,13.0,8.0,14.0,8.0,22.0,22.0,48.0,7.0,12.0,17.0,27.0,9.0,37.0,12.0,23.0,4.0,3.0,18.0,4,1,11,6,-5
2012,136,1452,54,1211,77,0,16.0,49.0,3.0,17.0,19.0,28.0,12.0,19.0,10.0,10.0,2.0,3.0,17.0,28.0,50.0,9.0,17.0,12.0,16.0,6.0,25.0,15.0,10.0,9.0,2.0,25.0,23,1,7,10,3
2012,136,1308,66,1231,79,0,27.0,49.0,4.0,12.0,8.0,10.0,7.0,16.0,7.0,17.0,5.0,6.0,13.0,32.0,54.0,7.0,13.0,8.0,10.0,7.0,14.0,15.0,12.0,12.0,0.0,12.0,13,1,4,13,9
2012,136,1163,64,1235,77,0,21.0,56.0,7.0,19.0,15.0,22.0,8.0,16.0,8.0,4.0,7.0,5.0,17.0,26.0,54.0,6.0,16.0,19.0,20.0,12.0,29.0,10.0,11.0,2.0,4.0,15.0,13,1,8,9,1
2012,136,1379,64,1243,70,0,22.0,60.0,8.0,23.0,12.0,17.0,13.0,21.0,8.0,10.0,8.0,0.0,25.0,21.0,42.0,2.0,12.0,26.0,34.0,5.0,26.0,12.0,11.0,4.0,7.0,18.0,6,1,8,9,1
2012,136,1443,66,1246,81,0,25.0,63.0,6.0,15.0,10.0,16.0,10.0,20.0,10.0,10.0,6.0,2.0,19.0,30.0,54.0,3.0,10.0,18.0,25.0,9.0,30.0,14.0,12.0,2.0,9.0,14.0,15,1,1,16,15
2012,136,1172,62,1257,69,0,21.0,60.0,4.0,19.0,16.0,23.0,13.0,23.0,12.0,10.0,4.0,6.0,23.0,21.0,52.0,1.0,5.0,26.0,36.0,13.0,27.0,8.0,10.0,5.0,4.0,19.0,7,1,4,13,9
2012,136,1140,68,1266,88,0,23.0,61.0,7.0,19.0,15.0,22.0,9.0,25.0,16.0,17.0,8.0,6.0,22.0,30.0,66.0,9.0,20.0,19.0,26.0,16.0,32.0,19.0,16.0,7.0,3.0,20.0,20,1,3,14,11
2012,136,1161,41,1293,58,0,16.0,48.0,3.0,14.0,6.0,9.0,12.0,28.0,7.0,22.0,6.0,1.0,22.0,20.0,51.0,5.0,17.0,13.0,26.0,10.0,22.0,9.0,8.0,9.0,5.0,8.0,17,1,6,11,5
2012,136,1253,68,1307,75,0,28.0,65.0,4.0,16.0,8.0,14.0,16.0,20.0,13.0,15.0,6.0,2.0,19.0,25.0,50.0,7.0,21.0,18.0,24.0,7.0,24.0,19.0,14.0,6.0,7.0,16.0,7,1,5,12,7
2012,136,1259,59,1326,78,0,19.0,54.0,4.0,14.0,17.0,22.0,5.0,19.0,9.0,12.0,6.0,8.0,24.0,26.0,58.0,5.0,14.0,21.0,26.0,16.0,33.0,11.0,18.0,6.0,8.0,19.0,19,1,2,15,13
2012,136,1421,65,1393,72,0,21.0,49.0,9.0,23.0,14.0,16.0,10.0,22.0,17.0,12.0,3.0,0.0,22.0,25.0,56.0,5.0,23.0,17.0,24.0,15.0,18.0,16.0,9.0,5.0,5.0,15.0,7,1,1,16,15
2012,136,1455,59,1433,62,0,24.0,62.0,5.0,16.0,6.0,10.0,12.0,24.0,13.0,12.0,8.0,4.0,12.0,25.0,59.0,6.0,23.0,6.0,9.0,10.0,27.0,9.0,11.0,8.0,3.0,12.0,3,1,12,5,-7
2012,136,1217,70,1435,79,0,25.0,56.0,9.0,24.0,11.0,14.0,8.0,17.0,14.0,10.0,4.0,0.0,21.0,25.0,46.0,8.0,18.0,21.0,30.0,10.0,25.0,13.0,16.0,8.0,5.0,18.0,9,1,5,12,7
2012,136,1285,49,1458,73,0,18.0,47.0,3.0,9.0,10.0,15.0,5.0,16.0,8.0,8.0,8.0,2.0,16.0,23.0,48.0,10.0,19.0,17.0,19.0,11.0,26.0,15.0,10.0,3.0,8.0,15.0,24,1,4,13,9
2012,137,1400,59,1153,65,0,20.0,57.0,7.0,20.0,12.0,14.0,10.0,24.0,11.0,11.0,6.0,5.0,15.0,27.0,59.0,3.0,16.0,8.0,16.0,12.0,28.0,17.0,9.0,4.0,4.0,16.0,6,1,6,11,5
2012,137,1104,57,1166,58,0,22.0,48.0,7.0,17.0,6.0,12.0,6.0,26.0,9.0,9.0,5.0,4.0,18.0,22.0,50.0,9.0,21.0,5.0,13.0,7.0,24.0,14.0,7.0,4.0,3.0,11.0,1,1,8,9,1
2012,137,1438,45,1196,71,0,18.0,47.0,3.0,18.0,6.0,10.0,2.0,21.0,12.0,13.0,5.0,1.0,15.0,28.0,53.0,4.0,23.0,11.0,17.0,9.0,30.0,11.0,12.0,6.0,0.0,10.0,26,1,7,10,3
2012,137,1382,63,1199,66,0,23.0,57.0,7.0,14.0,10.0,13.0,14.0,23.0,16.0,13.0,9.0,3.0,16.0,24.0,53.0,7.0,19.0,11.0,14.0,9.0,22.0,13.0,11.0,9.0,9.0,14.0,3,1,3,14,11
2012,137,1125,59,1207,74,0,21.0,54.0,10.0,27.0,7.0,11.0,10.0,14.0,16.0,9.0,3.0,0.0,15.0,30.0,49.0,5.0,12.0,9.0,13.0,7.0,25.0,14.0,12.0,2.0,3.0,10.0,15,1,3,14,11
2012,137,1178,50,1242,65,0,20.0,63.0,3.0,17.0,7.0,14.0,16.0,25.0,9.0,14.0,9.0,3.0,21.0,23.0,50.0,5.0,16.0,14.0,23.0,7.0,33.0,12.0,14.0,6.0,5.0,17.0,15,1,2,15,13
2012,137,1181,70,1250,75,0,24.0,58.0,6.0,26.0,16.0,23.0,13.0,29.0,12.0,13.0,4.0,3.0,26.0,22.0,52.0,6.0,18.0,25.0,37.0,9.0,25.0,12.0,8.0,7.0,1.0,22.0,5,1,15,2,-13
2012,137,1254,67,1277,89,0,22.0,50.0,8.0,17.0,15.0,23.0,4.0,16.0,10.0,12.0,6.0,4.0,10.0,40.0,68.0,3.0,9.0,6.0,9.0,15.0,28.0,21.0,12.0,6.0,0.0,17.0,22,1,1,16,15
2012,137,1361,65,1301,79,0,23.0,61.0,8.0,23.0,11.0,14.0,8.0,21.0,9.0,9.0,3.0,2.0,17.0,31.0,53.0,3.0,9.0,14.0,21.0,6.0,32.0,13.0,10.0,3.0,3.0,13.0,14,1,11,6,-5
2012,137,1281,84,1313,86,0,29.0,55.0,13.0,29.0,13.0,17.0,7.0,18.0,15.0,8.0,6.0,1.0,19.0,32.0,59.0,10.0,19.0,12.0,18.0,14.0,23.0,14.0,11.0,2.0,3.0,20.0,2,1,15,2,-13
2012,137,1436,58,1314,77,0,25.0,63.0,3.0,18.0,5.0,8.0,16.0,26.0,8.0,20.0,6.0,2.0,19.0,27.0,65.0,5.0,18.0,18.0,24.0,15.0,22.0,14.0,11.0,14.0,6.0,10.0,19,1,1,16,15
2012,137,1276,60,1325,65,0,22.0,54.0,7.0,23.0,9.0,11.0,11.0,18.0,11.0,10.0,2.0,0.0,16.0,22.0,43.0,6.0,16.0,15.0,17.0,4.0,22.0,13.0,9.0,6.0,2.0,12.0,5,1,13,4,-9
2012,137,1388,69,1345,72,0,27.0,64.0,4.0,25.0,11.0,13.0,12.0,27.0,11.0,11.0,3.0,3.0,18.0,26.0,57.0,5.0,16.0,15.0,18.0,7.0,25.0,7.0,10.0,7.0,2.0,17.0,3,1,10,7,-3
2012,137,1396,44,1378,58,0,15.0,42.0,2.0,12.0,12.0,16.0,6.0,22.0,9.0,13.0,6.0,5.0,19.0,17.0,50.0,8.0,17.0,16.0,21.0,14.0,23.0,7.0,12.0,10.0,1.0,16.0,14,1,12,5,-7
2012,137,1272,54,1387,61,0,21.0,54.0,2.0,15.0,10.0,17.0,10.0,19.0,4.0,11.0,8.0,3.0,17.0,21.0,46.0,5.0,13.0,14.0,18.0,8.0,26.0,7.0,17.0,6.0,1.0,12.0,7,1,9,8,-1
2012,137,1323,63,1462,67,0,25.0,49.0,9.0,21.0,4.0,9.0,6.0,15.0,19.0,11.0,6.0,1.0,16.0,22.0,44.0,5.0,10.0,18.0,27.0,10.0,20.0,11.0,10.0,6.0,1.0,14.0,4,1,10,7,-3
2012,138,1160,63,1124,80,0,23.0,51.0,5.0,15.0,12.0,18.0,7.0,21.0,13.0,13.0,6.0,3.0,16.0,28.0,64.0,11.0,20.0,13.0,18.0,17.0,24.0,15.0,11.0,9.0,4.0,12.0,17,1,3,11,8
2012,138,1433,61,1231,63,0,23.0,57.0,9.0,30.0,6.0,13.0,8.0,15.0,8.0,11.0,10.0,3.0,16.0,24.0,46.0,6.0,13.0,9.0,11.0,8.0,28.0,13.0,22.0,6.0,2.0,13.0,2,1,4,12,8
2012,138,1235,71,1246,87,0,25.0,61.0,3.0,22.0,18.0,25.0,12.0,19.0,7.0,7.0,6.0,2.0,18.0,31.0,56.0,10.0,20.0,15.0,22.0,12.0,28.0,19.0,11.0,2.0,5.0,19.0,16,1,1,8,7
2012,138,1307,56,1257,59,0,23.0,58.0,5.0,23.0,5.0,8.0,17.0,19.0,13.0,13.0,5.0,2.0,12.0,22.0,48.0,7.0,15.0,8.0,12.0,7.0,18.0,9.0,11.0,9.0,5.0,14.0,3,1,4,5,1
2012,138,1293,53,1266,62,0,20.0,64.0,4.0,21.0,9.0,10.0,13.0,30.0,7.0,16.0,6.0,4.0,18.0,21.0,55.0,4.0,15.0,16.0,21.0,5.0,31.0,11.0,12.0,7.0,4.0,11.0,9,1,3,6,3
2012,138,1211,66,1326,73,0,22.0,56.0,8.0,23.0,14.0,19.0,13.0,21.0,14.0,9.0,3.0,1.0,19.0,25.0,53.0,9.0,24.0,14.0,18.0,9.0,22.0,13.0,11.0,6.0,4.0,17.0,7,1,2,7,5
2012,138,1243,59,1393,75,0,21.0,67.0,4.0,17.0,13.0,19.0,25.0,16.0,8.0,14.0,5.0,0.0,20.0,23.0,45.0,6.0,9.0,23.0,29.0,9.0,23.0,13.0,14.0,6.0,8.0,18.0,16,1,1,8,7
2012,138,1435,57,1458,60,0,20.0,46.0,5.0,19.0,12.0,16.0,9.0,26.0,8.0,12.0,4.0,3.0,17.0,23.0,55.0,10.0,33.0,4.0,8.0,10.0,20.0,13.0,8.0,4.0,1.0,16.0,3,1,4,5,1
2012,139,1199,56,1153,62,0,19.0,50.0,6.0,17.0,12.0,15.0,10.0,21.0,11.0,17.0,5.0,8.0,20.0,19.0,50.0,5.0,15.0,19.0,23.0,10.0,23.0,13.0,15.0,13.0,5.0,18.0,6,1,6,3,-3
2012,139,1313,50,1196,84,0,18.0,66.0,4.0,24.0,10.0,13.0,14.0,17.0,9.0,8.0,3.0,3.0,21.0,28.0,53.0,10.0,28.0,18.0,25.0,13.0,35.0,13.0,13.0,4.0,4.0,12.0,34,1,7,15,8
2012,139,1345,60,1242,63,0,20.0,50.0,8.0,18.0,12.0,19.0,12.0,24.0,11.0,10.0,3.0,1.0,16.0,21.0,62.0,6.0,24.0,15.0,23.0,21.0,23.0,10.0,7.0,6.0,4.0,18.0,3,1,2,10,8
2012,139,1387,61,1277,65,0,18.0,51.0,7.0,25.0,18.0,23.0,8.0,20.0,9.0,6.0,5.0,1.0,16.0,25.0,46.0,4.0,10.0,11.0,17.0,5.0,27.0,12.0,11.0,2.0,1.0,19.0,4,1,1,9,8
2012,139,1207,63,1301,66,0,21.0,51.0,8.0,25.0,13.0,17.0,8.0,25.0,13.0,12.0,5.0,4.0,23.0,20.0,54.0,7.0,15.0,19.0,31.0,17.0,24.0,11.0,10.0,4.0,3.0,14.0,3,1,11,3,-8
2012,139,1166,73,1314,87,0,28.0,68.0,8.0,20.0,9.0,12.0,9.0,26.0,11.0,9.0,7.0,3.0,18.0,33.0,65.0,8.0,16.0,13.0,19.0,11.0,33.0,16.0,9.0,4.0,9.0,8.0,14,1,1,8,7
2012,139,1378,56,1325,62,0,20.0,46.0,2.0,15.0,14.0,19.0,10.0,23.0,10.0,10.0,5.0,6.0,16.0,17.0,43.0,9.0,18.0,19.0,25.0,7.0,18.0,10.0,9.0,9.0,1.0,19.0,6,1,13,12,-1
2012,139,1250,58,1462,70,0,21.0,64.0,3.0,22.0,13.0,20.0,15.0,21.0,4.0,8.0,6.0,5.0,20.0,24.0,54.0,7.0,15.0,15.0,21.0,12.0,31.0,8.0,14.0,2.0,6.0,15.0,12,1,10,15,5
2012,143,1266,58,1196,68,0,20.0,65.0,6.0,21.0,12.0,18.0,15.0,26.0,11.0,9.0,8.0,3.0,17.0,24.0,59.0,7.0,27.0,13.0,15.0,10.0,32.0,15.0,11.0,5.0,9.0,15.0,10,1,7,3,-4
2012,143,1277,44,1257,57,0,14.0,49.0,5.0,21.0,11.0,12.0,8.0,28.0,12.0,15.0,8.0,7.0,15.0,21.0,55.0,9.0,23.0,6.0,11.0,11.0,28.0,15.0,10.0,9.0,7.0,11.0,13,1,4,1,-3
2012,143,1153,66,1326,81,0,26.0,56.0,9.0,23.0,5.0,8.0,8.0,21.0,8.0,18.0,5.0,5.0,21.0,27.0,56.0,8.0,17.0,19.0,27.0,12.0,23.0,14.0,11.0,13.0,1.0,11.0,15,1,2,6,4
2012,143,1458,63,1393,64,0,21.0,49.0,14.0,27.0,7.0,12.0,8.0,17.0,15.0,6.0,2.0,2.0,12.0,27.0,49.0,5.0,9.0,5.0,9.0,7.0,19.0,5.0,6.0,4.0,1.0,13.0,1,1,1,4,3
2012,144,1462,70,1124,75,0,24.0,56.0,3.0,15.0,19.0,24.0,11.0,18.0,10.0,10.0,7.0,4.0,15.0,29.0,57.0,5.0,15.0,12.0,14.0,10.0,25.0,21.0,13.0,7.0,3.0,17.0,5,1,3,10,7
2012,144,1301,57,1242,60,0,19.0,67.0,6.0,21.0,13.0,17.0,21.0,26.0,10.0,14.0,7.0,6.0,17.0,24.0,64.0,1.0,14.0,11.0,20.0,20.0,30.0,13.0,14.0,9.0,11.0,14.0,3,1,2,11,9
2012,144,1231,90,1246,102,0,36.0,69.0,5.0,18.0,13.0,17.0,12.0,19.0,16.0,8.0,3.0,2.0,27.0,31.0,64.0,5.0,10.0,35.0,37.0,15.0,24.0,12.0,6.0,3.0,4.0,18.0,12,1,1,4,3
2012,144,1325,65,1314,73,1,20.444444444444443,63.11111111111112,10.666666666666666,28.444444444444443,6.222222222222222,7.111111111111111,6.222222222222222,20.444444444444443,15.11111111111111,11.555555555555555,11.555555555555555,2.6666666666666665,19.55555555555556,23.11111111111111,57.77777777777778,6.222222222222222,19.55555555555556,12.444444444444445,21.33333333333333,19.55555555555556,36.44444444444444,16.0,21.33333333333333,3.555555555555556,7.111111111111111,11.555555555555555,8,1,1,13,12
2012,145,1196,68,1257,72,0,24.0,48.0,8.0,20.0,12.0,18.0,6.0,26.0,17.0,14.0,4.0,3.0,15.0,27.0,60.0,6.0,16.0,12.0,15.0,8.0,22.0,11.0,6.0,6.0,3.0,21.0,4,1,4,7,3
2012,145,1393,70,1326,77,0,22.0,53.0,6.0,16.0,20.0,25.0,8.0,18.0,9.0,12.0,6.0,7.0,29.0,21.0,51.0,4.0,13.0,31.0,42.0,14.0,25.0,10.0,12.0,4.0,3.0,20.0,7,1,2,1,-1
2012,146,1314,67,1242,80,0,28.0,64.0,2.0,17.0,9.0,12.0,8.0,27.0,18.0,10.0,5.0,6.0,17.0,29.0,63.0,4.0,14.0,18.0,24.0,11.0,30.0,14.0,8.0,9.0,3.0,16.0,13,1,2,1,-1
2012,146,1124,70,1246,82,0,25.0,64.0,4.0,14.0,16.0,19.0,16.0,18.0,15.0,14.0,5.0,5.0,32.0,24.0,45.0,4.0,9.0,30.0,44.0,8.0,24.0,15.0,13.0,9.0,9.0,19.0,12,1,1,3,2
2012,152,1326,62,1242,64,0,20.0,59.0,8.0,22.0,14.0,15.0,10.0,20.0,11.0,12.0,7.0,7.0,17.0,25.0,56.0,3.0,11.0,11.0,14.0,12.0,30.0,14.0,17.0,5.0,8.0,15.0,2,1,2,2,0
2012,152,1257,61,1246,69,0,24.0,69.0,4.0,11.0,9.0,13.0,19.0,21.0,7.0,12.0,5.0,4.0,16.0,28.0,49.0,2.0,7.0,11.0,20.0,6.0,27.0,9.0,14.0,7.0,7.0,14.0,8,1,1,4,3
2012,154,1242,59,1246,67,0,22.0,62.0,5.0,11.0,10.0,15.0,11.0,24.0,9.0,9.0,6.0,5.0,16.0,23.0,56.0,6.0,14.0,15.0,21.0,12.0,31.0,12.0,11.0,4.0,11.0,15.0,8,1,1,2,1
2013,134,1251,72,1299,73,0,23.0,54.0,10.0,23.0,16.0,18.0,6.0,24.0,15.0,10.0,4.0,3.0,17.0,27.0,52.0,8.0,18.0,11.0,19.0,6.0,27.0,10.0,8.0,6.0,4.0,19.0,1,1,16,16,0
2013,134,1292,54,1388,67,0,22.0,52.0,4.0,12.0,6.0,7.0,6.0,22.0,14.0,9.0,4.0,3.0,20.0,21.0,46.0,8.0,14.0,17.0,25.0,8.0,25.0,9.0,7.0,3.0,0.0,15.0,13,1,11,11,0
2013,135,1254,55,1241,68,0,21.0,59.0,3.0,16.0,10.0,14.0,16.0,19.0,11.0,11.0,7.0,1.0,12.0,26.0,56.0,8.0,23.0,8.0,12.0,14.0,25.0,17.0,11.0,3.0,10.0,16.0,13,1,16,16,0
2013,135,1129,71,1247,80,0,26.0,53.0,7.0,18.0,12.0,18.0,11.0,18.0,14.0,10.0,3.0,1.0,13.0,31.0,49.0,11.0,21.0,7.0,12.0,3.0,19.0,16.0,10.0,4.0,1.0,16.0,9,1,13,13,0
2013,136,1125,64,1112,81,0,20.0,51.0,8.0,27.0,16.0,23.0,4.0,14.0,7.0,8.0,7.0,0.0,20.0,29.0,51.0,9.0,17.0,14.0,20.0,12.0,32.0,13.0,16.0,2.0,5.0,21.0,17,1,6,11,5
2013,136,1137,56,1139,68,0,23.0,62.0,5.0,16.0,5.0,8.0,9.0,28.0,13.0,9.0,0.0,4.0,20.0,20.0,55.0,3.0,17.0,25.0,28.0,10.0,31.0,8.0,5.0,6.0,3.0,12.0,12,1,6,11,5
2013,136,1424,61,1143,64,0,19.0,59.0,6.0,20.0,17.0,26.0,12.0,30.0,11.0,12.0,3.0,6.0,20.0,26.0,59.0,5.0,11.0,7.0,16.0,8.0,33.0,18.0,11.0,7.0,5.0,19.0,3,1,12,5,-7
2013,136,1281,72,1161,84,0,24.0,57.0,7.0,23.0,17.0,19.0,3.0,16.0,13.0,5.0,6.0,3.0,24.0,25.0,51.0,7.0,14.0,27.0,33.0,12.0,30.0,10.0,14.0,1.0,3.0,17.0,12,1,8,9,1
2013,136,1380,58,1211,64,0,18.0,46.0,10.0,23.0,12.0,18.0,3.0,24.0,10.0,10.0,4.0,8.0,12.0,23.0,55.0,8.0,20.0,10.0,15.0,11.0,29.0,14.0,10.0,6.0,0.0,16.0,6,1,1,16,15
2013,136,1307,62,1217,68,0,21.0,56.0,3.0,14.0,17.0,24.0,16.0,18.0,8.0,11.0,12.0,1.0,17.0,22.0,42.0,8.0,18.0,16.0,20.0,3.0,23.0,11.0,13.0,3.0,3.0,20.0,6,1,14,3,-11
2013,136,1299,48,1257,79,0,17.0,41.0,6.0,16.0,8.0,10.0,5.0,15.0,7.0,27.0,8.0,0.0,18.0,31.0,54.0,4.0,16.0,13.0,22.0,12.0,19.0,14.0,16.0,20.0,2.0,13.0,31,1,1,16,15
2013,136,1172,58,1266,59,0,19.0,46.0,6.0,17.0,14.0,22.0,7.0,22.0,12.0,11.0,2.0,4.0,17.0,20.0,58.0,4.0,15.0,15.0,19.0,17.0,24.0,5.0,9.0,5.0,4.0,20.0,1,1,3,14,11
2013,136,1388,52,1272,54,0,19.0,58.0,3.0,15.0,11.0,14.0,15.0,24.0,9.0,13.0,4.0,0.0,19.0,20.0,49.0,5.0,15.0,9.0,18.0,10.0,25.0,12.0,15.0,9.0,12.0,18.0,2,1,6,11,5
2013,136,1355,56,1276,71,0,23.0,52.0,4.0,19.0,6.0,8.0,8.0,21.0,13.0,12.0,3.0,0.0,10.0,28.0,55.0,9.0,20.0,6.0,9.0,8.0,21.0,12.0,9.0,6.0,3.0,8.0,15,1,4,13,9
2013,136,1434,54,1277,65,0,19.0,54.0,7.0,25.0,9.0,14.0,8.0,15.0,10.0,7.0,12.0,5.0,12.0,26.0,58.0,6.0,15.0,7.0,11.0,20.0,29.0,16.0,17.0,6.0,3.0,16.0,11,1,3,14,11
2013,136,1329,55,1332,68,0,21.0,52.0,5.0,17.0,8.0,15.0,6.0,26.0,12.0,14.0,8.0,3.0,23.0,23.0,59.0,8.0,22.0,14.0,21.0,14.0,30.0,12.0,18.0,8.0,3.0,19.0,13,1,12,5,-7
2013,136,1308,44,1387,64,0,17.0,61.0,2.0,16.0,8.0,13.0,21.0,21.0,10.0,16.0,9.0,7.0,12.0,25.0,54.0,4.0,11.0,10.0,14.0,10.0,23.0,17.0,10.0,10.0,3.0,15.0,20,1,4,13,9
2013,136,1285,34,1393,81,0,11.0,54.0,4.0,31.0,8.0,12.0,11.0,22.0,5.0,17.0,5.0,6.0,22.0,27.0,52.0,5.0,11.0,22.0,31.0,8.0,32.0,21.0,8.0,12.0,5.0,8.0,47,1,4,13,9
2013,136,1103,42,1433,88,0,15.0,43.0,1.0,13.0,11.0,19.0,9.0,20.0,5.0,22.0,2.0,6.0,12.0,35.0,65.0,8.0,16.0,10.0,14.0,13.0,23.0,15.0,7.0,11.0,0.0,17.0,46,1,5,12,7
2013,136,1338,55,1455,73,0,19.0,54.0,1.0,17.0,16.0,20.0,11.0,21.0,8.0,15.0,5.0,5.0,27.0,19.0,49.0,2.0,20.0,33.0,41.0,11.0,26.0,11.0,11.0,10.0,1.0,20.0,18,1,9,8,-1
2013,137,1153,63,1166,67,0,27.0,64.0,5.0,20.0,4.0,9.0,14.0,17.0,12.0,9.0,9.0,4.0,21.0,19.0,42.0,7.0,15.0,22.0,25.0,7.0,25.0,16.0,16.0,2.0,2.0,11.0,4,1,7,10,3
2013,137,1107,61,1181,73,0,19.0,52.0,9.0,15.0,14.0,16.0,10.0,16.0,14.0,13.0,7.0,2.0,19.0,27.0,46.0,4.0,11.0,15.0,21.0,5.0,23.0,17.0,11.0,9.0,3.0,18.0,12,1,2,15,13
2013,137,1207,68,1195,78,0,24.0,64.0,7.0,27.0,13.0,20.0,11.0,28.0,15.0,14.0,6.0,4.0,33.0,21.0,49.0,6.0,15.0,30.0,44.0,7.0,32.0,15.0,13.0,5.0,3.0,18.0,10,1,15,2,-13
2013,137,1322,47,1196,79,0,18.0,50.0,3.0,16.0,8.0,11.0,6.0,20.0,9.0,15.0,2.0,3.0,19.0,29.0,61.0,7.0,21.0,14.0,23.0,16.0,27.0,13.0,8.0,10.0,2.0,12.0,32,1,3,14,11
2013,137,1160,49,1228,57,0,17.0,51.0,5.0,19.0,10.0,13.0,8.0,28.0,7.0,15.0,5.0,5.0,20.0,16.0,52.0,8.0,31.0,17.0,24.0,11.0,26.0,10.0,12.0,8.0,4.0,12.0,8,1,7,10,3
2013,137,1241,62,1231,83,0,26.0,62.0,8.0,20.0,2.0,4.0,11.0,17.0,7.0,10.0,1.0,3.0,21.0,29.0,55.0,9.0,23.0,16.0,21.0,12.0,26.0,17.0,9.0,3.0,3.0,8.0,21,1,1,16,15
2013,137,1323,58,1235,76,0,22.0,51.0,4.0,17.0,10.0,13.0,9.0,26.0,9.0,17.0,2.0,2.0,11.0,29.0,59.0,9.0,21.0,9.0,12.0,5.0,22.0,19.0,6.0,4.0,1.0,13.0,18,1,10,7,-3
2013,137,1443,57,1242,64,0,21.0,66.0,3.0,20.0,12.0,18.0,18.0,23.0,8.0,10.0,9.0,0.0,24.0,20.0,42.0,0.0,6.0,24.0,30.0,4.0,31.0,11.0,17.0,4.0,9.0,15.0,7,1,1,16,15
2013,137,1243,61,1247,63,0,24.0,57.0,4.0,13.0,9.0,17.0,15.0,21.0,12.0,9.0,6.0,7.0,14.0,21.0,49.0,7.0,18.0,14.0,16.0,8.0,22.0,12.0,8.0,4.0,5.0,13.0,2,1,13,4,-9
2013,137,1334,49,1274,78,0,18.0,54.0,9.0,26.0,4.0,11.0,10.0,18.0,9.0,14.0,2.0,1.0,16.0,24.0,52.0,12.0,22.0,18.0,21.0,10.0,31.0,12.0,11.0,7.0,4.0,14.0,29,1,2,15,13
2013,137,1417,63,1278,83,0,20.0,63.0,4.0,22.0,19.0,25.0,19.0,23.0,10.0,15.0,5.0,2.0,19.0,31.0,61.0,9.0,16.0,12.0,19.0,11.0,25.0,19.0,11.0,7.0,3.0,19.0,20,1,11,6,-5
2013,137,1458,46,1279,57,0,15.0,59.0,7.0,30.0,9.0,13.0,15.0,25.0,10.0,11.0,7.0,7.0,16.0,22.0,57.0,3.0,15.0,10.0,16.0,12.0,31.0,8.0,10.0,6.0,6.0,12.0,11,1,12,5,-7
2013,137,1437,71,1314,78,0,27.0,61.0,4.0,21.0,13.0,19.0,15.0,22.0,6.0,16.0,9.0,2.0,22.0,24.0,49.0,11.0,21.0,19.0,27.0,6.0,22.0,18.0,17.0,10.0,2.0,14.0,7,1,8,9,1
2013,137,1233,70,1326,95,0,23.0,65.0,6.0,28.0,18.0,21.0,14.0,26.0,13.0,19.0,4.0,2.0,18.0,34.0,71.0,7.0,15.0,20.0,25.0,13.0,31.0,25.0,10.0,8.0,7.0,17.0,25,1,2,15,13
2013,137,1328,55,1361,70,0,23.0,58.0,5.0,21.0,4.0,8.0,8.0,21.0,10.0,9.0,6.0,2.0,20.0,24.0,56.0,6.0,15.0,16.0,17.0,11.0,29.0,15.0,11.0,5.0,3.0,11.0,15,1,7,10,3
2013,137,1301,72,1396,76,0,29.0,52.0,4.0,13.0,10.0,16.0,7.0,27.0,14.0,13.0,3.0,2.0,24.0,24.0,50.0,7.0,18.0,21.0,33.0,4.0,20.0,13.0,5.0,5.0,4.0,15.0,4,1,9,8,-1
2013,138,1217,51,1112,74,0,16.0,58.0,5.0,18.0,14.0,19.0,11.0,22.0,12.0,8.0,7.0,1.0,14.0,27.0,49.0,9.0,15.0,11.0,16.0,3.0,36.0,13.0,12.0,4.0,2.0,20.0,23,1,6,14,8
2013,138,1161,56,1257,82,0,19.0,40.0,5.0,12.0,13.0,21.0,7.0,17.0,4.0,20.0,0.0,4.0,19.0,31.0,55.0,5.0,9.0,15.0,18.0,10.0,19.0,14.0,9.0,11.0,2.0,24.0,26,1,1,8,7
2013,138,1139,72,1266,74,0,24.0,56.0,11.0,24.0,13.0,19.0,12.0,21.0,13.0,15.0,7.0,8.0,20.0,23.0,54.0,5.0,12.0,23.0,27.0,14.0,21.0,9.0,15.0,9.0,4.0,17.0,2,1,3,6,3
2013,138,1433,53,1276,78,0,23.0,58.0,3.0,16.0,4.0,6.0,7.0,17.0,6.0,11.0,9.0,2.0,14.0,31.0,60.0,6.0,20.0,10.0,11.0,12.0,29.0,17.0,12.0,7.0,0.0,7.0,25,1,4,5,1
2013,138,1272,48,1277,70,0,19.0,64.0,5.0,23.0,5.0,10.0,11.0,18.0,8.0,11.0,7.0,5.0,18.0,26.0,52.0,4.0,16.0,14.0,22.0,14.0,35.0,14.0,18.0,10.0,7.0,14.0,22,1,3,6,3
2013,138,1387,57,1332,74,0,20.0,53.0,3.0,21.0,14.0,22.0,6.0,21.0,11.0,12.0,10.0,2.0,15.0,28.0,53.0,8.0,11.0,10.0,16.0,9.0,29.0,18.0,18.0,10.0,4.0,19.0,17,1,12,4,-8
2013,138,1143,60,1393,66,0,22.0,56.0,4.0,21.0,12.0,19.0,13.0,21.0,14.0,17.0,6.0,2.0,24.0,18.0,46.0,4.0,10.0,26.0,41.0,14.0,23.0,7.0,15.0,10.0,3.0,16.0,6,1,4,12,8
2013,138,1211,70,1455,76,0,21.0,59.0,8.0,23.0,20.0,29.0,21.0,18.0,13.0,13.0,8.0,2.0,17.0,25.0,50.0,14.0,28.0,12.0,18.0,10.0,20.0,16.0,15.0,8.0,6.0,22.0,6,1,9,1,-8
2013,139,1166,50,1181,66,0,16.0,53.0,2.0,19.0,16.0,18.0,7.0,26.0,9.0,10.0,2.0,2.0,26.0,19.0,49.0,7.0,20.0,21.0,28.0,7.0,31.0,9.0,9.0,7.0,4.0,20.0,16,1,2,7,5
2013,139,1361,71,1195,81,0,27.0,61.0,8.0,23.0,9.0,13.0,14.0,20.0,16.0,17.0,10.0,6.0,11.0,33.0,59.0,7.0,18.0,8.0,12.0,9.0,22.0,21.0,13.0,13.0,5.0,13.0,10,1,15,7,-8
2013,139,1278,64,1196,78,0,20.0,50.0,8.0,18.0,16.0,22.0,13.0,16.0,11.0,14.0,4.0,1.0,25.0,21.0,37.0,10.0,20.0,26.0,36.0,6.0,20.0,13.0,14.0,7.0,3.0,18.0,14,1,3,11,8
2013,139,1396,52,1231,58,0,21.0,62.0,3.0,24.0,7.0,8.0,14.0,21.0,8.0,10.0,5.0,4.0,18.0,19.0,45.0,4.0,13.0,16.0,20.0,4.0,28.0,9.0,12.0,0.0,2.0,8.0,6,1,1,9,8
2013,139,1314,58,1242,70,0,22.0,73.0,6.0,21.0,8.0,10.0,16.0,20.0,10.0,11.0,15.0,1.0,20.0,24.0,55.0,5.0,14.0,17.0,21.0,15.0,35.0,11.0,22.0,7.0,5.0,11.0,12,1,1,8,7
2013,139,1279,74,1247,76,0,30.0,63.0,4.0,19.0,10.0,21.0,18.0,22.0,14.0,13.0,5.0,4.0,18.0,27.0,55.0,9.0,23.0,13.0,18.0,9.0,21.0,14.0,12.0,8.0,4.0,19.0,2,1,13,12,-1
2013,139,1228,59,1274,63,0,23.0,61.0,7.0,27.0,6.0,7.0,16.0,22.0,7.0,8.0,2.0,3.0,17.0,22.0,55.0,9.0,25.0,10.0,15.0,13.0,22.0,12.0,6.0,4.0,2.0,10.0,4,1,2,7,5
2013,139,1235,75,1326,78,0,23.0,52.0,12.0,25.0,17.0,23.0,12.0,24.0,14.0,16.0,4.0,0.0,20.0,25.0,49.0,9.0,18.0,19.0,26.0,3.0,19.0,12.0,9.0,7.0,2.0,20.0,3,1,2,10,8
2013,143,1274,61,1266,71,0,22.0,63.0,8.0,26.0,9.0,12.0,15.0,16.0,12.0,8.0,3.0,3.0,15.0,27.0,50.0,3.0,6.0,14.0,19.0,10.0,26.0,14.0,11.0,3.0,3.0,11.0,10,1,3,2,-1
2013,143,1112,70,1326,73,0,23.0,52.0,6.0,18.0,18.0,20.0,9.0,21.0,7.0,11.0,6.0,2.0,20.0,22.0,52.0,7.0,13.0,22.0,26.0,11.0,21.0,9.0,8.0,4.0,3.0,18.0,3,1,2,6,4
2013,143,1231,50,1393,61,0,16.0,47.0,3.0,15.0,15.0,24.0,11.0,23.0,8.0,18.0,6.0,2.0,18.0,21.0,48.0,4.0,10.0,15.0,20.0,7.0,25.0,4.0,14.0,11.0,11.0,17.0,11,1,4,1,-3
2013,143,1247,58,1455,72,0,20.0,56.0,7.0,18.0,11.0,16.0,9.0,20.0,8.0,9.0,5.0,2.0,13.0,30.0,67.0,5.0,12.0,7.0,9.0,17.0,30.0,12.0,8.0,4.0,8.0,13.0,14,1,9,13,4
2013,144,1277,61,1181,71,0,20.0,50.0,3.0,12.0,18.0,24.0,8.0,25.0,6.0,11.0,6.0,4.0,24.0,20.0,49.0,7.0,18.0,24.0,26.0,5.0,24.0,8.0,8.0,3.0,5.0,17.0,10,1,2,3,1
2013,144,1195,50,1196,62,0,20.0,44.0,4.0,11.0,6.0,11.0,6.0,22.0,11.0,20.0,7.0,3.0,20.0,22.0,57.0,4.0,15.0,14.0,23.0,15.0,20.0,12.0,10.0,11.0,3.0,11.0,12,1,3,15,12
2013,144,1332,69,1257,77,0,27.0,61.0,5.0,14.0,10.0,17.0,12.0,23.0,12.0,12.0,7.0,3.0,22.0,28.0,52.0,4.0,13.0,17.0,26.0,9.0,25.0,10.0,13.0,7.0,5.0,19.0,8,1,1,12,11
2013,144,1242,85,1276,87,1,32.0,58.66666666666666,5.333333333333333,14.22222222222222,6.222222222222222,8.88888888888889,6.222222222222222,24.88888888888889,18.666666666666668,11.555555555555555,4.444444444444445,7.111111111111111,15.11111111111111,31.11111111111111,63.11111111111112,7.111111111111111,20.444444444444443,8.0,15.11111111111111,12.444444444444445,21.33333333333333,16.0,8.88888888888889,6.222222222222222,0.8888888888888888,10.666666666666666,2,1,4,1,-3
2013,145,1266,39,1393,55,0,12.0,53.0,3.0,25.0,12.0,16.0,19.0,25.0,10.0,13.0,5.0,6.0,16.0,19.0,50.0,5.0,17.0,12.0,19.0,11.0,26.0,8.0,6.0,9.0,8.0,11.0,16,1,4,3,-1
2013,145,1326,66,1455,70,0,19.0,61.0,5.0,25.0,23.0,29.0,11.0,26.0,7.0,9.0,5.0,8.0,22.0,22.0,59.0,8.0,20.0,18.0,23.0,13.0,27.0,9.0,12.0,8.0,9.0,23.0,4,1,9,2,-7
2013,146,1181,63,1257,85,0,19.0,52.0,4.0,16.0,21.0,28.0,11.0,20.0,11.0,12.0,4.0,2.0,23.0,29.0,55.0,2.0,13.0,25.0,36.0,11.0,26.0,8.0,8.0,10.0,9.0,23.0,22,1,1,2,1
2013,146,1196,59,1276,79,0,23.0,56.0,2.0,10.0,11.0,17.0,9.0,27.0,13.0,15.0,7.0,3.0,11.0,30.0,65.0,10.0,19.0,9.0,13.0,9.0,26.0,18.0,11.0,13.0,5.0,13.0,20,1,4,3,-1
2013,152,1455,68,1257,72,0,22.0,54.0,6.0,20.0,18.0,24.0,14.0,22.0,13.0,11.0,5.0,1.0,20.0,22.0,49.0,9.0,25.0,19.0,29.0,11.0,22.0,10.0,9.0,8.0,3.0,23.0,4,1,1,9,8
2013,152,1393,56,1276,61,0,23.0,55.0,3.0,14.0,7.0,11.0,10.0,23.0,13.0,10.0,7.0,4.0,19.0,21.0,53.0,8.0,24.0,11.0,20.0,13.0,24.0,17.0,10.0,5.0,3.0,11.0,5,1,4,4,0
2013,154,1276,76,1257,82,0,25.0,48.0,8.0,18.0,18.0,25.0,8.0,19.0,12.0,12.0,3.0,2.0,15.0,28.0,61.0,8.0,16.0,18.0,23.0,15.0,17.0,18.0,9.0,9.0,3.0,22.0,6,1,1,4,3
2014,134,1291,64,1107,71,0,22.0,60.0,12.0,37.0,8.0,12.0,6.0,17.0,13.0,4.0,3.0,1.0,16.0,27.0,47.0,2.0,9.0,15.0,19.0,6.0,36.0,12.0,14.0,3.0,1.0,13.0,7,1,16,16,0
2014,134,1462,59,1301,74,0,23.0,55.0,2.0,14.0,11.0,16.0,11.0,20.0,7.0,13.0,3.0,0.0,17.0,29.0,53.0,4.0,14.0,12.0,16.0,6.0,23.0,16.0,9.0,4.0,9.0,14.0,15,1,12,12,0
2014,135,1411,69,1142,81,0,24.0,50.0,4.0,13.0,17.0,22.0,11.0,16.0,12.0,13.0,3.0,1.0,23.0,29.0,51.0,6.0,15.0,17.0,22.0,10.0,18.0,15.0,10.0,4.0,4.0,20.0,12,1,16,16,0
2014,135,1234,65,1397,78,1,21.33333333333333,51.55555555555556,3.555555555555556,14.22222222222222,11.555555555555555,13.333333333333334,6.222222222222222,20.444444444444443,12.444444444444445,5.333333333333333,1.7777777777777777,1.7777777777777777,24.88888888888889,21.33333333333333,48.0,4.444444444444445,18.666666666666668,22.22222222222222,26.666666666666668,8.88888888888889,24.0,11.555555555555555,7.111111111111111,1.7777777777777777,0.8888888888888888,12.444444444444445,13,1,11,11,0
2014,136,1386,81,1163,89,1,24.0,48.0,6.222222222222222,18.666666666666668,17.77777777777778,24.0,8.0,21.33333333333333,10.666666666666666,12.444444444444445,2.6666666666666665,1.7777777777777777,19.55555555555556,26.666666666666668,58.66666666666666,9.77777777777778,21.33333333333333,16.0,17.77777777777778,10.666666666666666,19.55555555555556,11.555555555555555,8.0,5.333333333333333,1.7777777777777777,18.666666666666668,8,1,7,10,3
2014,136,1326,59,1173,60,0,24.0,50.0,3.0,12.0,8.0,12.0,3.0,25.0,12.0,14.0,10.0,4.0,16.0,22.0,49.0,3.0,13.0,13.0,17.0,4.0,24.0,12.0,13.0,10.0,0.0,14.0,1,1,11,6,-5
2014,136,1107,55,1196,67,0,20.0,51.0,4.0,13.0,11.0,14.0,6.0,21.0,10.0,10.0,4.0,2.0,15.0,25.0,49.0,3.0,12.0,14.0,18.0,5.0,25.0,11.0,10.0,7.0,5.0,14.0,12,1,1,16,15
2014,136,1153,57,1217,61,0,21.0,57.0,4.0,12.0,11.0,16.0,16.0,18.0,5.0,11.0,6.0,6.0,20.0,19.0,44.0,6.0,17.0,17.0,28.0,9.0,24.0,9.0,12.0,4.0,3.0,15.0,4,1,12,5,-7
2014,136,1264,64,1257,71,0,23.0,51.0,3.0,5.0,15.0,21.0,7.0,24.0,11.0,15.0,8.0,5.0,27.0,20.0,55.0,4.0,13.0,27.0,35.0,16.0,26.0,10.0,12.0,11.0,8.0,18.0,7,1,4,13,9
2014,136,1459,40,1276,57,0,18.0,53.0,1.0,19.0,3.0,4.0,8.0,18.0,10.0,9.0,3.0,0.0,14.0,22.0,46.0,7.0,17.0,6.0,9.0,6.0,25.0,15.0,11.0,8.0,1.0,8.0,17,1,2,15,13
2014,136,1174,78,1277,93,0,20.0,55.0,8.0,20.0,30.0,39.0,7.0,17.0,7.0,8.0,4.0,1.0,19.0,30.0,56.0,10.0,19.0,23.0,25.0,10.0,32.0,16.0,14.0,4.0,2.0,27.0,15,1,4,13,9
2014,136,1328,75,1295,80,1,22.22222222222222,64.0,10.666666666666666,26.666666666666668,11.555555555555555,16.0,16.0,16.88888888888889,12.444444444444445,8.88888888888889,4.444444444444445,2.6666666666666665,14.22222222222222,24.0,45.333333333333336,5.333333333333333,12.444444444444445,17.77777777777778,19.55555555555556,5.333333333333333,28.444444444444443,10.666666666666666,13.333333333333334,4.444444444444445,5.333333333333333,17.77777777777778,5,1,12,5,-7
2014,136,1140,68,1332,87,0,20.0,61.0,5.0,19.0,23.0,30.0,12.0,20.0,14.0,9.0,4.0,0.0,25.0,27.0,54.0,2.0,13.0,31.0,38.0,8.0,29.0,21.0,8.0,4.0,4.0,22.0,19,1,7,10,3
2014,136,1160,48,1338,77,0,15.0,42.0,4.0,16.0,14.0,18.0,7.0,22.0,5.0,17.0,2.0,0.0,12.0,31.0,61.0,4.0,14.0,11.0,12.0,9.0,24.0,18.0,3.0,12.0,3.0,13.0,29,1,9,8,-1
2014,136,1308,69,1361,73,1,23.11111111111111,57.77777777777778,4.444444444444445,14.22222222222222,10.666666666666666,17.77777777777778,12.444444444444445,24.0,11.555555555555555,11.555555555555555,3.555555555555556,3.555555555555556,19.55555555555556,20.444444444444443,52.44444444444444,5.333333333333333,15.11111111111111,18.666666666666668,24.0,8.88888888888889,26.666666666666668,8.0,9.77777777777778,7.111111111111111,8.0,16.0,4,1,4,13,9
2014,136,1301,80,1387,83,1,24.88888888888889,53.333333333333336,3.555555555555556,8.0,17.77777777777778,32.888888888888886,8.88888888888889,29.33333333333333,8.88888888888889,10.666666666666666,6.222222222222222,4.444444444444445,17.77777777777778,27.55555555555556,56.888888888888886,8.0,16.0,10.666666666666666,23.11111111111111,8.0,28.444444444444443,14.22222222222222,8.0,6.222222222222222,3.555555555555556,23.11111111111111,3,1,5,12,7
2014,136,1444,53,1393,77,0,17.0,49.0,4.0,18.0,15.0,20.0,8.0,17.0,12.0,13.0,4.0,1.0,16.0,28.0,57.0,7.0,17.0,14.0,17.0,13.0,28.0,16.0,12.0,8.0,6.0,21.0,24,1,3,14,11
2014,136,1113,85,1400,87,0,27.0,56.0,8.0,15.0,23.0,33.0,11.0,21.0,17.0,10.0,2.0,1.0,18.0,31.0,58.0,5.0,12.0,20.0,27.0,10.0,20.0,17.0,9.0,6.0,5.0,24.0,2,1,7,10,3
2014,136,1454,53,1437,73,0,18.0,63.0,6.0,24.0,11.0,15.0,13.0,24.0,13.0,12.0,4.0,2.0,14.0,28.0,62.0,4.0,23.0,13.0,16.0,12.0,34.0,13.0,11.0,8.0,10.0,17.0,20,1,2,15,13
2014,136,1110,35,1458,75,0,11.0,37.0,4.0,15.0,9.0,15.0,4.0,20.0,8.0,17.0,5.0,0.0,16.0,26.0,52.0,10.0,23.0,13.0,14.0,6.0,25.0,13.0,7.0,9.0,1.0,15.0,40,1,2,15,13
2014,137,1451,59,1112,68,0,16.0,53.0,7.0,17.0,20.0,23.0,13.0,19.0,7.0,10.0,8.0,3.0,17.0,26.0,47.0,7.0,14.0,9.0,16.0,7.0,24.0,15.0,12.0,4.0,12.0,20.0,9,1,1,16,15
2014,137,1304,60,1124,74,0,23.0,54.0,4.0,21.0,10.0,16.0,5.0,20.0,7.0,11.0,9.0,7.0,31.0,17.0,42.0,2.0,13.0,38.0,48.0,9.0,28.0,9.0,12.0,7.0,2.0,16.0,14,1,6,11,5
2014,137,1418,66,1166,76,0,25.0,66.0,4.0,16.0,12.0,17.0,13.0,23.0,8.0,4.0,3.0,5.0,18.0,28.0,54.0,9.0,23.0,11.0,21.0,6.0,30.0,18.0,6.0,0.0,3.0,17.0,10,1,3,14,11
2014,137,1329,77,1211,85,0,26.0,65.0,3.0,15.0,22.0,37.0,17.0,23.0,13.0,12.0,10.0,2.0,33.0,25.0,50.0,9.0,18.0,26.0,41.0,7.0,30.0,13.0,15.0,5.0,1.0,28.0,8,1,8,9,1
2014,137,1300,75,1235,93,0,30.0,65.0,5.0,16.0,10.0,12.0,13.0,11.0,12.0,6.0,3.0,5.0,13.0,35.0,55.0,9.0,17.0,14.0,16.0,10.0,24.0,21.0,9.0,5.0,5.0,14.0,18,1,3,14,11
2014,137,1184,69,1242,80,0,22.0,57.0,12.0,31.0,13.0,16.0,8.0,11.0,14.0,7.0,8.0,1.0,21.0,32.0,53.0,0.0,7.0,16.0,24.0,14.0,29.0,17.0,14.0,2.0,7.0,14.0,11,1,2,15,13
2014,137,1243,49,1246,56,0,19.0,53.0,5.0,21.0,6.0,12.0,9.0,19.0,8.0,10.0,7.0,3.0,20.0,19.0,50.0,4.0,15.0,14.0,21.0,13.0,27.0,8.0,15.0,4.0,7.0,11.0,7,1,8,9,1
2014,137,1203,66,1272,71,0,25.0,56.0,2.0,12.0,14.0,24.0,16.0,17.0,8.0,10.0,9.0,2.0,16.0,27.0,55.0,6.0,22.0,11.0,16.0,15.0,21.0,19.0,12.0,8.0,4.0,20.0,5,1,8,9,1
2014,137,1181,71,1273,78,0,22.0,62.0,15.0,37.0,12.0,13.0,16.0,19.0,15.0,12.0,6.0,1.0,22.0,25.0,45.0,5.0,13.0,23.0,28.0,3.0,24.0,16.0,8.0,3.0,0.0,15.0,7,1,14,3,-11
2014,137,1344,77,1314,79,0,28.0,53.0,4.0,16.0,17.0,21.0,9.0,17.0,12.0,10.0,4.0,8.0,14.0,33.0,71.0,4.0,15.0,9.0,13.0,21.0,19.0,15.0,9.0,7.0,4.0,19.0,2,1,6,11,5
2014,137,1433,75,1372,77,1,26.666666666666668,57.77777777777778,7.111111111111111,18.666666666666668,6.222222222222222,9.77777777777778,9.77777777777778,16.0,11.555555555555555,9.77777777777778,9.77777777777778,4.444444444444445,18.666666666666668,24.0,45.333333333333336,5.333333333333333,14.22222222222222,15.11111111111111,20.444444444444443,8.88888888888889,22.22222222222222,14.22222222222222,15.11111111111111,5.333333333333333,1.7777777777777777,14.22222222222222,2,1,12,5,-7
2014,137,1307,53,1390,58,0,19.0,52.0,4.0,21.0,11.0,19.0,9.0,28.0,12.0,10.0,2.0,2.0,18.0,19.0,49.0,8.0,15.0,12.0,17.0,5.0,30.0,10.0,10.0,6.0,5.0,20.0,5,1,10,7,-3
2014,137,1269,67,1397,86,0,28.0,66.0,3.0,11.0,8.0,11.0,14.0,19.0,12.0,13.0,8.0,1.0,21.0,30.0,56.0,2.0,14.0,24.0,31.0,10.0,27.0,16.0,12.0,8.0,3.0,13.0,19,1,11,6,-5
2014,137,1409,59,1417,76,0,21.0,57.0,7.0,19.0,10.0,14.0,12.0,21.0,14.0,16.0,2.0,2.0,18.0,29.0,63.0,5.0,16.0,13.0,15.0,13.0,23.0,17.0,10.0,11.0,5.0,13.0,17,1,4,13,9
2014,137,1157,59,1438,70,0,21.0,50.0,9.0,19.0,8.0,14.0,5.0,23.0,13.0,8.0,5.0,2.0,19.0,21.0,40.0,8.0,17.0,20.0,25.0,0.0,28.0,16.0,7.0,4.0,5.0,16.0,11,1,1,16,15
2014,137,1142,37,1455,64,0,12.0,58.0,5.0,28.0,8.0,18.0,13.0,21.0,5.0,6.0,7.0,1.0,17.0,23.0,50.0,6.0,19.0,12.0,21.0,11.0,35.0,17.0,12.0,4.0,6.0,17.0,27,1,1,16,15
2014,138,1437,65,1163,77,0,18.0,51.0,11.0,31.0,18.0,24.0,6.0,24.0,10.0,16.0,6.0,2.0,24.0,23.0,52.0,9.0,20.0,22.0,28.0,7.0,29.0,10.0,11.0,11.0,2.0,17.0,12,1,7,2,-5
2014,138,1393,53,1173,55,0,21.0,54.0,0.0,10.0,11.0,14.0,11.0,20.0,4.0,9.0,6.0,7.0,16.0,19.0,46.0,7.0,16.0,10.0,18.0,11.0,24.0,12.0,14.0,7.0,4.0,16.0,2,1,11,3,-8
2014,138,1338,45,1196,61,0,19.0,51.0,4.0,17.0,3.0,6.0,10.0,21.0,14.0,11.0,4.0,2.0,12.0,25.0,58.0,5.0,20.0,6.0,9.0,14.0,24.0,9.0,6.0,10.0,5.0,7.0,16,1,1,9,8
2014,138,1387,51,1257,66,0,21.0,53.0,0.0,15.0,9.0,16.0,9.0,21.0,10.0,18.0,9.0,0.0,19.0,22.0,49.0,6.0,17.0,16.0,24.0,10.0,27.0,14.0,19.0,9.0,5.0,18.0,15,1,4,5,1
2014,138,1400,65,1276,79,0,23.0,62.0,4.0,11.0,15.0,16.0,21.0,20.0,14.0,9.0,3.0,3.0,16.0,24.0,54.0,14.0,28.0,17.0,21.0,11.0,19.0,16.0,4.0,5.0,2.0,12.0,14,1,2,7,5
2014,138,1217,73,1277,80,0,22.0,53.0,6.0,17.0,23.0,30.0,8.0,24.0,8.0,11.0,4.0,3.0,17.0,28.0,57.0,7.0,21.0,17.0,22.0,10.0,24.0,17.0,11.0,9.0,1.0,20.0,7,1,4,12,8
2014,138,1295,44,1361,63,0,15.0,47.0,2.0,11.0,12.0,17.0,7.0,20.0,5.0,6.0,1.0,2.0,17.0,19.0,44.0,7.0,16.0,18.0,24.0,8.0,30.0,8.0,6.0,4.0,2.0,16.0,19,1,4,12,8
2014,138,1332,77,1458,85,0,24.0,49.0,8.0,18.0,21.0,23.0,3.0,23.0,9.0,8.0,5.0,1.0,23.0,29.0,60.0,11.0,28.0,16.0,25.0,14.0,22.0,15.0,8.0,1.0,1.0,17.0,8,1,2,7,5
2014,139,1211,61,1112,84,0,22.0,54.0,6.0,16.0,11.0,13.0,11.0,28.0,13.0,21.0,3.0,5.0,14.0,32.0,65.0,7.0,18.0,13.0,18.0,7.0,21.0,24.0,6.0,15.0,8.0,18.0,23,1,1,8,7
2014,139,1166,55,1124,85,0,22.0,55.0,5.0,24.0,6.0,9.0,8.0,14.0,11.0,8.0,4.0,0.0,19.0,30.0,47.0,11.0,18.0,14.0,21.0,5.0,27.0,19.0,8.0,2.0,3.0,11.0,30,1,6,3,-3
2014,139,1314,83,1235,85,0,33.0,70.0,8.0,20.0,9.0,15.0,12.0,26.0,10.0,12.0,8.0,4.0,21.0,29.0,66.0,12.0,26.0,15.0,21.0,11.0,26.0,16.0,14.0,6.0,1.0,17.0,2,1,3,6,3
2014,139,1455,76,1246,78,0,27.0,49.0,10.0,21.0,12.0,18.0,4.0,19.0,14.0,9.0,6.0,3.0,21.0,27.0,50.0,8.0,18.0,16.0,22.0,10.0,22.0,11.0,11.0,6.0,3.0,15.0,2,1,8,1,-7
2014,139,1242,57,1390,60,0,19.0,58.0,5.0,16.0,14.0,18.0,13.0,22.0,7.0,14.0,9.0,2.0,22.0,21.0,47.0,0.0,9.0,18.0,26.0,8.0,29.0,6.0,16.0,10.0,4.0,15.0,3,1,10,2,-8
2014,139,1273,63,1397,83,0,24.0,53.0,8.0,22.0,7.0,9.0,7.0,12.0,11.0,6.0,3.0,4.0,21.0,27.0,55.0,6.0,22.0,23.0,26.0,18.0,23.0,15.0,7.0,2.0,0.0,14.0,20,1,11,14,3
2014,139,1372,60,1417,77,0,20.0,57.0,7.0,27.0,13.0,16.0,12.0,24.0,11.0,8.0,1.0,1.0,23.0,29.0,53.0,4.0,14.0,15.0,23.0,4.0,26.0,22.0,3.0,3.0,3.0,17.0,17,1,4,12,8
2014,139,1272,60,1438,78,0,24.0,59.0,3.0,13.0,9.0,21.0,8.0,20.0,16.0,6.0,7.0,3.0,14.0,30.0,54.0,5.0,11.0,13.0,16.0,6.0,34.0,13.0,10.0,3.0,6.0,16.0,18,1,1,8,7
2014,143,1361,64,1112,70,0,21.0,54.0,4.0,14.0,18.0,23.0,18.0,19.0,4.0,10.0,2.0,2.0,20.0,23.0,48.0,5.0,12.0,19.0,25.0,10.0,19.0,14.0,7.0,2.0,4.0,16.0,6,1,1,4,3
2014,143,1390,72,1173,82,0,22.0,58.0,5.0,21.0,23.0,33.0,15.0,20.0,10.0,12.0,7.0,5.0,24.0,28.0,58.0,8.0,23.0,18.0,26.0,10.0,25.0,19.0,10.0,8.0,1.0,25.0,10,1,11,10,-1
2014,143,1417,68,1196,79,0,27.0,64.0,3.0,18.0,11.0,15.0,8.0,22.0,12.0,8.0,8.0,4.0,19.0,29.0,58.0,8.0,21.0,13.0,18.0,10.0,30.0,22.0,12.0,4.0,5.0,15.0,11,1,1,4,3
2014,143,1124,52,1458,69,0,18.0,57.0,2.0,15.0,14.0,18.0,11.0,22.0,10.0,6.0,5.0,3.0,16.0,26.0,51.0,6.0,16.0,11.0,20.0,8.0,31.0,18.0,10.0,1.0,6.0,16.0,17,1,2,6,4
2014,144,1235,76,1163,81,0,32.0,69.0,6.0,16.0,6.0,15.0,17.0,19.0,14.0,9.0,4.0,3.0,17.0,26.0,50.0,9.0,19.0,20.0,22.0,5.0,26.0,9.0,9.0,5.0,4.0,15.0,5,1,7,3,-4
2014,144,1257,69,1246,74,0,26.0,53.0,4.0,15.0,13.0,23.0,11.0,18.0,11.0,10.0,6.0,3.0,24.0,24.0,55.0,4.0,14.0,22.0,27.0,15.0,22.0,8.0,12.0,5.0,2.0,19.0,5,1,8,4,-4
2014,144,1397,71,1276,73,0,30.0,57.0,3.0,11.0,8.0,14.0,11.0,17.0,11.0,7.0,7.0,8.0,13.0,27.0,49.0,11.0,20.0,8.0,10.0,6.0,20.0,14.0,13.0,5.0,1.0,13.0,2,1,2,11,9
2014,144,1438,59,1277,61,0,20.0,57.0,6.0,18.0,13.0,17.0,14.0,21.0,10.0,6.0,5.0,4.0,16.0,21.0,47.0,5.0,14.0,14.0,18.0,7.0,25.0,13.0,10.0,5.0,4.0,16.0,2,1,4,1,-3
2014,145,1173,52,1196,62,0,19.0,48.0,8.0,18.0,6.0,8.0,5.0,21.0,11.0,9.0,5.0,5.0,19.0,18.0,48.0,5.0,15.0,21.0,28.0,12.0,25.0,10.0,7.0,5.0,5.0,10.0,10,1,1,11,10
2014,145,1112,63,1458,64,1,20.444444444444443,52.44444444444444,4.444444444444445,10.666666666666666,10.666666666666666,15.11111111111111,11.555555555555555,23.11111111111111,7.111111111111111,6.222222222222222,1.7777777777777777,4.444444444444445,15.11111111111111,21.33333333333333,54.22222222222222,5.333333333333333,15.11111111111111,8.88888888888889,10.666666666666666,11.555555555555555,22.22222222222222,9.77777777777778,7.111111111111111,2.6666666666666665,0.0,13.333333333333334,1,1,2,1,-1
2014,146,1277,54,1163,60,0,18.0,46.0,11.0,29.0,7.0,8.0,6.0,26.0,13.0,16.0,5.0,3.0,16.0,17.0,49.0,5.0,22.0,21.0,22.0,7.0,23.0,8.0,8.0,7.0,3.0,12.0,6,1,7,4,-3
2014,146,1276,72,1246,75,0,27.0,57.0,7.0,18.0,11.0,14.0,14.0,10.0,11.0,7.0,4.0,1.0,14.0,31.0,58.0,7.0,11.0,6.0,11.0,17.0,18.0,8.0,11.0,2.0,6.0,14.0,3,1,8,2,-6
2014,152,1196,53,1163,63,0,19.0,49.0,1.0,10.0,14.0,20.0,12.0,15.0,3.0,11.0,3.0,1.0,14.0,24.0,43.0,5.0,12.0,10.0,13.0,5.0,23.0,12.0,13.0,6.0,4.0,16.0,10,1,7,1,-6
2014,152,1458,73,1246,74,0,23.0,50.0,8.0,20.0,19.0,20.0,6.0,21.0,11.0,8.0,4.0,3.0,18.0,29.0,58.0,2.0,5.0,14.0,21.0,11.0,21.0,9.0,4.0,4.0,1.0,17.0,1,1,8,2,-6
2014,154,1246,54,1163,60,0,18.0,46.0,5.0,16.0,13.0,24.0,10.0,23.0,11.0,13.0,6.0,5.0,10.0,22.0,53.0,6.0,19.0,10.0,10.0,8.0,26.0,8.0,10.0,9.0,4.0,17.0,6,1,7,8,1
2015,134,1264,64,1214,74,0,23.0,62.0,6.0,25.0,12.0,21.0,12.0,29.0,15.0,17.0,5.0,3.0,25.0,26.0,53.0,3.0,7.0,19.0,34.0,6.0,31.0,20.0,14.0,6.0,3.0,19.0,10,1,16,16,0
2015,134,1140,90,1279,94,0,28.0,58.0,15.0,29.0,19.0,27.0,6.0,33.0,22.0,15.0,0.0,2.0,23.0,36.0,80.0,7.0,23.0,15.0,23.0,16.0,27.0,24.0,7.0,7.0,6.0,21.0,4,1,11,11,0
2015,135,1129,55,1173,56,0,22.0,55.0,6.0,20.0,5.0,10.0,12.0,21.0,10.0,9.0,5.0,1.0,18.0,20.0,42.0,7.0,21.0,9.0,14.0,3.0,22.0,13.0,11.0,4.0,1.0,14.0,1,1,11,11,0
2015,135,1316,77,1352,81,0,25.0,52.0,9.0,22.0,18.0,26.0,13.0,29.0,15.0,19.0,1.0,4.0,23.0,28.0,62.0,4.0,16.0,21.0,33.0,11.0,20.0,11.0,5.0,12.0,2.0,21.0,4,1,16,16,0
2015,136,1411,72,1112,93,0,24.0,51.0,5.0,12.0,19.0,30.0,8.0,11.0,5.0,9.0,5.0,3.0,19.0,32.0,53.0,5.0,11.0,24.0,27.0,12.0,23.0,13.0,12.0,8.0,3.0,23.0,21,1,2,15,13
2015,136,1459,53,1116,56,0,18.0,57.0,7.0,24.0,10.0,16.0,14.0,23.0,7.0,8.0,5.0,1.0,15.0,22.0,48.0,3.0,8.0,9.0,16.0,8.0,27.0,13.0,10.0,4.0,3.0,16.0,3,1,5,12,7
2015,136,1400,48,1139,56,0,17.0,50.0,6.0,19.0,8.0,12.0,12.0,29.0,7.0,15.0,4.0,5.0,22.0,16.0,48.0,4.0,13.0,20.0,28.0,5.0,23.0,11.0,5.0,5.0,4.0,13.0,8,1,6,11,5
2015,136,1345,65,1153,66,1,23.11111111111111,64.0,3.555555555555556,23.11111111111111,8.0,13.333333333333334,18.666666666666668,26.666666666666668,11.555555555555555,10.666666666666666,4.444444444444445,0.8888888888888888,16.0,22.22222222222222,54.22222222222222,3.555555555555556,8.88888888888889,10.666666666666666,18.666666666666668,9.77777777777778,24.0,8.0,8.0,7.111111111111111,4.444444444444445,14.22222222222222,1,1,8,9,1
2015,136,1186,74,1207,84,0,26.0,64.0,9.0,28.0,13.0,15.0,10.0,18.0,6.0,9.0,3.0,2.0,21.0,25.0,48.0,11.0,23.0,23.0,32.0,10.0,26.0,10.0,14.0,5.0,3.0,18.0,10,1,4,13,9
2015,136,1124,56,1209,57,0,19.0,43.0,7.0,19.0,11.0,13.0,12.0,28.0,14.0,21.0,2.0,1.0,13.0,22.0,54.0,5.0,16.0,8.0,13.0,9.0,13.0,12.0,6.0,13.0,2.0,13.0,1,1,14,3,-11
2015,136,1214,56,1246,79,0,17.0,59.0,4.0,16.0,18.0,23.0,6.0,25.0,2.0,11.0,9.0,3.0,22.0,28.0,61.0,3.0,10.0,20.0,28.0,13.0,38.0,15.0,13.0,7.0,5.0,18.0,23,1,1,16,15
2015,136,1261,65,1301,66,0,24.0,60.0,5.0,15.0,12.0,22.0,13.0,28.0,14.0,8.0,5.0,6.0,10.0,28.0,66.0,5.0,24.0,5.0,7.0,11.0,28.0,11.0,11.0,2.0,2.0,15.0,1,1,8,9,1
2015,136,1217,65,1314,67,0,21.0,55.0,5.0,13.0,18.0,20.0,12.0,14.0,9.0,7.0,9.0,2.0,16.0,27.0,49.0,5.0,7.0,8.0,13.0,12.0,23.0,14.0,17.0,2.0,2.0,18.0,2,1,4,13,9
2015,136,1318,65,1323,69,0,27.0,55.0,3.0,11.0,8.0,10.0,13.0,20.0,15.0,16.0,2.0,0.0,12.0,27.0,47.0,2.0,6.0,13.0,18.0,2.0,15.0,19.0,7.0,9.0,4.0,13.0,4,1,3,14,11
2015,136,1433,72,1326,75,1,21.33333333333333,56.0,8.88888888888889,23.11111111111111,12.444444444444445,16.88888888888889,11.555555555555555,21.33333333333333,12.444444444444445,9.77777777777778,3.555555555555556,1.7777777777777777,15.11111111111111,24.88888888888889,50.66666666666666,5.333333333333333,13.333333333333334,11.555555555555555,19.55555555555556,7.111111111111111,21.33333333333333,14.22222222222222,9.77777777777778,4.444444444444445,6.222222222222222,15.11111111111111,3,1,10,7,-3
2015,136,1235,59,1412,60,0,24.0,65.0,6.0,23.0,5.0,7.0,9.0,28.0,12.0,11.0,9.0,9.0,15.0,24.0,69.0,3.0,18.0,9.0,11.0,19.0,33.0,9.0,13.0,7.0,5.0,10.0,1,1,14,3,-11
2015,136,1374,59,1417,60,0,20.0,55.0,7.0,16.0,12.0,20.0,10.0,23.0,12.0,9.0,11.0,4.0,14.0,20.0,47.0,10.0,20.0,10.0,14.0,7.0,27.0,10.0,18.0,4.0,5.0,17.0,1,1,11,6,-5
2015,136,1372,50,1428,57,0,17.0,51.0,5.0,26.0,11.0,13.0,11.0,18.0,9.0,12.0,7.0,1.0,18.0,18.0,38.0,5.0,13.0,16.0,21.0,4.0,22.0,11.0,17.0,7.0,7.0,12.0,7,1,5,12,7
2015,136,1248,52,1437,93,0,21.0,55.0,4.0,18.0,6.0,7.0,10.0,15.0,15.0,15.0,2.0,1.0,11.0,36.0,57.0,11.0,22.0,10.0,15.0,8.0,25.0,22.0,8.0,8.0,6.0,10.0,41,1,1,16,15
2015,136,1279,57,1462,76,0,24.0,73.0,6.0,27.0,3.0,5.0,16.0,22.0,16.0,8.0,7.0,4.0,21.0,26.0,56.0,10.0,23.0,14.0,21.0,8.0,30.0,17.0,10.0,6.0,4.0,14.0,19,1,6,11,5
2015,137,1344,53,1173,66,0,20.0,59.0,10.0,26.0,3.0,7.0,13.0,26.0,9.0,16.0,4.0,1.0,21.0,18.0,42.0,8.0,23.0,22.0,30.0,3.0,29.0,9.0,12.0,8.0,4.0,14.0,13,1,11,6,-5
2015,137,1352,56,1181,85,0,24.0,66.0,6.0,19.0,2.0,4.0,12.0,16.0,13.0,8.0,6.0,1.0,17.0,34.0,54.0,10.0,21.0,7.0,14.0,9.0,31.0,28.0,11.0,7.0,3.0,8.0,29,1,1,16,15
2015,137,1295,76,1211,86,0,29.0,54.0,10.0,21.0,8.0,12.0,3.0,21.0,5.0,13.0,3.0,3.0,22.0,30.0,58.0,7.0,22.0,19.0,28.0,11.0,24.0,16.0,9.0,5.0,3.0,13.0,10,1,2,15,13
2015,137,1172,52,1234,83,0,21.0,63.0,6.0,28.0,4.0,10.0,10.0,20.0,13.0,6.0,1.0,4.0,15.0,35.0,69.0,6.0,16.0,7.0,10.0,14.0,32.0,12.0,5.0,3.0,5.0,11.0,31,1,7,10,3
2015,137,1308,56,1242,75,0,20.0,56.0,5.0,15.0,11.0,16.0,14.0,15.0,8.0,11.0,10.0,3.0,15.0,27.0,50.0,9.0,13.0,12.0,15.0,10.0,26.0,16.0,14.0,7.0,3.0,17.0,19,1,2,15,13
2015,137,1414,55,1257,57,0,24.0,52.0,5.0,14.0,2.0,2.0,9.0,20.0,10.0,14.0,5.0,2.0,10.0,23.0,55.0,5.0,15.0,6.0,6.0,9.0,16.0,9.0,9.0,4.0,2.0,11.0,2,1,4,13,9
2015,137,1434,62,1268,65,0,20.0,56.0,12.0,27.0,10.0,18.0,11.0,20.0,12.0,9.0,5.0,1.0,19.0,19.0,40.0,9.0,21.0,18.0,24.0,4.0,30.0,9.0,11.0,5.0,5.0,19.0,3,1,4,13,9
2015,137,1208,63,1277,70,0,19.0,57.0,4.0,14.0,21.0,26.0,12.0,31.0,8.0,12.0,4.0,2.0,19.0,26.0,57.0,7.0,18.0,11.0,19.0,5.0,30.0,18.0,9.0,8.0,3.0,22.0,7,1,7,10,3
2015,137,1461,54,1320,71,0,21.0,46.0,9.0,22.0,3.0,9.0,4.0,18.0,14.0,12.0,2.0,3.0,17.0,23.0,50.0,9.0,18.0,16.0,18.0,8.0,21.0,10.0,7.0,9.0,1.0,14.0,17,1,5,12,7
2015,137,1107,60,1328,69,0,23.0,61.0,8.0,25.0,6.0,10.0,14.0,20.0,15.0,7.0,6.0,1.0,16.0,25.0,57.0,7.0,24.0,12.0,16.0,14.0,26.0,10.0,9.0,5.0,6.0,14.0,9,1,3,14,11
2015,137,1329,73,1332,79,0,27.0,60.0,10.0,29.0,9.0,13.0,9.0,22.0,11.0,12.0,8.0,0.0,17.0,29.0,53.0,7.0,19.0,14.0,18.0,3.0,25.0,11.0,12.0,9.0,6.0,12.0,6,1,8,9,1
2015,137,1385,64,1361,76,0,27.0,59.0,3.0,17.0,7.0,11.0,7.0,25.0,6.0,10.0,7.0,2.0,21.0,25.0,53.0,9.0,22.0,17.0,30.0,13.0,27.0,12.0,13.0,5.0,3.0,12.0,12,1,8,9,1
2015,137,1125,67,1438,79,0,27.0,57.0,8.0,25.0,5.0,6.0,6.0,23.0,12.0,12.0,4.0,2.0,22.0,26.0,57.0,6.0,17.0,21.0,25.0,11.0,24.0,11.0,7.0,5.0,3.0,10.0,12,1,2,15,13
2015,137,1138,62,1452,68,0,20.0,44.0,6.0,16.0,16.0,25.0,8.0,22.0,12.0,17.0,4.0,3.0,24.0,22.0,49.0,5.0,16.0,19.0,27.0,9.0,22.0,11.0,12.0,7.0,1.0,25.0,6,1,5,12,7
2015,137,1231,76,1455,81,0,24.0,59.0,11.0,22.0,17.0,20.0,12.0,25.0,10.0,13.0,3.0,3.0,26.0,25.0,61.0,2.0,13.0,29.0,34.0,15.0,24.0,9.0,7.0,9.0,6.0,17.0,5,1,7,10,3
2015,137,1157,72,1458,86,0,28.0,58.0,7.0,12.0,9.0,11.0,7.0,18.0,9.0,6.0,8.0,1.0,14.0,33.0,61.0,11.0,27.0,9.0,12.0,12.0,24.0,14.0,9.0,5.0,1.0,11.0,14,1,1,16,15
2015,138,1326,58,1112,73,0,20.0,52.0,5.0,17.0,13.0,15.0,7.0,19.0,9.0,12.0,4.0,3.0,17.0,23.0,63.0,7.0,19.0,20.0,24.0,18.0,25.0,14.0,8.0,9.0,4.0,13.0,15,1,2,10,8
2015,138,1153,51,1246,64,0,20.0,63.0,2.0,14.0,9.0,14.0,21.0,24.0,5.0,14.0,4.0,6.0,22.0,20.0,54.0,4.0,15.0,20.0,28.0,12.0,26.0,10.0,7.0,7.0,9.0,15.0,13,1,1,8,7
2015,138,1437,68,1301,71,0,19.0,61.0,9.0,28.0,21.0,23.0,12.0,20.0,7.0,5.0,5.0,3.0,22.0,24.0,53.0,3.0,11.0,20.0,27.0,13.0,32.0,11.0,10.0,2.0,4.0,21.0,3,1,8,1,-7
2015,138,1116,78,1314,87,0,24.0,65.0,8.0,25.0,22.0,27.0,20.0,19.0,17.0,21.0,9.0,3.0,23.0,27.0,60.0,4.0,10.0,29.0,37.0,17.0,25.0,14.0,16.0,13.0,3.0,25.0,9,1,4,5,1
2015,138,1139,64,1323,67,1,18.666666666666668,56.0,3.555555555555556,11.555555555555555,16.0,18.666666666666668,11.555555555555555,20.444444444444443,7.111111111111111,6.222222222222222,7.111111111111111,4.444444444444445,13.333333333333334,19.55555555555556,45.333333333333336,5.333333333333333,17.77777777777778,15.11111111111111,19.55555555555556,8.0,27.55555555555556,8.0,11.555555555555555,3.555555555555556,7.111111111111111,14.22222222222222,3,1,3,6,3
2015,138,1412,75,1417,92,0,29.0,66.0,12.0,26.0,5.0,10.0,12.0,14.0,17.0,8.0,5.0,3.0,21.0,35.0,58.0,5.0,9.0,17.0,25.0,15.0,26.0,17.0,13.0,4.0,4.0,16.0,17,1,11,14,3
2015,138,1207,64,1428,75,0,24.0,55.0,9.0,25.0,7.0,9.0,10.0,17.0,9.0,9.0,6.0,1.0,24.0,22.0,38.0,8.0,14.0,23.0,32.0,4.0,21.0,12.0,9.0,3.0,3.0,14.0,11,1,5,4,-1
2015,138,1209,67,1462,75,0,26.0,46.0,6.0,14.0,9.0,13.0,4.0,8.0,17.0,8.0,8.0,2.0,22.0,23.0,34.0,7.0,13.0,22.0,25.0,5.0,18.0,13.0,14.0,3.0,2.0,17.0,8,1,6,14,8
2015,139,1361,49,1181,68,0,19.0,58.0,2.0,13.0,9.0,11.0,13.0,20.0,5.0,11.0,6.0,5.0,8.0,30.0,55.0,6.0,14.0,2.0,2.0,5.0,28.0,16.0,9.0,7.0,6.0,12.0,19,1,1,8,7
2015,139,1234,68,1211,87,0,28.0,60.0,5.0,15.0,7.0,10.0,7.0,15.0,10.0,11.0,4.0,3.0,17.0,32.0,52.0,10.0,16.0,13.0,21.0,7.0,27.0,20.0,11.0,4.0,2.0,11.0,19,1,2,7,5
2015,139,1320,53,1257,66,0,18.0,46.0,6.0,19.0,11.0,13.0,8.0,17.0,9.0,10.0,2.0,1.0,20.0,22.0,48.0,5.0,11.0,17.0,21.0,10.0,20.0,11.0,7.0,2.0,5.0,16.0,13,1,4,5,1
2015,139,1438,54,1277,60,0,17.0,57.0,2.0,17.0,18.0,26.0,18.0,21.0,6.0,5.0,2.0,3.0,18.0,17.0,40.0,6.0,12.0,20.0,33.0,7.0,25.0,7.0,6.0,4.0,7.0,19.0,6,1,7,2,-5
2015,139,1173,66,1328,72,0,22.0,51.0,11.0,21.0,11.0,13.0,4.0,19.0,12.0,13.0,8.0,2.0,20.0,22.0,49.0,9.0,18.0,19.0,24.0,10.0,25.0,13.0,15.0,9.0,3.0,15.0,6,1,3,11,8
2015,139,1268,59,1452,69,0,21.0,44.0,8.0,19.0,9.0,13.0,8.0,24.0,7.0,23.0,4.0,7.0,19.0,24.0,60.0,7.0,19.0,14.0,19.0,14.0,18.0,11.0,10.0,15.0,1.0,20.0,10,1,5,4,-1
2015,139,1242,65,1455,78,0,20.0,57.0,6.0,21.0,19.0,23.0,14.0,24.0,8.0,14.0,8.0,1.0,23.0,25.0,51.0,10.0,20.0,18.0,24.0,5.0,27.0,13.0,12.0,10.0,3.0,20.0,13,1,7,2,-5
2015,139,1332,65,1458,72,0,26.0,59.0,8.0,19.0,5.0,7.0,10.0,24.0,13.0,8.0,3.0,4.0,20.0,22.0,51.0,7.0,23.0,21.0,29.0,10.0,22.0,11.0,6.0,3.0,3.0,13.0,7,1,1,8,7
2015,143,1462,60,1112,68,0,22.0,51.0,3.0,17.0,13.0,16.0,8.0,23.0,9.0,12.0,7.0,3.0,16.0,22.0,54.0,7.0,22.0,17.0,19.0,10.0,23.0,10.0,8.0,9.0,1.0,14.0,8,1,2,6,4
2015,143,1452,39,1246,78,0,13.0,54.0,2.0,15.0,11.0,19.0,13.0,19.0,7.0,13.0,4.0,3.0,29.0,24.0,50.0,4.0,15.0,26.0,32.0,11.0,33.0,13.0,10.0,7.0,7.0,21.0,39,1,1,5,4
2015,143,1455,70,1323,81,0,26.0,65.0,3.0,18.0,15.0,19.0,15.0,21.0,9.0,7.0,6.0,3.0,16.0,30.0,54.0,9.0,19.0,12.0,15.0,6.0,26.0,18.0,11.0,4.0,4.0,14.0,11,1,3,7,4
2015,143,1314,72,1458,79,0,26.0,56.0,8.0,13.0,12.0,18.0,9.0,19.0,12.0,4.0,3.0,1.0,20.0,26.0,56.0,7.0,21.0,20.0,23.0,12.0,23.0,13.0,5.0,3.0,0.0,18.0,7,1,1,4,3
2015,144,1428,57,1181,63,0,21.0,60.0,4.0,16.0,11.0,15.0,18.0,18.0,8.0,15.0,8.0,4.0,21.0,20.0,45.0,3.0,9.0,20.0,26.0,8.0,23.0,5.0,14.0,6.0,4.0,16.0,6,1,1,5,4
2015,144,1417,62,1211,74,0,26.0,67.0,3.0,13.0,7.0,11.0,12.0,27.0,12.0,7.0,4.0,7.0,22.0,27.0,67.0,3.0,19.0,17.0,23.0,18.0,32.0,15.0,5.0,5.0,4.0,18.0,12,1,2,11,9
2015,144,1301,65,1257,75,0,23.0,60.0,9.0,20.0,10.0,14.0,11.0,25.0,10.0,7.0,3.0,3.0,19.0,27.0,54.0,3.0,12.0,18.0,27.0,7.0,27.0,15.0,5.0,5.0,4.0,13.0,10,1,4,8,4
2015,144,1328,58,1277,62,0,20.0,55.0,4.0,17.0,14.0,16.0,14.0,24.0,7.0,7.0,2.0,4.0,16.0,22.0,57.0,9.0,27.0,9.0,16.0,15.0,21.0,9.0,5.0,1.0,1.0,16.0,4,1,7,3,-4
2015,145,1323,66,1246,68,0,26.0,56.0,4.0,14.0,10.0,13.0,13.0,15.0,16.0,7.0,5.0,1.0,14.0,25.0,47.0,4.0,8.0,14.0,20.0,10.0,19.0,8.0,11.0,4.0,9.0,12.0,2,1,1,3,2
2015,145,1112,78,1458,85,0,24.0,43.0,2.0,6.0,28.0,30.0,3.0,19.0,8.0,10.0,5.0,1.0,22.0,25.0,45.0,12.0,18.0,23.0,31.0,4.0,17.0,11.0,9.0,5.0,1.0,21.0,7,1,1,2,1
2015,146,1211,52,1181,66,0,22.0,50.0,2.0,10.0,6.0,9.0,8.0,27.0,8.0,13.0,1.0,3.0,15.0,21.0,56.0,8.0,19.0,16.0,19.0,9.0,22.0,10.0,3.0,8.0,2.0,12.0,14,1,1,2,1
2015,146,1257,70,1277,76,1,20.444444444444443,56.888888888888886,3.555555555555556,9.77777777777778,17.77777777777778,25.77777777777778,13.333333333333334,23.11111111111111,8.88888888888889,8.0,5.333333333333333,5.333333333333333,14.22222222222222,23.11111111111111,53.333333333333336,8.0,20.444444444444443,13.333333333333334,17.77777777777778,8.88888888888889,27.55555555555556,17.77777777777778,10.666666666666666,4.444444444444445,6.222222222222222,19.55555555555556,6,1,7,4,-3
2015,152,1277,61,1181,81,0,22.0,55.0,7.0,20.0,10.0,16.0,9.0,24.0,10.0,14.0,4.0,3.0,28.0,26.0,50.0,2.0,10.0,27.0,37.0,7.0,29.0,10.0,8.0,9.0,4.0,18.0,20,1,1,7,6
2015,152,1246,64,1458,71,0,26.0,54.0,3.0,5.0,9.0,10.0,6.0,16.0,7.0,6.0,5.0,4.0,20.0,23.0,48.0,7.0,17.0,18.0,22.0,12.0,22.0,10.0,10.0,1.0,2.0,14.0,7,1,1,1,0
2015,154,1458,63,1181,68,0,25.0,61.0,7.0,21.0,6.0,10.0,11.0,24.0,13.0,5.0,3.0,1.0,15.0,24.0,51.0,4.0,11.0,16.0,20.0,6.0,27.0,7.0,5.0,4.0,6.0,13.0,5,1,1,1,0
2016,134,1192,65,1195,96,0,23.0,70.0,8.0,23.0,11.0,18.0,9.0,24.0,16.0,9.0,9.0,1.0,26.0,34.0,57.0,8.0,23.0,20.0,34.0,10.0,42.0,27.0,18.0,6.0,4.0,18.0,31,1,16,16,0
2016,134,1435,50,1455,70,0,16.0,53.0,3.0,19.0,15.0,26.0,9.0,29.0,9.0,12.0,1.0,5.0,23.0,22.0,59.0,7.0,19.0,19.0,25.0,9.0,34.0,12.0,7.0,5.0,2.0,22.0,20,1,11,11,0
2016,135,1380,55,1221,59,0,22.0,56.0,3.0,20.0,8.0,11.0,9.0,24.0,10.0,9.0,4.0,2.0,20.0,18.0,40.0,9.0,25.0,14.0,19.0,2.0,27.0,14.0,14.0,3.0,1.0,13.0,4,1,16,16,0
2016,135,1409,62,1276,67,0,25.0,56.0,3.0,15.0,9.0,15.0,10.0,26.0,10.0,11.0,5.0,6.0,15.0,24.0,59.0,6.0,25.0,13.0,16.0,12.0,26.0,10.0,8.0,5.0,6.0,14.0,5,1,11,11,0
2016,136,1345,83,1114,85,2,20.8,49.6,7.2,22.4,17.6,22.4,8.0,33.6,13.6,14.4,1.6,5.6,18.4,24.0,61.6,7.2,21.6,12.8,22.4,12.0,24.0,7.2,7.2,10.4,0.0,17.6,2,1,12,5,-7
2016,136,1403,61,1139,71,0,25.0,54.0,7.0,18.0,4.0,9.0,6.0,22.0,14.0,14.0,8.0,4.0,16.0,25.0,51.0,9.0,17.0,12.0,16.0,8.0,26.0,14.0,14.0,10.0,2.0,14.0,10,1,9,8,-1
2016,136,1160,67,1163,74,0,23.0,51.0,2.0,10.0,19.0,30.0,9.0,24.0,8.0,12.0,5.0,3.0,22.0,23.0,58.0,6.0,17.0,22.0,23.0,11.0,25.0,8.0,10.0,8.0,8.0,26.0,7,1,9,8,-1
2016,136,1423,85,1181,93,0,30.0,68.0,11.0,26.0,14.0,19.0,13.0,21.0,10.0,9.0,5.0,3.0,33.0,29.0,54.0,4.0,15.0,31.0,43.0,12.0,28.0,11.0,10.0,4.0,8.0,18.0,8,1,4,13,9
2016,136,1371,52,1211,68,0,20.0,62.0,4.0,21.0,8.0,21.0,13.0,21.0,8.0,12.0,11.0,1.0,21.0,24.0,56.0,6.0,17.0,14.0,21.0,12.0,36.0,12.0,20.0,7.0,2.0,19.0,16,1,11,6,-5
2016,136,1151,74,1231,99,0,28.0,59.0,3.0,17.0,15.0,18.0,9.0,15.0,9.0,15.0,7.0,2.0,19.0,37.0,57.0,10.0,16.0,15.0,19.0,8.0,22.0,23.0,12.0,10.0,5.0,16.0,25,1,5,12,7
2016,136,1233,81,1235,94,0,31.0,64.0,7.0,24.0,12.0,18.0,9.0,28.0,12.0,13.0,6.0,3.0,20.0,32.0,64.0,10.0,22.0,20.0,25.0,7.0,28.0,17.0,10.0,9.0,5.0,17.0,13,1,4,13,9
2016,136,1122,79,1242,105,0,25.0,61.0,4.0,15.0,25.0,37.0,15.0,22.0,6.0,12.0,8.0,0.0,23.0,39.0,70.0,6.0,16.0,21.0,27.0,14.0,27.0,23.0,10.0,8.0,9.0,27.0,26,1,1,16,15
2016,136,1392,57,1246,85,0,20.0,76.0,3.0,13.0,14.0,18.0,25.0,21.0,10.0,14.0,6.0,3.0,14.0,33.0,63.0,4.0,13.0,15.0,17.0,10.0,34.0,14.0,10.0,9.0,15.0,17.0,28,1,4,13,9
2016,136,1138,72,1274,79,0,23.0,59.0,10.0,26.0,16.0,22.0,8.0,23.0,8.0,10.0,4.0,1.0,26.0,24.0,54.0,5.0,15.0,26.0,34.0,11.0,33.0,9.0,14.0,5.0,6.0,18.0,7,1,3,14,11
2016,136,1195,67,1314,83,0,25.0,58.0,2.0,11.0,15.0,24.0,15.0,28.0,10.0,14.0,6.0,5.0,19.0,31.0,73.0,7.0,21.0,14.0,19.0,18.0,23.0,13.0,7.0,8.0,10.0,19.0,16,1,1,16,15
2016,136,1425,69,1344,70,0,28.0,52.0,6.0,13.0,7.0,13.0,5.0,30.0,13.0,12.0,6.0,2.0,14.0,25.0,62.0,9.0,24.0,11.0,14.0,8.0,23.0,17.0,6.0,5.0,3.0,15.0,1,1,9,8,-1
2016,136,1201,69,1428,80,0,26.0,53.0,7.0,18.0,10.0,12.0,5.0,10.0,8.0,14.0,15.0,3.0,23.0,27.0,50.0,7.0,18.0,19.0,22.0,15.0,23.0,16.0,20.0,11.0,1.0,11.0,11,1,3,14,11
2016,136,1214,45,1438,81,0,17.0,56.0,3.0,19.0,8.0,10.0,9.0,22.0,4.0,7.0,1.0,0.0,11.0,32.0,58.0,12.0,25.0,5.0,8.0,6.0,31.0,20.0,5.0,4.0,7.0,14.0,36,1,1,16,15
2016,136,1112,55,1455,65,0,20.0,48.0,6.0,18.0,9.0,15.0,10.0,29.0,7.0,19.0,2.0,3.0,23.0,24.0,59.0,3.0,20.0,14.0,19.0,9.0,21.0,9.0,6.0,9.0,5.0,21.0,10,1,11,6,-5
2016,136,1124,75,1463,79,0,30.0,68.0,6.0,16.0,9.0,15.0,14.0,18.0,16.0,7.0,9.0,2.0,24.0,26.0,49.0,5.0,16.0,22.0,29.0,8.0,28.0,14.0,12.0,3.0,4.0,17.0,4,1,12,5,-7
2016,137,1143,66,1218,77,0,23.0,56.0,3.0,19.0,17.0,26.0,12.0,26.0,6.0,16.0,3.0,1.0,24.0,27.0,52.0,3.0,14.0,20.0,25.0,2.0,27.0,8.0,11.0,3.0,3.0,25.0,11,1,13,4,-9
2016,137,1396,70,1234,72,1,26.666666666666668,58.66666666666666,3.555555555555556,16.0,5.333333333333333,8.0,11.555555555555555,32.0,10.666666666666666,10.666666666666666,1.7777777777777777,2.6666666666666665,18.666666666666668,21.33333333333333,61.333333333333336,6.222222222222222,24.88888888888889,15.11111111111111,19.55555555555556,11.555555555555555,22.22222222222222,11.555555555555555,2.6666666666666665,5.333333333333333,2.6666666666666665,13.333333333333334,2,1,7,10,3
2016,137,1355,74,1268,79,0,24.0,59.0,10.0,29.0,16.0,17.0,11.0,17.0,8.0,11.0,5.0,2.0,19.0,23.0,45.0,9.0,23.0,24.0,27.0,6.0,23.0,10.0,13.0,5.0,3.0,17.0,5,1,5,12,7
2016,137,1277,81,1292,90,0,30.0,54.0,11.0,24.0,10.0,15.0,8.0,22.0,20.0,14.0,6.0,2.0,22.0,33.0,59.0,11.0,19.0,13.0,21.0,10.0,18.0,16.0,10.0,6.0,5.0,13.0,9,1,15,2,-13
2016,137,1400,72,1320,75,0,25.0,56.0,9.0,23.0,13.0,18.0,11.0,21.0,10.0,9.0,2.0,4.0,24.0,21.0,43.0,8.0,20.0,25.0,32.0,5.0,25.0,7.0,10.0,2.0,3.0,18.0,3,1,11,6,-5
2016,137,1276,63,1323,70,0,25.0,63.0,10.0,27.0,3.0,5.0,11.0,14.0,18.0,7.0,10.0,1.0,14.0,25.0,43.0,8.0,15.0,12.0,15.0,5.0,28.0,12.0,16.0,3.0,8.0,9.0,7,1,6,11,5
2016,137,1167,68,1328,82,0,26.0,58.0,5.0,18.0,11.0,14.0,13.0,22.0,15.0,14.0,6.0,3.0,22.0,28.0,56.0,11.0,20.0,15.0,25.0,10.0,21.0,15.0,10.0,7.0,7.0,15.0,14,1,2,15,13
2016,137,1221,52,1332,91,0,20.0,55.0,6.0,23.0,6.0,15.0,8.0,20.0,6.0,10.0,3.0,2.0,17.0,34.0,61.0,6.0,20.0,17.0,22.0,11.0,33.0,15.0,7.0,1.0,6.0,15.0,39,1,1,16,15
2016,137,1452,56,1372,70,0,16.0,52.0,3.0,16.0,21.0,27.0,17.0,31.0,8.0,22.0,5.0,7.0,27.0,17.0,55.0,7.0,23.0,29.0,39.0,11.0,22.0,12.0,7.0,16.0,3.0,25.0,14,1,14,3,-11
2016,137,1153,76,1386,78,0,28.0,55.0,10.0,24.0,10.0,13.0,9.0,21.0,13.0,9.0,3.0,6.0,15.0,28.0,58.0,9.0,24.0,13.0,17.0,10.0,19.0,13.0,6.0,4.0,4.0,18.0,2,1,8,9,1
2016,137,1173,51,1393,70,0,18.0,56.0,6.0,22.0,9.0,19.0,10.0,18.0,11.0,9.0,7.0,3.0,16.0,21.0,53.0,8.0,22.0,20.0,23.0,16.0,32.0,10.0,15.0,7.0,2.0,17.0,19,1,10,7,-3
2016,137,1453,65,1401,92,0,21.0,56.0,9.0,27.0,14.0,23.0,7.0,18.0,14.0,18.0,14.0,5.0,23.0,32.0,57.0,7.0,19.0,21.0,28.0,12.0,33.0,17.0,20.0,13.0,1.0,19.0,27,1,3,14,11
2016,137,1333,67,1433,75,0,25.0,60.0,7.0,17.0,10.0,15.0,7.0,21.0,14.0,6.0,5.0,2.0,19.0,27.0,56.0,4.0,20.0,17.0,21.0,9.0,31.0,13.0,12.0,3.0,4.0,18.0,8,1,10,7,-3
2016,137,1421,56,1437,86,0,21.0,57.0,5.0,17.0,9.0,13.0,12.0,20.0,11.0,14.0,5.0,2.0,12.0,33.0,57.0,13.0,28.0,7.0,11.0,7.0,25.0,21.0,11.0,8.0,5.0,10.0,30,1,2,15,13
2016,137,1338,43,1458,47,0,18.0,48.0,3.0,11.0,4.0,7.0,7.0,29.0,6.0,10.0,3.0,3.0,19.0,17.0,53.0,4.0,19.0,9.0,15.0,12.0,25.0,6.0,6.0,6.0,2.0,11.0,4,1,7,10,3
2016,137,1451,53,1462,71,0,22.0,57.0,4.0,21.0,5.0,11.0,9.0,18.0,9.0,11.0,8.0,2.0,14.0,30.0,62.0,7.0,14.0,4.0,4.0,13.0,30.0,14.0,13.0,4.0,2.0,16.0,18,1,2,15,13
2016,138,1463,64,1181,71,0,25.0,65.0,4.0,23.0,10.0,13.0,20.0,22.0,13.0,11.0,5.0,5.0,16.0,23.0,50.0,11.0,23.0,14.0,16.0,5.0,23.0,12.0,10.0,6.0,7.0,18.0,7,1,4,12,8
2016,138,1428,59,1211,82,0,22.0,52.0,7.0,15.0,8.0,8.0,4.0,20.0,9.0,13.0,5.0,3.0,14.0,34.0,61.0,9.0,19.0,5.0,6.0,8.0,26.0,14.0,9.0,7.0,3.0,13.0,23,1,11,3,-8
2016,138,1246,67,1231,73,0,24.0,57.0,4.0,16.0,15.0,19.0,10.0,24.0,8.0,16.0,6.0,2.0,24.0,25.0,52.0,6.0,21.0,17.0,23.0,6.0,24.0,13.0,13.0,5.0,4.0,22.0,6,1,5,4,-1
2016,138,1114,61,1235,78,0,20.0,54.0,8.0,25.0,13.0,16.0,7.0,25.0,9.0,8.0,1.0,1.0,14.0,30.0,53.0,11.0,21.0,7.0,16.0,4.0,27.0,15.0,6.0,6.0,0.0,10.0,17,1,4,12,8
2016,138,1163,61,1242,73,0,21.0,62.0,10.0,22.0,9.0,11.0,5.0,19.0,11.0,6.0,7.0,4.0,19.0,25.0,51.0,6.0,17.0,17.0,22.0,8.0,36.0,14.0,13.0,3.0,7.0,13.0,12,1,1,9,8
2016,138,1455,57,1274,65,0,20.0,59.0,6.0,22.0,11.0,14.0,16.0,17.0,8.0,15.0,10.0,0.0,18.0,21.0,38.0,7.0,12.0,16.0,23.0,2.0,24.0,7.0,16.0,10.0,4.0,15.0,8,1,3,11,8
2016,138,1344,66,1314,85,0,23.0,57.0,6.0,23.0,14.0,23.0,9.0,15.0,8.0,11.0,5.0,1.0,20.0,31.0,59.0,4.0,14.0,19.0,21.0,13.0,29.0,12.0,15.0,5.0,4.0,19.0,19,1,1,9,8
2016,138,1139,69,1438,77,0,25.0,54.0,7.0,15.0,12.0,17.0,4.0,18.0,9.0,4.0,7.0,1.0,17.0,29.0,52.0,2.0,10.0,17.0,21.0,6.0,26.0,11.0,9.0,3.0,2.0,13.0,8,1,1,9,8
2016,139,1218,60,1268,73,0,23.0,70.0,4.0,19.0,10.0,15.0,16.0,26.0,13.0,9.0,2.0,1.0,22.0,22.0,48.0,1.0,18.0,28.0,31.0,3.0,33.0,8.0,11.0,5.0,7.0,18.0,13,1,5,13,8
2016,139,1372,75,1323,76,0,29.0,64.0,8.0,27.0,9.0,9.0,14.0,13.0,19.0,6.0,5.0,5.0,15.0,29.0,51.0,6.0,17.0,12.0,16.0,11.0,20.0,15.0,13.0,2.0,2.0,12.0,1,1,6,14,8
2016,139,1433,81,1328,85,0,30.0,66.0,11.0,31.0,10.0,16.0,13.0,24.0,16.0,13.0,7.0,1.0,23.0,29.0,60.0,8.0,26.0,19.0,25.0,11.0,26.0,10.0,12.0,5.0,5.0,18.0,4,1,2,10,8
2016,139,1386,64,1332,69,0,22.0,57.0,4.0,15.0,16.0,20.0,9.0,28.0,7.0,12.0,5.0,0.0,20.0,21.0,53.0,6.0,24.0,21.0,25.0,7.0,28.0,6.0,11.0,2.0,7.0,19.0,5,1,1,8,7
2016,139,1292,50,1393,75,0,19.0,64.0,8.0,24.0,4.0,8.0,18.0,17.0,8.0,10.0,4.0,2.0,15.0,27.0,49.0,8.0,20.0,13.0,22.0,8.0,29.0,14.0,10.0,6.0,11.0,9.0,25,1,10,15,5
2016,139,1320,88,1401,92,2,21.6,55.2,9.6,27.2,17.6,21.6,5.6,25.6,12.8,10.4,7.2,2.4,21.6,24.8,56.8,5.6,24.8,18.4,27.2,10.4,29.6,6.4,11.2,4.8,0.0,18.4,4,1,3,11,8
2016,139,1234,68,1437,87,0,27.0,60.0,7.0,24.0,7.0,13.0,10.0,19.0,14.0,13.0,6.0,3.0,19.0,32.0,54.0,10.0,19.0,13.0,17.0,6.0,26.0,23.0,13.0,9.0,4.0,16.0,19,1,2,7,5
2016,139,1462,63,1458,66,0,22.0,54.0,5.0,16.0,14.0,21.0,5.0,31.0,10.0,8.0,8.0,1.0,17.0,25.0,59.0,8.0,27.0,8.0,13.0,7.0,31.0,12.0,12.0,3.0,6.0,21.0,3,1,7,2,-5
2016,143,1268,63,1242,79,0,22.0,55.0,5.0,25.0,14.0,20.0,6.0,22.0,9.0,9.0,7.0,7.0,23.0,29.0,62.0,3.0,9.0,18.0,21.0,13.0,30.0,14.0,11.0,5.0,1.0,20.0,16,1,1,5,4
2016,143,1401,63,1328,77,0,22.0,64.0,6.0,28.0,13.0,24.0,16.0,26.0,14.0,12.0,6.0,4.0,12.0,31.0,63.0,11.0,25.0,4.0,9.0,10.0,31.0,23.0,15.0,4.0,5.0,18.0,14,1,2,3,1
2016,143,1181,68,1332,82,0,26.0,59.0,7.0,22.0,9.0,15.0,5.0,27.0,12.0,8.0,4.0,3.0,19.0,32.0,65.0,10.0,23.0,8.0,17.0,12.0,30.0,22.0,8.0,3.0,5.0,17.0,14,1,1,4,3
2016,143,1274,69,1437,92,0,25.0,47.0,10.0,17.0,9.0,13.0,7.0,10.0,12.0,12.0,6.0,1.0,19.0,32.0,51.0,10.0,15.0,18.0,19.0,9.0,18.0,17.0,8.0,8.0,1.0,16.0,23,1,2,3,1
2016,144,1231,86,1314,101,0,25.0,61.0,13.0,31.0,23.0,26.0,15.0,17.0,13.0,12.0,2.0,1.0,27.0,32.0,62.0,11.0,20.0,26.0,33.0,15.0,22.0,20.0,9.0,7.0,5.0,22.0,15,1,1,5,4
2016,144,1458,56,1323,61,0,23.0,57.0,6.0,20.0,4.0,6.0,13.0,23.0,11.0,17.0,8.0,4.0,15.0,22.0,55.0,4.0,13.0,13.0,14.0,11.0,21.0,13.0,12.0,10.0,6.0,9.0,5,1,6,7,1
2016,144,1211,60,1393,63,0,24.0,55.0,8.0,21.0,4.0,5.0,12.0,25.0,18.0,17.0,4.0,8.0,14.0,22.0,61.0,5.0,15.0,14.0,16.0,15.0,18.0,9.0,9.0,9.0,10.0,12.0,3,1,10,11,1
2016,144,1235,71,1438,84,0,27.0,52.0,7.0,18.0,10.0,15.0,2.0,22.0,16.0,12.0,6.0,2.0,19.0,32.0,57.0,4.0,11.0,16.0,24.0,7.0,26.0,26.0,8.0,8.0,5.0,13.0,13,1,1,4,3
2016,145,1332,68,1328,80,0,21.0,54.0,4.0,21.0,22.0,30.0,13.0,19.0,10.0,12.0,10.0,2.0,16.0,27.0,58.0,12.0,24.0,14.0,17.0,14.0,24.0,16.0,15.0,4.0,2.0,21.0,12,1,2,1,-1
2016,145,1242,59,1437,64,0,23.0,50.0,6.0,22.0,7.0,11.0,6.0,26.0,11.0,16.0,5.0,2.0,19.0,21.0,52.0,4.0,18.0,18.0,19.0,5.0,23.0,7.0,9.0,11.0,2.0,16.0,5,1,2,1,-1
2016,146,1323,74,1314,88,0,27.0,49.0,9.0,18.0,11.0,14.0,5.0,10.0,9.0,7.0,3.0,1.0,18.0,32.0,52.0,4.0,13.0,20.0,24.0,13.0,19.0,17.0,6.0,4.0,1.0,17.0,14,1,1,6,5
2016,146,1438,62,1393,68,0,22.0,53.0,8.0,21.0,10.0,12.0,8.0,26.0,21.0,13.0,3.0,8.0,16.0,21.0,57.0,6.0,18.0,20.0,25.0,12.0,24.0,10.0,8.0,11.0,7.0,15.0,6,1,10,1,-9
2016,152,1393,66,1314,83,0,27.0,66.0,8.0,25.0,4.0,13.0,16.0,15.0,5.0,10.0,8.0,4.0,15.0,35.0,65.0,4.0,17.0,9.0,11.0,16.0,27.0,18.0,12.0,6.0,5.0,12.0,17,1,1,10,9
2016,152,1328,51,1437,95,0,19.0,60.0,6.0,27.0,7.0,11.0,19.0,10.0,8.0,17.0,6.0,2.0,20.0,35.0,49.0,11.0,18.0,14.0,19.0,7.0,25.0,14.0,11.0,12.0,3.0,11.0,44,1,2,2,0
2016,154,1314,74,1437,77,0,27.0,63.0,11.0,17.0,9.0,13.0,16.0,20.0,16.0,11.0,5.0,3.0,20.0,28.0,48.0,8.0,14.0,13.0,17.0,2.0,21.0,6.0,10.0,5.0,5.0,16.0,3,1,2,1,-1
2017,134,1448,88,1243,95,0,25.0,53.0,9.0,27.0,29.0,32.0,7.0,14.0,14.0,11.0,8.0,1.0,25.0,31.0,47.0,6.0,16.0,27.0,36.0,7.0,22.0,18.0,15.0,6.0,3.0,26.0,7,1,11,11,0
2017,134,1309,66,1291,67,0,29.0,54.0,1.0,9.0,7.0,12.0,10.0,18.0,12.0,14.0,10.0,2.0,18.0,25.0,47.0,10.0,19.0,7.0,13.0,6.0,19.0,14.0,16.0,6.0,1.0,13.0,1,1,16,16,0
2017,135,1300,63,1413,67,0,24.0,67.0,5.0,26.0,10.0,13.0,9.0,21.0,14.0,9.0,10.0,0.0,15.0,22.0,48.0,5.0,16.0,18.0,22.0,6.0,34.0,14.0,18.0,4.0,1.0,13.0,4,1,16,16,0
2017,135,1344,71,1425,75,0,25.0,51.0,9.0,20.0,12.0,17.0,7.0,20.0,17.0,9.0,3.0,2.0,21.0,24.0,57.0,7.0,19.0,20.0,27.0,16.0,20.0,12.0,7.0,4.0,4.0,13.0,4,1,11,11,0
2017,136,1315,82,1112,100,0,32.0,69.0,10.0,22.0,8.0,16.0,9.0,22.0,18.0,6.0,6.0,2.0,23.0,36.0,62.0,4.0,11.0,24.0,28.0,7.0,33.0,14.0,7.0,3.0,3.0,18.0,18,1,2,15,13
2017,136,1457,64,1139,76,0,25.0,62.0,9.0,25.0,5.0,10.0,3.0,24.0,12.0,9.0,6.0,1.0,22.0,24.0,49.0,8.0,19.0,20.0,30.0,5.0,37.0,15.0,12.0,4.0,6.0,15.0,12,1,4,13,9
2017,136,1190,65,1196,80,0,25.0,62.0,9.0,24.0,6.0,10.0,13.0,19.0,12.0,17.0,9.0,0.0,19.0,26.0,54.0,7.0,22.0,21.0,27.0,12.0,26.0,16.0,15.0,12.0,4.0,12.0,15,1,4,13,9
2017,136,1195,80,1199,86,0,29.0,70.0,8.0,28.0,14.0,20.0,7.0,19.0,18.0,11.0,6.0,1.0,23.0,30.0,54.0,2.0,13.0,24.0,39.0,9.0,37.0,16.0,16.0,9.0,9.0,19.0,6,1,3,14,11
2017,136,1355,46,1211,66,0,18.0,58.0,5.0,20.0,5.0,11.0,9.0,29.0,8.0,13.0,3.0,4.0,17.0,25.0,63.0,8.0,30.0,8.0,18.0,14.0,36.0,8.0,9.0,5.0,7.0,13.0,20,1,1,16,15
2017,136,1305,73,1235,84,0,26.0,65.0,8.0,26.0,13.0,16.0,10.0,18.0,13.0,7.0,8.0,4.0,14.0,30.0,54.0,8.0,19.0,16.0,18.0,7.0,31.0,17.0,13.0,4.0,3.0,15.0,11,1,5,12,7
2017,136,1278,72,1292,81,0,24.0,52.0,6.0,21.0,18.0,21.0,4.0,20.0,15.0,8.0,5.0,3.0,22.0,28.0,58.0,7.0,13.0,18.0,27.0,11.0,26.0,19.0,8.0,4.0,3.0,20.0,9,1,12,5,-7
2017,136,1435,66,1321,68,0,21.0,55.0,9.0,26.0,15.0,18.0,7.0,23.0,9.0,10.0,7.0,6.0,16.0,26.0,53.0,6.0,14.0,10.0,18.0,8.0,29.0,10.0,12.0,7.0,0.0,18.0,2,1,8,9,1
2017,136,1343,58,1323,60,0,22.0,57.0,8.0,31.0,6.0,6.0,7.0,26.0,13.0,9.0,2.0,4.0,14.0,21.0,52.0,4.0,11.0,14.0,21.0,9.0,27.0,10.0,6.0,4.0,3.0,9.0,2,1,5,12,7
2017,136,1436,70,1345,80,0,27.0,61.0,10.0,27.0,6.0,10.0,8.0,20.0,21.0,9.0,6.0,1.0,17.0,31.0,60.0,9.0,20.0,9.0,14.0,11.0,27.0,16.0,10.0,2.0,6.0,15.0,10,1,4,13,9
2017,136,1433,77,1388,85,0,29.0,65.0,2.0,13.0,17.0,26.0,11.0,18.0,6.0,9.0,7.0,4.0,32.0,25.0,45.0,6.0,17.0,29.0,39.0,7.0,30.0,13.0,15.0,5.0,4.0,20.0,8,1,7,10,3
2017,136,1291,56,1437,76,0,21.0,57.0,5.0,21.0,9.0,12.0,10.0,17.0,10.0,9.0,5.0,5.0,15.0,31.0,60.0,6.0,17.0,8.0,11.0,14.0,29.0,14.0,13.0,5.0,3.0,17.0,20,1,1,16,15
2017,136,1423,71,1438,76,0,25.0,61.0,10.0,26.0,11.0,17.0,14.0,26.0,15.0,9.0,4.0,2.0,20.0,26.0,52.0,7.0,17.0,17.0,25.0,6.0,27.0,9.0,8.0,5.0,5.0,19.0,5,1,5,12,7
2017,136,1137,80,1452,86,0,27.0,59.0,9.0,20.0,17.0,23.0,9.0,23.0,13.0,15.0,8.0,4.0,25.0,30.0,66.0,5.0,11.0,21.0,29.0,17.0,25.0,15.0,13.0,7.0,5.0,19.0,6,1,4,13,9
2017,136,1439,74,1458,84,0,23.0,49.0,7.0,17.0,21.0,26.0,6.0,19.0,14.0,10.0,3.0,2.0,18.0,26.0,60.0,13.0,31.0,19.0,25.0,17.0,20.0,19.0,8.0,4.0,3.0,22.0,10,1,8,9,1
2017,136,1268,65,1462,76,0,22.0,54.0,7.0,27.0,14.0,19.0,7.0,17.0,13.0,11.0,7.0,3.0,19.0,25.0,50.0,9.0,23.0,17.0,24.0,9.0,25.0,15.0,15.0,8.0,2.0,17.0,11,1,11,6,-5
2017,137,1371,71,1116,77,0,26.0,68.0,6.0,17.0,13.0,21.0,21.0,25.0,10.0,15.0,6.0,4.0,18.0,28.0,60.0,3.0,7.0,18.0,23.0,8.0,24.0,13.0,10.0,12.0,7.0,20.0,6,1,8,9,1
2017,137,1308,73,1124,91,0,28.0,64.0,8.0,22.0,9.0,13.0,9.0,18.0,15.0,11.0,6.0,2.0,18.0,35.0,61.0,4.0,8.0,17.0,19.0,10.0,29.0,15.0,12.0,4.0,7.0,15.0,18,1,3,14,11
2017,137,1243,61,1153,75,0,21.0,54.0,7.0,18.0,12.0,15.0,9.0,14.0,10.0,7.0,7.0,2.0,19.0,27.0,43.0,5.0,11.0,16.0,22.0,7.0,24.0,10.0,11.0,4.0,4.0,12.0,14,1,6,11,5
2017,137,1407,65,1181,87,0,24.0,59.0,5.0,23.0,12.0,14.0,13.0,24.0,10.0,17.0,1.0,2.0,19.0,29.0,62.0,13.0,28.0,16.0,23.0,14.0,22.0,15.0,8.0,13.0,8.0,17.0,22,1,2,15,13
2017,137,1413,62,1242,100,0,21.0,62.0,4.0,20.0,16.0,18.0,9.0,18.0,7.0,14.0,5.0,2.0,19.0,36.0,64.0,11.0,25.0,17.0,20.0,11.0,34.0,19.0,12.0,6.0,6.0,17.0,38,1,1,16,15
2017,137,1297,70,1246,79,0,26.0,73.0,8.0,32.0,10.0,11.0,13.0,27.0,11.0,8.0,6.0,3.0,22.0,27.0,61.0,3.0,17.0,22.0,28.0,11.0,35.0,12.0,12.0,5.0,9.0,15.0,9,1,2,15,13
2017,137,1240,63,1257,78,0,23.0,46.0,10.0,19.0,7.0,8.0,4.0,19.0,14.0,14.0,1.0,8.0,14.0,31.0,64.0,5.0,15.0,11.0,14.0,16.0,20.0,14.0,6.0,7.0,5.0,12.0,15,1,2,15,13
2017,137,1329,91,1276,92,0,35.0,64.0,7.0,16.0,14.0,16.0,16.0,24.0,17.0,10.0,3.0,3.0,22.0,29.0,56.0,16.0,29.0,18.0,22.0,6.0,15.0,19.0,4.0,5.0,6.0,14.0,1,1,7,10,3
2017,137,1274,58,1277,78,0,21.0,52.0,4.0,16.0,12.0,17.0,9.0,14.0,8.0,10.0,9.0,1.0,17.0,30.0,53.0,6.0,20.0,12.0,14.0,10.0,26.0,18.0,12.0,1.0,3.0,18.0,20,1,9,8,-1
2017,137,1411,64,1314,103,0,22.0,60.0,7.0,27.0,13.0,16.0,6.0,21.0,9.0,13.0,6.0,3.0,17.0,38.0,75.0,8.0,22.0,19.0,26.0,20.0,34.0,18.0,10.0,6.0,4.0,13.0,39,1,1,16,15
2017,137,1233,77,1332,93,0,28.0,64.0,10.0,26.0,11.0,16.0,12.0,15.0,10.0,10.0,4.0,7.0,17.0,35.0,63.0,9.0,23.0,14.0,21.0,15.0,26.0,11.0,12.0,8.0,2.0,14.0,16,1,3,14,11
2017,137,1166,72,1348,84,0,26.0,65.0,7.0,23.0,13.0,19.0,11.0,26.0,11.0,11.0,2.0,3.0,20.0,26.0,58.0,4.0,21.0,28.0,31.0,8.0,30.0,11.0,8.0,8.0,3.0,16.0,12,1,11,6,-5
2017,137,1266,73,1376,93,0,25.0,54.0,11.0,28.0,12.0,14.0,6.0,22.0,12.0,18.0,3.0,3.0,20.0,36.0,68.0,8.0,24.0,13.0,19.0,13.0,23.0,17.0,9.0,11.0,2.0,13.0,20,1,7,10,3
2017,137,1245,80,1417,97,0,31.0,71.0,9.0,22.0,9.0,12.0,15.0,21.0,10.0,8.0,3.0,0.0,18.0,37.0,59.0,7.0,14.0,16.0,23.0,6.0,27.0,25.0,6.0,2.0,3.0,12.0,17,1,3,14,11
2017,137,1374,65,1425,66,0,24.0,57.0,9.0,23.0,8.0,11.0,10.0,20.0,11.0,8.0,5.0,0.0,15.0,24.0,50.0,8.0,28.0,10.0,14.0,9.0,25.0,14.0,10.0,5.0,4.0,16.0,1,1,11,6,-5
2017,137,1173,58,1455,64,0,18.0,58.0,7.0,22.0,15.0,20.0,10.0,19.0,11.0,6.0,6.0,3.0,23.0,19.0,48.0,6.0,20.0,20.0,27.0,13.0,35.0,11.0,16.0,0.0,8.0,19.0,6,1,10,7,-3
2017,138,1388,60,1112,69,0,25.0,54.0,5.0,21.0,5.0,8.0,9.0,21.0,14.0,13.0,5.0,4.0,20.0,23.0,51.0,4.0,11.0,19.0,23.0,9.0,23.0,4.0,9.0,7.0,5.0,12.0,9,1,2,7,5
2017,138,1292,65,1139,74,0,25.0,57.0,4.0,19.0,11.0,14.0,7.0,21.0,15.0,12.0,5.0,0.0,21.0,24.0,47.0,8.0,15.0,18.0,23.0,2.0,26.0,16.0,10.0,4.0,2.0,16.0,9,1,4,12,8
2017,138,1438,39,1196,65,0,16.0,54.0,1.0,15.0,6.0,7.0,9.0,23.0,8.0,11.0,4.0,3.0,17.0,23.0,50.0,8.0,21.0,11.0,18.0,7.0,29.0,10.0,10.0,6.0,1.0,10.0,26,1,4,5,1
2017,138,1321,73,1211,79,0,27.0,66.0,8.0,24.0,11.0,13.0,12.0,24.0,12.0,13.0,11.0,5.0,26.0,26.0,59.0,4.0,16.0,23.0,36.0,15.0,27.0,10.0,14.0,7.0,7.0,18.0,6,1,1,8,7
2017,138,1235,76,1345,80,0,30.0,60.0,7.0,23.0,9.0,14.0,3.0,25.0,14.0,7.0,7.0,3.0,16.0,31.0,64.0,8.0,26.0,10.0,15.0,9.0,29.0,27.0,10.0,6.0,1.0,15.0,4,1,4,5,1
2017,138,1323,71,1452,83,0,22.0,54.0,10.0,28.0,17.0,17.0,8.0,20.0,12.0,14.0,6.0,3.0,21.0,27.0,54.0,8.0,14.0,21.0,26.0,10.0,24.0,16.0,12.0,6.0,5.0,18.0,12,1,4,5,1
2017,138,1437,62,1458,65,0,21.0,51.0,5.0,16.0,15.0,21.0,11.0,19.0,5.0,8.0,8.0,1.0,16.0,26.0,49.0,6.0,18.0,7.0,16.0,12.0,22.0,10.0,14.0,4.0,5.0,19.0,3,1,8,1,-7
2017,138,1199,66,1462,91,0,24.0,60.0,4.0,21.0,14.0,19.0,11.0,22.0,10.0,9.0,7.0,3.0,24.0,30.0,54.0,11.0,17.0,20.0,26.0,7.0,29.0,20.0,9.0,4.0,3.0,20.0,25,1,11,3,-8
2017,139,1425,78,1124,82,0,30.0,55.0,9.0,22.0,9.0,10.0,6.0,17.0,19.0,13.0,4.0,3.0,18.0,31.0,61.0,7.0,19.0,13.0,15.0,14.0,20.0,16.0,12.0,8.0,3.0,16.0,4,1,3,11,8
2017,139,1277,70,1242,90,0,25.0,57.0,8.0,23.0,12.0,17.0,5.0,23.0,13.0,10.0,3.0,1.0,14.0,34.0,64.0,8.0,20.0,14.0,15.0,8.0,28.0,12.0,7.0,9.0,3.0,16.0,20,1,1,9,8
2017,139,1455,62,1246,65,0,24.0,62.0,8.0,24.0,6.0,9.0,14.0,24.0,12.0,11.0,2.0,5.0,14.0,23.0,55.0,7.0,18.0,12.0,18.0,10.0,26.0,11.0,7.0,6.0,5.0,11.0,3,1,2,10,8
2017,139,1257,69,1276,73,0,28.0,61.0,5.0,20.0,8.0,12.0,15.0,22.0,12.0,11.0,4.0,5.0,18.0,28.0,57.0,6.0,17.0,11.0,14.0,9.0,21.0,11.0,6.0,4.0,4.0,15.0,4,1,7,2,-5
2017,139,1116,65,1314,72,0,26.0,60.0,8.0,21.0,5.0,8.0,8.0,24.0,9.0,19.0,10.0,4.0,20.0,24.0,63.0,5.0,17.0,19.0,25.0,18.0,27.0,15.0,17.0,13.0,4.0,10.0,7,1,1,8,7
2017,139,1348,72,1332,75,0,30.0,59.0,6.0,22.0,6.0,8.0,9.0,19.0,11.0,11.0,8.0,2.0,21.0,25.0,52.0,7.0,16.0,18.0,27.0,15.0,20.0,11.0,14.0,8.0,2.0,14.0,3,1,3,11,8
2017,139,1181,81,1376,88,0,22.0,53.0,10.0,27.0,27.0,29.0,10.0,24.0,11.0,18.0,6.0,7.0,26.0,27.0,63.0,7.0,22.0,27.0,32.0,15.0,22.0,16.0,11.0,8.0,2.0,22.0,7,1,7,2,-5
2017,139,1153,67,1417,79,0,26.0,58.0,7.0,20.0,8.0,10.0,9.0,23.0,11.0,10.0,2.0,1.0,13.0,31.0,62.0,11.0,28.0,6.0,10.0,7.0,23.0,21.0,3.0,5.0,5.0,10.0,12,1,3,6,3
2017,143,1452,58,1211,61,0,16.0,60.0,5.0,23.0,21.0,29.0,20.0,21.0,7.0,13.0,5.0,7.0,25.0,18.0,44.0,4.0,10.0,21.0,32.0,7.0,27.0,7.0,16.0,5.0,3.0,26.0,3,1,1,4,3
2017,143,1345,66,1242,98,0,24.0,56.0,10.0,27.0,8.0,12.0,9.0,20.0,17.0,16.0,6.0,0.0,18.0,34.0,62.0,15.0,28.0,15.0,22.0,12.0,24.0,18.0,10.0,9.0,2.0,15.0,32,1,1,4,3
2017,143,1276,68,1332,69,0,25.0,58.0,11.0,31.0,7.0,7.0,2.0,29.0,16.0,8.0,3.0,2.0,16.0,26.0,58.0,8.0,17.0,9.0,16.0,6.0,30.0,15.0,5.0,6.0,3.0,9.0,1,1,3,7,4
2017,143,1112,71,1462,73,0,27.0,62.0,7.0,27.0,10.0,11.0,14.0,21.0,14.0,8.0,4.0,1.0,18.0,28.0,53.0,6.0,16.0,11.0,16.0,7.0,20.0,14.0,8.0,3.0,1.0,14.0,2,1,11,2,-9
2017,144,1458,83,1196,84,1,24.88888888888889,48.888888888888886,6.222222222222222,15.11111111111111,17.77777777777778,26.666666666666668,9.77777777777778,22.22222222222222,12.444444444444445,14.22222222222222,7.111111111111111,1.7777777777777777,23.11111111111111,24.88888888888889,55.11111111111112,7.111111111111111,19.55555555555556,17.77777777777778,24.88888888888889,12.444444444444445,17.77777777777778,8.88888888888889,10.666666666666666,3.555555555555556,6.222222222222222,21.33333333333333,1,1,4,8,4
2017,144,1417,75,1246,86,0,29.0,55.0,9.0,23.0,8.0,13.0,8.0,20.0,16.0,13.0,3.0,5.0,19.0,31.0,63.0,10.0,23.0,14.0,17.0,10.0,19.0,18.0,6.0,5.0,5.0,17.0,11,1,2,3,1
2017,144,1139,80,1314,92,0,27.0,62.0,8.0,28.0,18.0,21.0,8.0,18.0,13.0,9.0,5.0,1.0,23.0,31.0,57.0,9.0,24.0,21.0,33.0,10.0,28.0,22.0,10.0,7.0,1.0,21.0,12,1,1,4,3
2017,144,1124,50,1376,70,0,17.0,56.0,3.0,13.0,13.0,20.0,15.0,22.0,11.0,16.0,6.0,3.0,20.0,23.0,50.0,8.0,20.0,16.0,23.0,11.0,29.0,12.0,16.0,7.0,6.0,20.0,20,1,7,3,-4
2017,145,1462,59,1211,83,0,22.0,62.0,2.0,16.0,13.0,22.0,13.0,28.0,6.0,11.0,4.0,3.0,22.0,29.0,61.0,12.0,24.0,13.0,25.0,11.0,30.0,15.0,10.0,7.0,6.0,19.0,24,1,1,11,10
2017,145,1242,60,1332,74,0,21.0,60.0,5.0,25.0,13.0,17.0,12.0,20.0,14.0,8.0,4.0,1.0,13.0,29.0,57.0,11.0,25.0,5.0,7.0,9.0,27.0,12.0,13.0,5.0,8.0,13.0,14,1,3,1,-2
2017,146,1246,73,1314,75,0,27.0,65.0,7.0,19.0,12.0,19.0,11.0,23.0,16.0,9.0,7.0,2.0,19.0,27.0,58.0,3.0,15.0,18.0,26.0,13.0,31.0,17.0,16.0,7.0,9.0,18.0,2,1,1,2,1
2017,146,1196,70,1376,77,0,25.0,60.0,7.0,26.0,13.0,14.0,13.0,18.0,11.0,16.0,7.0,5.0,21.0,26.0,53.0,2.0,10.0,23.0,31.0,11.0,23.0,7.0,11.0,4.0,2.0,17.0,7,1,7,4,-3
2017,152,1376,73,1211,77,0,25.0,66.0,7.0,20.0,16.0,22.0,13.0,23.0,12.0,5.0,7.0,6.0,14.0,29.0,60.0,9.0,19.0,10.0,13.0,10.0,31.0,15.0,12.0,3.0,8.0,21.0,4,1,1,7,6
2017,152,1332,76,1314,77,0,22.0,58.0,7.0,26.0,25.0,28.0,12.0,31.0,7.0,16.0,5.0,7.0,20.0,25.0,68.0,8.0,21.0,19.0,27.0,17.0,26.0,16.0,11.0,7.0,3.0,22.0,1,1,1,3,2
2017,154,1211,65,1314,71,0,20.0,59.0,8.0,19.0,17.0,26.0,12.0,37.0,11.0,14.0,2.0,5.0,22.0,26.0,73.0,4.0,27.0,15.0,26.0,15.0,31.0,15.0,4.0,7.0,8.0,22.0,6,1,1,1,0
2018,134,1254,61,1347,71,0,19.0,50.0,7.0,26.0,16.0,23.0,6.0,26.0,13.0,15.0,3.0,0.0,19.0,28.0,59.0,6.0,17.0,9.0,13.0,8.0,30.0,17.0,15.0,6.0,2.0,23.0,10,1,16,16,0
2018,134,1417,58,1382,65,0,21.0,50.0,10.0,30.0,6.0,10.0,7.0,34.0,13.0,20.0,1.0,6.0,18.0,23.0,60.0,4.0,19.0,15.0,21.0,7.0,24.0,7.0,6.0,11.0,0.0,14.0,7,1,11,11,0
2018,135,1113,56,1393,60,0,21.0,52.0,11.0,32.0,3.0,10.0,8.0,26.0,19.0,11.0,5.0,3.0,19.0,20.0,49.0,7.0,20.0,13.0,23.0,10.0,27.0,10.0,11.0,5.0,2.0,16.0,4,1,11,11,0
2018,135,1300,46,1411,64,0,21.0,69.0,0.0,14.0,4.0,6.0,20.0,23.0,10.0,15.0,5.0,2.0,18.0,21.0,57.0,6.0,24.0,16.0,19.0,13.0,28.0,9.0,14.0,7.0,8.0,12.0,18,1,16,16,0
2018,136,1439,83,1104,86,0,30.0,54.0,9.0,18.0,14.0,20.0,10.0,12.0,14.0,14.0,7.0,1.0,22.0,30.0,50.0,8.0,18.0,18.0,27.0,10.0,16.0,19.0,17.0,3.0,3.0,18.0,3,1,9,8,-1
2018,136,1112,68,1138,89,0,29.0,64.0,2.0,18.0,8.0,11.0,12.0,19.0,13.0,9.0,4.0,3.0,11.0,34.0,62.0,15.0,30.0,6.0,7.0,8.0,24.0,13.0,10.0,4.0,2.0,15.0,21,1,13,4,-9
2018,136,1233,67,1181,89,0,26.0,60.0,5.0,24.0,10.0,14.0,10.0,19.0,16.0,10.0,5.0,2.0,16.0,36.0,67.0,13.0,30.0,4.0,8.0,14.0,25.0,24.0,12.0,5.0,2.0,12.0,22,1,2,15,13
2018,136,1382,62,1196,77,0,17.0,48.0,3.0,19.0,25.0,34.0,6.0,33.0,10.0,18.0,6.0,3.0,19.0,27.0,65.0,10.0,32.0,13.0,18.0,9.0,26.0,19.0,9.0,11.0,4.0,21.0,15,1,6,11,5
2018,136,1422,64,1211,68,0,28.0,67.0,3.0,22.0,5.0,10.0,13.0,28.0,7.0,13.0,4.0,1.0,22.0,25.0,59.0,5.0,23.0,13.0,25.0,10.0,27.0,7.0,10.0,5.0,2.0,14.0,4,1,4,13,9
2018,136,1361,65,1222,67,0,20.0,54.0,4.0,16.0,21.0,35.0,11.0,33.0,11.0,12.0,4.0,5.0,19.0,22.0,59.0,5.0,13.0,18.0,24.0,7.0,32.0,5.0,7.0,3.0,1.0,25.0,2,1,6,11,5
2018,136,1335,60,1242,76,0,22.0,56.0,11.0,29.0,5.0,14.0,5.0,28.0,16.0,11.0,4.0,2.0,13.0,27.0,61.0,7.0,17.0,15.0,17.0,8.0,33.0,11.0,8.0,8.0,6.0,14.0,16,1,1,16,15
2018,136,1172,73,1246,78,0,24.0,61.0,11.0,33.0,14.0,17.0,8.0,20.0,12.0,9.0,2.0,2.0,22.0,26.0,51.0,0.0,6.0,26.0,32.0,6.0,30.0,11.0,10.0,6.0,3.0,19.0,5,1,5,12,7
2018,136,1274,62,1260,64,0,25.0,49.0,4.0,9.0,8.0,13.0,9.0,24.0,11.0,16.0,7.0,7.0,13.0,26.0,55.0,8.0,21.0,4.0,9.0,8.0,19.0,19.0,10.0,6.0,3.0,14.0,2,1,11,6,-5
2018,136,1285,47,1276,61,0,18.0,56.0,3.0,15.0,8.0,11.0,8.0,25.0,7.0,12.0,7.0,2.0,21.0,21.0,47.0,5.0,16.0,14.0,22.0,5.0,31.0,11.0,14.0,4.0,3.0,14.0,14,1,3,14,11
2018,136,1355,73,1326,81,0,24.0,63.0,13.0,31.0,12.0,14.0,8.0,31.0,8.0,13.0,3.0,2.0,15.0,27.0,72.0,12.0,40.0,15.0,19.0,15.0,32.0,15.0,9.0,10.0,2.0,15.0,8,1,5,12,7
2018,136,1328,78,1348,83,1,25.77777777777778,61.333333333333336,3.555555555555556,17.77777777777778,14.22222222222222,21.33333333333333,15.11111111111111,32.888888888888886,10.666666666666666,12.444444444444445,3.555555555555556,4.444444444444445,16.0,26.666666666666668,68.44444444444444,9.77777777777778,24.88888888888889,10.666666666666666,17.77777777777778,13.333333333333334,23.11111111111111,14.22222222222222,5.333333333333333,3.555555555555556,4.444444444444445,15.11111111111111,5,1,7,10,3
2018,136,1301,83,1371,94,0,28.0,61.0,11.0,30.0,16.0,27.0,11.0,23.0,14.0,10.0,4.0,0.0,30.0,28.0,58.0,7.0,21.0,31.0,39.0,11.0,29.0,12.0,7.0,6.0,2.0,23.0,11,1,8,9,1
2018,136,1460,47,1397,73,0,19.0,60.0,4.0,21.0,5.0,9.0,11.0,21.0,9.0,13.0,5.0,2.0,17.0,27.0,60.0,5.0,18.0,14.0,16.0,13.0,31.0,13.0,12.0,6.0,6.0,17.0,26,1,3,14,11
2018,136,1372,60,1403,70,0,18.0,47.0,5.0,14.0,19.0,28.0,5.0,26.0,9.0,13.0,10.0,3.0,23.0,25.0,54.0,4.0,16.0,16.0,24.0,9.0,32.0,14.0,13.0,5.0,6.0,21.0,10,1,3,14,11
2018,136,1347,61,1437,87,0,20.0,59.0,8.0,24.0,13.0,16.0,14.0,17.0,10.0,13.0,6.0,3.0,17.0,31.0,52.0,14.0,27.0,11.0,14.0,7.0,27.0,20.0,13.0,7.0,5.0,16.0,26,1,1,16,15
2018,137,1158,58,1120,62,0,23.0,51.0,5.0,22.0,7.0,14.0,6.0,34.0,10.0,21.0,6.0,0.0,23.0,21.0,59.0,5.0,24.0,15.0,32.0,12.0,24.0,10.0,12.0,10.0,4.0,18.0,4,1,4,13,9
2018,137,1116,62,1139,79,0,20.0,56.0,4.0,18.0,18.0,23.0,5.0,20.0,9.0,7.0,6.0,6.0,14.0,29.0,59.0,11.0,26.0,10.0,12.0,11.0,34.0,15.0,14.0,5.0,0.0,20.0,17,1,10,7,-3
2018,137,1209,53,1153,68,0,21.0,53.0,8.0,27.0,3.0,3.0,6.0,20.0,3.0,9.0,6.0,5.0,15.0,24.0,62.0,9.0,30.0,11.0,14.0,20.0,26.0,14.0,8.0,7.0,3.0,10.0,15,1,2,15,13
2018,137,1308,68,1155,79,0,24.0,62.0,9.0,25.0,11.0,17.0,8.0,25.0,16.0,11.0,3.0,1.0,13.0,33.0,59.0,6.0,14.0,7.0,9.0,3.0,28.0,11.0,8.0,6.0,4.0,18.0,11,1,5,12,7
2018,137,1281,54,1199,67,0,16.0,49.0,8.0,24.0,14.0,21.0,6.0,30.0,8.0,16.0,5.0,4.0,21.0,21.0,49.0,7.0,15.0,18.0,31.0,5.0,30.0,18.0,11.0,9.0,6.0,18.0,13,1,9,8,-1
2018,137,1166,59,1243,69,0,23.0,68.0,9.0,34.0,4.0,5.0,17.0,28.0,12.0,13.0,6.0,3.0,21.0,23.0,50.0,9.0,19.0,14.0,25.0,7.0,28.0,12.0,11.0,6.0,5.0,11.0,10,1,9,8,-1
2018,137,1455,75,1267,81,0,27.0,65.0,8.0,29.0,13.0,17.0,16.0,28.0,17.0,15.0,4.0,1.0,18.0,28.0,60.0,9.0,23.0,16.0,22.0,7.0,23.0,11.0,9.0,12.0,4.0,15.0,6,1,13,4,-9
2018,137,1137,78,1277,82,0,23.0,55.0,11.0,20.0,21.0,28.0,7.0,21.0,13.0,8.0,3.0,1.0,23.0,31.0,58.0,5.0,17.0,15.0,22.0,11.0,29.0,21.0,10.0,4.0,6.0,22.0,4,1,3,14,11
2018,137,1400,83,1305,87,1,27.55555555555556,59.55555555555556,9.77777777777778,21.33333333333333,8.88888888888889,16.0,10.666666666666666,26.666666666666668,10.666666666666666,8.0,3.555555555555556,3.555555555555556,14.22222222222222,28.444444444444443,56.0,9.77777777777778,25.77777777777778,10.666666666666666,17.77777777777778,4.444444444444445,25.77777777777778,16.0,6.222222222222222,1.7777777777777777,5.333333333333333,15.11111111111111,4,1,7,10,3
2018,137,1252,66,1314,84,0,23.0,64.0,7.0,28.0,13.0,15.0,6.0,23.0,14.0,13.0,9.0,2.0,18.0,31.0,60.0,9.0,22.0,13.0,18.0,10.0,37.0,19.0,18.0,8.0,2.0,17.0,18,1,2,15,13
2018,137,1168,48,1345,74,0,18.0,50.0,4.0,18.0,8.0,16.0,5.0,29.0,7.0,17.0,3.0,5.0,24.0,23.0,59.0,9.0,22.0,19.0,27.0,12.0,32.0,10.0,9.0,5.0,4.0,18.0,26,1,2,15,13
2018,137,1395,52,1393,57,0,19.0,48.0,3.0,17.0,11.0,17.0,8.0,26.0,14.0,13.0,3.0,4.0,16.0,21.0,57.0,3.0,14.0,12.0,15.0,12.0,25.0,8.0,7.0,6.0,5.0,18.0,5,1,11,6,-5
2018,137,1344,69,1401,73,0,27.0,62.0,6.0,20.0,9.0,12.0,5.0,21.0,17.0,6.0,5.0,0.0,23.0,26.0,52.0,6.0,16.0,15.0,26.0,11.0,33.0,13.0,14.0,2.0,8.0,13.0,4,1,7,10,3
2018,137,1438,54,1420,74,0,23.0,56.0,4.0,22.0,4.0,8.0,5.0,17.0,5.0,7.0,8.0,1.0,16.0,26.0,48.0,12.0,24.0,10.0,14.0,4.0,29.0,16.0,12.0,2.0,0.0,13.0,20,1,16,1,-15
2018,137,1293,68,1452,85,0,21.0,51.0,7.0,23.0,19.0,23.0,14.0,22.0,12.0,16.0,5.0,6.0,23.0,32.0,62.0,4.0,11.0,17.0,24.0,14.0,19.0,18.0,8.0,9.0,4.0,23.0,17,1,5,12,7
2018,137,1411,83,1462,102,0,26.0,65.0,8.0,25.0,23.0,27.0,9.0,22.0,12.0,11.0,10.0,3.0,21.0,35.0,64.0,11.0,24.0,21.0,32.0,10.0,32.0,19.0,13.0,6.0,10.0,22.0,19,1,1,16,15
2018,138,1348,62,1181,87,0,25.0,63.0,7.0,19.0,5.0,13.0,13.0,16.0,15.0,13.0,5.0,2.0,19.0,29.0,51.0,10.0,21.0,19.0,24.0,9.0,27.0,20.0,14.0,5.0,1.0,15.0,25,1,2,7,5
2018,138,1326,84,1211,90,0,30.0,66.0,11.0,26.0,13.0,16.0,8.0,17.0,12.0,12.0,6.0,2.0,24.0,31.0,58.0,9.0,22.0,19.0,31.0,13.0,26.0,15.0,13.0,5.0,4.0,22.0,6,1,4,5,1
2018,138,1371,79,1242,83,0,29.0,64.0,10.0,24.0,11.0,16.0,15.0,24.0,9.0,15.0,3.0,3.0,24.0,28.0,56.0,9.0,21.0,18.0,26.0,9.0,23.0,18.0,11.0,7.0,3.0,16.0,4,1,1,8,7
2018,138,1138,75,1246,95,0,26.0,67.0,7.0,31.0,16.0,22.0,14.0,16.0,8.0,10.0,4.0,1.0,21.0,36.0,64.0,7.0,15.0,16.0,23.0,13.0,29.0,16.0,13.0,6.0,4.0,20.0,20,1,5,13,8
2018,138,1397,62,1260,63,0,25.0,55.0,9.0,25.0,3.0,6.0,6.0,18.0,15.0,7.0,8.0,2.0,17.0,22.0,44.0,8.0,20.0,11.0,16.0,5.0,22.0,17.0,10.0,3.0,1.0,13.0,1,1,11,3,-8
2018,138,1222,63,1276,64,0,20.0,54.0,7.0,18.0,16.0,22.0,10.0,31.0,8.0,10.0,3.0,2.0,19.0,21.0,59.0,8.0,30.0,14.0,20.0,10.0,28.0,13.0,7.0,4.0,5.0,22.0,1,1,3,6,3
2018,138,1196,66,1403,69,0,25.0,63.0,6.0,22.0,10.0,15.0,13.0,26.0,11.0,11.0,5.0,9.0,18.0,28.0,63.0,6.0,15.0,7.0,14.0,13.0,26.0,17.0,8.0,4.0,5.0,14.0,3,1,3,6,3
2018,138,1104,58,1437,81,0,20.0,48.0,4.0,16.0,14.0,23.0,9.0,24.0,13.0,15.0,7.0,3.0,13.0,25.0,63.0,17.0,41.0,14.0,16.0,13.0,22.0,18.0,10.0,6.0,5.0,21.0,23,1,1,9,8
2018,139,1120,53,1155,84,0,17.0,66.0,7.0,32.0,12.0,15.0,7.0,25.0,9.0,6.0,4.0,3.0,19.0,29.0,61.0,10.0,26.0,16.0,23.0,9.0,41.0,19.0,7.0,4.0,6.0,16.0,31,1,5,4,-1
2018,139,1462,70,1199,75,0,23.0,49.0,5.0,13.0,19.0,30.0,12.0,21.0,11.0,18.0,6.0,2.0,22.0,24.0,55.0,8.0,23.0,19.0,22.0,10.0,22.0,7.0,14.0,10.0,4.0,23.0,5,1,9,1,-8
2018,139,1420,43,1243,50,0,14.0,47.0,6.0,22.0,9.0,18.0,6.0,22.0,6.0,17.0,11.0,2.0,17.0,18.0,44.0,1.0,12.0,13.0,18.0,5.0,30.0,4.0,18.0,13.0,2.0,17.0,7,1,9,16,7
2018,139,1153,73,1305,75,0,27.0,66.0,5.0,17.0,14.0,17.0,15.0,29.0,13.0,7.0,1.0,3.0,16.0,30.0,61.0,6.0,18.0,9.0,16.0,8.0,25.0,13.0,2.0,5.0,0.0,15.0,2,1,7,2,-5
2018,139,1139,73,1345,76,0,27.0,55.0,6.0,20.0,13.0,14.0,9.0,19.0,12.0,8.0,5.0,3.0,20.0,26.0,52.0,11.0,24.0,13.0,18.0,11.0,19.0,12.0,10.0,3.0,3.0,15.0,3,1,2,10,8
2018,139,1277,53,1393,55,0,17.0,66.0,8.0,37.0,11.0,16.0,29.0,22.0,11.0,14.0,4.0,2.0,22.0,15.0,42.0,1.0,8.0,24.0,31.0,7.0,23.0,3.0,12.0,5.0,6.0,20.0,2,1,11,3,-8
2018,139,1314,65,1401,86,0,26.0,78.0,6.0,31.0,7.0,7.0,9.0,27.0,17.0,6.0,7.0,0.0,20.0,31.0,60.0,10.0,24.0,14.0,21.0,7.0,43.0,17.0,14.0,5.0,8.0,13.0,21,1,7,2,-5
2018,139,1267,71,1452,94,0,22.0,56.0,12.0,26.0,15.0,21.0,10.0,14.0,18.0,18.0,8.0,3.0,16.0,33.0,66.0,12.0,25.0,16.0,18.0,15.0,25.0,19.0,16.0,9.0,4.0,22.0,23,1,5,13,8
2018,143,1211,60,1199,75,0,20.0,59.0,5.0,20.0,15.0,24.0,14.0,28.0,7.0,13.0,5.0,2.0,16.0,27.0,58.0,6.0,20.0,15.0,22.0,10.0,30.0,19.0,13.0,8.0,9.0,22.0,15,1,9,4,-5
2018,143,1246,58,1243,61,0,16.0,42.0,3.0,12.0,23.0,37.0,11.0,27.0,6.0,15.0,5.0,3.0,21.0,19.0,54.0,9.0,22.0,14.0,22.0,11.0,18.0,12.0,10.0,11.0,2.0,30.0,3,1,9,5,-4
2018,143,1305,68,1260,69,0,24.0,58.0,7.0,27.0,13.0,14.0,7.0,17.0,8.0,10.0,10.0,5.0,13.0,29.0,52.0,5.0,13.0,6.0,8.0,6.0,26.0,15.0,16.0,6.0,1.0,13.0,1,1,11,7,-4
2018,143,1401,72,1276,99,0,32.0,67.0,3.0,15.0,5.0,10.0,12.0,21.0,13.0,14.0,4.0,4.0,12.0,39.0,63.0,14.0,24.0,7.0,8.0,4.0,24.0,21.0,7.0,12.0,0.0,15.0,27,1,3,7,4
2018,144,1393,65,1181,69,0,25.0,51.0,4.0,13.0,11.0,17.0,14.0,23.0,12.0,16.0,3.0,1.0,19.0,22.0,56.0,5.0,26.0,20.0,28.0,16.0,17.0,13.0,7.0,8.0,2.0,16.0,4,1,2,11,9
2018,144,1155,76,1242,80,0,28.0,65.0,6.0,20.0,14.0,19.0,14.0,25.0,11.0,12.0,6.0,4.0,18.0,28.0,60.0,10.0,22.0,14.0,22.0,12.0,26.0,14.0,13.0,4.0,5.0,22.0,4,1,1,5,4
2018,144,1345,65,1403,78,0,26.0,58.0,7.0,18.0,6.0,6.0,9.0,21.0,8.0,17.0,5.0,2.0,19.0,28.0,59.0,5.0,17.0,17.0,18.0,11.0,23.0,15.0,11.0,5.0,5.0,12.0,13,1,3,2,-1
2018,144,1452,78,1437,90,0,27.0,70.0,7.0,28.0,17.0,23.0,16.0,23.0,12.0,12.0,10.0,5.0,28.0,27.0,54.0,13.0,24.0,23.0,27.0,7.0,29.0,16.0,16.0,5.0,5.0,20.0,12,1,1,5,4
2018,145,1243,62,1260,78,0,23.0,66.0,6.0,26.0,10.0,12.0,11.0,17.0,9.0,6.0,7.0,2.0,19.0,27.0,47.0,9.0,18.0,15.0,18.0,4.0,32.0,17.0,15.0,2.0,2.0,15.0,16,1,11,9,-2
2018,145,1199,54,1276,58,0,16.0,51.0,4.0,17.0,18.0,20.0,10.0,26.0,6.0,15.0,6.0,7.0,23.0,19.0,49.0,4.0,22.0,16.0,24.0,9.0,25.0,8.0,11.0,6.0,4.0,16.0,4,1,3,9,6
2018,146,1181,81,1242,85,1,26.666666666666668,62.22222222222222,6.222222222222222,25.77777777777778,12.444444444444445,16.0,8.88888888888889,19.55555555555556,11.555555555555555,9.77777777777778,8.0,2.6666666666666665,14.22222222222222,26.666666666666668,61.333333333333336,11.555555555555555,32.0,10.666666666666666,13.333333333333334,15.11111111111111,26.666666666666668,17.77777777777778,16.0,4.444444444444445,2.6666666666666665,12.444444444444445,4,1,1,2,1
2018,146,1403,59,1437,71,0,20.0,60.0,5.0,20.0,14.0,18.0,11.0,22.0,7.0,9.0,4.0,1.0,23.0,19.0,57.0,4.0,24.0,29.0,35.0,20.0,31.0,7.0,12.0,6.0,4.0,17.0,12,1,1,3,2
2018,152,1260,57,1276,69,0,22.0,51.0,1.0,10.0,12.0,14.0,6.0,26.0,6.0,17.0,5.0,1.0,17.0,25.0,59.0,7.0,28.0,12.0,18.0,11.0,25.0,8.0,11.0,10.0,2.0,11.0,12,1,3,11,8
2018,152,1242,79,1437,95,0,28.0,62.0,7.0,21.0,16.0,20.0,10.0,23.0,8.0,9.0,5.0,1.0,12.0,36.0,65.0,18.0,40.0,5.0,7.0,7.0,26.0,20.0,10.0,3.0,5.0,14.0,16,1,1,1,0
2018,154,1276,62,1437,79,0,24.0,55.0,3.0,23.0,11.0,18.0,6.0,21.0,6.0,10.0,6.0,1.0,20.0,27.0,57.0,10.0,27.0,15.0,20.0,12.0,26.0,7.0,12.0,5.0,3.0,18.0,17,1,1,3,2
2019,134,1396,70,1125,81,0,28.0,71.0,7.0,22.0,7.0,13.0,15.0,24.0,13.0,11.0,7.0,1.0,22.0,28.0,53.0,9.0,23.0,16.0,21.0,3.0,30.0,15.0,11.0,6.0,4.0,12.0,11,1,11,11,0
2019,134,1341,76,1192,82,0,28.0,64.0,15.0,28.0,5.0,7.0,10.0,17.0,17.0,12.0,9.0,1.0,19.0,30.0,55.0,9.0,21.0,13.0,19.0,13.0,27.0,12.0,17.0,1.0,8.0,10.0,6,1,16,16,0
2019,135,1385,65,1113,74,0,22.0,69.0,8.0,31.0,13.0,23.0,16.0,27.0,9.0,16.0,11.0,1.0,22.0,22.0,49.0,5.0,12.0,25.0,33.0,6.0,36.0,12.0,21.0,5.0,2.0,18.0,9,1,11,11,0
2019,135,1300,74,1295,78,0,24.0,57.0,9.0,21.0,17.0,21.0,15.0,23.0,17.0,9.0,0.0,2.0,20.0,25.0,52.0,9.0,20.0,19.0,24.0,8.0,21.0,12.0,6.0,0.0,3.0,14.0,4,1,16,16,0
2019,136,1308,77,1120,78,0,25.0,51.0,7.0,25.0,20.0,27.0,11.0,28.0,14.0,16.0,6.0,2.0,19.0,26.0,57.0,12.0,31.0,14.0,21.0,6.0,18.0,13.0,10.0,9.0,2.0,24.0,1,1,5,12,7
2019,136,1393,69,1124,78,0,21.0,51.0,12.0,29.0,15.0,18.0,11.0,17.0,12.0,13.0,5.0,4.0,14.0,28.0,52.0,16.0,34.0,6.0,9.0,9.0,22.0,20.0,12.0,7.0,4.0,17.0,9,1,9,8,-1
2019,136,1305,61,1196,70,0,19.0,55.0,5.0,24.0,18.0,25.0,19.0,21.0,4.0,14.0,7.0,5.0,21.0,24.0,53.0,5.0,18.0,17.0,22.0,10.0,21.0,10.0,11.0,8.0,5.0,19.0,9,1,10,7,-3
2019,136,1436,69,1199,76,0,23.0,53.0,16.0,32.0,7.0,13.0,7.0,26.0,9.0,16.0,2.0,3.0,27.0,21.0,55.0,3.0,12.0,31.0,37.0,12.0,27.0,6.0,7.0,9.0,4.0,18.0,7,1,4,13,9
2019,136,1192,49,1211,87,0,15.0,50.0,6.0,21.0,13.0,23.0,10.0,20.0,8.0,17.0,7.0,4.0,14.0,34.0,64.0,9.0,21.0,10.0,16.0,15.0,32.0,22.0,11.0,9.0,6.0,20.0,38,1,1,16,15
2019,136,1318,53,1242,87,0,16.0,57.0,6.0,28.0,15.0,20.0,9.0,18.0,7.0,10.0,8.0,3.0,12.0,34.0,61.0,8.0,22.0,11.0,12.0,10.0,35.0,12.0,12.0,6.0,4.0,19.0,34,1,4,13,9
2019,136,1101,44,1246,79,0,17.0,53.0,5.0,23.0,5.0,10.0,3.0,14.0,9.0,10.0,9.0,3.0,16.0,30.0,56.0,4.0,14.0,15.0,19.0,14.0,30.0,10.0,12.0,5.0,1.0,18.0,35,1,2,15,13
2019,136,1463,74,1261,79,0,27.0,72.0,8.0,37.0,12.0,15.0,12.0,26.0,8.0,9.0,5.0,5.0,16.0,28.0,61.0,4.0,17.0,19.0,28.0,12.0,34.0,12.0,11.0,7.0,6.0,11.0,5,1,3,14,11
2019,136,1125,77,1268,79,0,27.0,65.0,9.0,28.0,14.0,20.0,10.0,27.0,14.0,5.0,2.0,4.0,16.0,30.0,69.0,6.0,22.0,13.0,20.0,15.0,26.0,12.0,5.0,3.0,4.0,18.0,2,1,6,11,5
2019,136,1285,55,1276,74,0,20.0,60.0,6.0,24.0,9.0,13.0,8.0,22.0,10.0,10.0,8.0,3.0,19.0,25.0,51.0,5.0,17.0,19.0,24.0,6.0,33.0,15.0,12.0,6.0,1.0,14.0,19,1,2,15,13
2019,136,1133,65,1277,76,0,22.0,52.0,9.0,21.0,12.0,18.0,3.0,23.0,12.0,10.0,3.0,3.0,22.0,23.0,54.0,5.0,19.0,25.0,26.0,8.0,28.0,9.0,9.0,3.0,5.0,18.0,11,1,2,15,13
2019,136,1257,76,1278,86,0,26.0,59.0,9.0,26.0,15.0,17.0,9.0,26.0,16.0,5.0,2.0,0.0,22.0,29.0,58.0,11.0,27.0,17.0,26.0,11.0,24.0,10.0,5.0,2.0,3.0,15.0,10,1,10,7,-3
2019,136,1266,64,1293,83,0,24.0,74.0,8.0,31.0,8.0,12.0,19.0,25.0,6.0,12.0,9.0,5.0,20.0,30.0,56.0,9.0,18.0,14.0,24.0,8.0,34.0,23.0,12.0,6.0,5.0,14.0,19,1,12,5,-7
2019,136,1330,48,1345,61,0,18.0,67.0,6.0,25.0,6.0,6.0,13.0,28.0,4.0,9.0,7.0,5.0,20.0,20.0,53.0,9.0,30.0,12.0,18.0,9.0,36.0,12.0,11.0,4.0,2.0,12.0,13,1,3,14,11
2019,136,1388,57,1437,61,0,23.0,55.0,8.0,22.0,3.0,6.0,10.0,23.0,9.0,8.0,3.0,3.0,13.0,24.0,49.0,8.0,20.0,5.0,9.0,5.0,24.0,11.0,7.0,3.0,3.0,7.0,4,1,6,11,5
2019,136,1371,68,1459,84,0,25.0,62.0,9.0,27.0,9.0,15.0,11.0,21.0,12.0,13.0,4.0,3.0,19.0,26.0,54.0,13.0,28.0,19.0,23.0,6.0,20.0,11.0,9.0,3.0,4.0,14.0,16,1,7,10,3
2019,137,1113,74,1138,91,0,26.0,60.0,3.0,22.0,19.0,20.0,6.0,20.0,12.0,11.0,9.0,4.0,22.0,31.0,60.0,10.0,27.0,19.0,26.0,13.0,29.0,15.0,15.0,7.0,1.0,20.0,17,1,6,11,5
2019,137,1295,62,1181,85,0,21.0,58.0,8.0,29.0,12.0,14.0,6.0,28.0,7.0,13.0,1.0,2.0,17.0,33.0,65.0,8.0,19.0,11.0,17.0,8.0,30.0,14.0,6.0,6.0,7.0,14.0,23,1,1,16,15
2019,137,1209,55,1222,84,0,18.0,60.0,6.0,23.0,13.0,17.0,7.0,20.0,5.0,7.0,6.0,1.0,11.0,33.0,64.0,8.0,29.0,10.0,13.0,13.0,38.0,22.0,11.0,3.0,5.0,14.0,29,1,3,14,11
2019,137,1153,72,1234,79,0,28.0,65.0,6.0,27.0,10.0,14.0,12.0,20.0,9.0,7.0,4.0,2.0,18.0,29.0,53.0,11.0,22.0,10.0,16.0,7.0,26.0,15.0,14.0,1.0,1.0,15.0,7,1,10,7,-3
2019,137,1280,76,1251,80,0,25.0,52.0,8.0,22.0,18.0,23.0,8.0,24.0,11.0,12.0,7.0,8.0,22.0,24.0,52.0,12.0,25.0,20.0,25.0,7.0,21.0,16.0,10.0,4.0,1.0,15.0,4,1,12,5,-7
2019,137,1233,73,1314,88,0,22.0,55.0,15.0,41.0,14.0,15.0,2.0,24.0,11.0,12.0,6.0,1.0,14.0,35.0,75.0,7.0,22.0,11.0,15.0,20.0,32.0,16.0,12.0,3.0,0.0,16.0,15,1,1,16,15
2019,137,1235,59,1326,62,0,23.0,53.0,6.0,22.0,7.0,10.0,6.0,25.0,9.0,12.0,9.0,2.0,15.0,23.0,58.0,5.0,20.0,11.0,14.0,12.0,26.0,12.0,11.0,7.0,2.0,12.0,3,1,11,6,-5
2019,137,1279,72,1328,95,0,29.0,62.0,11.0,31.0,3.0,4.0,8.0,22.0,16.0,11.0,1.0,2.0,24.0,34.0,59.0,6.0,13.0,21.0,26.0,6.0,25.0,15.0,4.0,10.0,2.0,13.0,23,1,9,8,-1
2019,137,1458,54,1332,72,0,20.0,60.0,6.0,30.0,8.0,13.0,16.0,19.0,9.0,13.0,8.0,1.0,15.0,28.0,51.0,7.0,15.0,9.0,11.0,6.0,28.0,12.0,12.0,6.0,5.0,14.0,18,1,12,5,-7
2019,137,1159,70,1397,77,0,25.0,56.0,15.0,29.0,5.0,6.0,8.0,23.0,10.0,13.0,3.0,1.0,15.0,30.0,64.0,9.0,26.0,8.0,11.0,12.0,23.0,13.0,8.0,7.0,5.0,12.0,7,1,2,15,13
2019,137,1297,57,1403,72,0,23.0,62.0,5.0,22.0,6.0,8.0,12.0,27.0,11.0,17.0,6.0,3.0,17.0,28.0,53.0,6.0,17.0,10.0,17.0,2.0,29.0,18.0,11.0,7.0,8.0,9.0,15,1,3,14,11
2019,137,1243,64,1414,70,0,22.0,59.0,8.0,27.0,12.0,15.0,13.0,21.0,10.0,13.0,5.0,1.0,18.0,22.0,50.0,9.0,23.0,17.0,19.0,8.0,25.0,10.0,14.0,9.0,1.0,13.0,6,1,13,4,-9
2019,137,1433,58,1416,73,0,19.0,61.0,6.0,26.0,14.0,17.0,13.0,21.0,6.0,12.0,8.0,3.0,16.0,28.0,57.0,9.0,14.0,8.0,11.0,10.0,32.0,12.0,15.0,6.0,6.0,14.0,15,1,9,8,-1
2019,137,1205,56,1438,71,0,22.0,50.0,9.0,23.0,3.0,4.0,5.0,16.0,10.0,16.0,5.0,2.0,16.0,28.0,54.0,7.0,23.0,8.0,13.0,12.0,23.0,12.0,15.0,10.0,3.0,9.0,15,1,1,16,15
2019,137,1387,52,1439,66,0,19.0,52.0,4.0,23.0,10.0,16.0,11.0,25.0,6.0,18.0,6.0,4.0,23.0,20.0,48.0,4.0,10.0,22.0,27.0,5.0,24.0,10.0,11.0,9.0,0.0,14.0,14,1,4,13,9
2019,137,1429,61,1449,78,0,19.0,54.0,7.0,20.0,16.0,20.0,15.0,20.0,13.0,21.0,3.0,4.0,18.0,25.0,51.0,10.0,17.0,18.0,21.0,7.0,22.0,14.0,15.0,10.0,6.0,18.0,17,1,9,8,-1
2019,138,1242,75,1120,89,0,27.0,59.0,6.0,19.0,15.0,18.0,13.0,25.0,13.0,16.0,4.0,1.0,17.0,32.0,61.0,13.0,30.0,12.0,15.0,6.0,21.0,17.0,7.0,9.0,3.0,21.0,14,1,5,4,-1
2019,138,1293,62,1199,90,0,20.0,61.0,7.0,18.0,15.0,21.0,13.0,20.0,7.0,13.0,8.0,2.0,8.0,36.0,71.0,11.0,27.0,7.0,9.0,15.0,30.0,21.0,12.0,11.0,6.0,16.0,28,1,4,12,8
2019,138,1124,71,1211,83,0,25.0,60.0,4.0,21.0,17.0,22.0,12.0,15.0,10.0,10.0,6.0,3.0,20.0,31.0,57.0,7.0,20.0,14.0,21.0,13.0,26.0,19.0,11.0,6.0,7.0,21.0,12,1,1,9,8
2019,138,1459,56,1246,62,0,21.0,56.0,8.0,27.0,6.0,9.0,9.0,21.0,10.0,9.0,3.0,2.0,17.0,21.0,52.0,3.0,13.0,17.0,20.0,11.0,25.0,9.0,9.0,7.0,1.0,13.0,6,1,2,7,5
2019,138,1268,67,1261,69,0,21.0,63.0,9.0,28.0,16.0,23.0,14.0,28.0,12.0,12.0,6.0,7.0,13.0,24.0,65.0,7.0,24.0,14.0,16.0,10.0,24.0,12.0,10.0,6.0,4.0,16.0,2,1,3,6,3
2019,138,1196,49,1276,64,0,19.0,55.0,9.0,26.0,2.0,2.0,5.0,24.0,11.0,9.0,5.0,0.0,13.0,24.0,57.0,7.0,21.0,9.0,12.0,11.0,31.0,13.0,10.0,5.0,3.0,10.0,15,1,2,10,8
2019,138,1278,50,1277,70,0,18.0,59.0,2.0,22.0,12.0,14.0,7.0,12.0,7.0,6.0,10.0,1.0,13.0,28.0,49.0,6.0,15.0,8.0,11.0,11.0,34.0,16.0,22.0,4.0,3.0,18.0,20,1,2,10,8
2019,138,1437,61,1345,87,0,20.0,58.0,11.0,38.0,10.0,11.0,9.0,15.0,7.0,10.0,7.0,0.0,15.0,29.0,54.0,16.0,30.0,13.0,16.0,12.0,30.0,19.0,12.0,3.0,2.0,13.0,26,1,3,6,3
2019,139,1416,76,1181,77,0,26.0,54.0,9.0,18.0,15.0,20.0,7.0,27.0,16.0,11.0,5.0,5.0,16.0,30.0,67.0,10.0,25.0,7.0,12.0,13.0,23.0,15.0,8.0,8.0,3.0,18.0,1,1,1,9,8
2019,139,1326,59,1222,74,0,19.0,49.0,10.0,29.0,11.0,16.0,6.0,25.0,12.0,14.0,4.0,0.0,20.0,26.0,56.0,5.0,19.0,17.0,25.0,9.0,28.0,10.0,6.0,12.0,2.0,20.0,15,1,3,11,8
2019,139,1449,59,1314,81,0,23.0,60.0,9.0,29.0,4.0,10.0,8.0,16.0,8.0,12.0,7.0,6.0,10.0,32.0,63.0,9.0,21.0,8.0,10.0,15.0,33.0,18.0,15.0,5.0,1.0,13.0,22,1,1,9,8
2019,139,1414,54,1332,73,0,20.0,51.0,5.0,18.0,9.0,13.0,13.0,21.0,6.0,15.0,2.0,3.0,12.0,27.0,59.0,13.0,25.0,6.0,8.0,13.0,18.0,14.0,7.0,7.0,8.0,15.0,19,1,12,13,1
2019,139,1234,77,1397,83,1,20.444444444444443,52.44444444444444,6.222222222222222,18.666666666666668,21.33333333333333,28.444444444444443,11.555555555555555,18.666666666666668,7.111111111111111,10.666666666666666,5.333333333333333,2.6666666666666665,18.666666666666668,24.88888888888889,53.333333333333336,7.111111111111111,17.77777777777778,16.88888888888889,20.444444444444443,11.555555555555555,24.88888888888889,10.666666666666666,15.11111111111111,5.333333333333333,4.444444444444445,20.444444444444443,6,1,2,10,8
2019,139,1138,58,1403,78,0,19.0,52.0,9.0,27.0,11.0,22.0,13.0,19.0,11.0,16.0,7.0,1.0,22.0,27.0,56.0,5.0,16.0,19.0,25.0,15.0,30.0,11.0,14.0,8.0,3.0,18.0,20,1,3,6,3
2019,139,1328,51,1438,63,0,19.0,52.0,8.0,22.0,5.0,6.0,6.0,23.0,9.0,7.0,3.0,1.0,10.0,27.0,56.0,7.0,24.0,2.0,5.0,8.0,28.0,10.0,6.0,6.0,6.0,11.0,12,1,1,9,8
2019,139,1251,58,1439,67,0,18.0,47.0,10.0,31.0,12.0,14.0,4.0,29.0,11.0,12.0,2.0,4.0,15.0,24.0,57.0,7.0,16.0,12.0,16.0,8.0,26.0,11.0,7.0,10.0,1.0,14.0,9,1,4,12,8
2019,143,1199,58,1211,72,0,24.0,61.0,3.0,20.0,7.0,11.0,7.0,29.0,10.0,14.0,9.0,6.0,20.0,25.0,62.0,7.0,19.0,15.0,20.0,13.0,32.0,11.0,14.0,6.0,6.0,16.0,14,1,1,4,3
2019,143,1397,94,1345,99,1,30.22222222222222,60.44444444444444,10.666666666666666,21.33333333333333,12.444444444444445,24.88888888888889,9.77777777777778,24.0,14.22222222222222,6.222222222222222,4.444444444444445,4.444444444444445,23.11111111111111,30.22222222222222,56.0,13.333333333333334,27.55555555555556,14.22222222222222,29.33333333333333,9.77777777777778,28.444444444444443,14.22222222222222,7.111111111111111,3.555555555555556,4.444444444444445,20.444444444444443,5,1,3,2,-1
2019,143,1276,44,1403,63,0,16.0,49.0,1.0,19.0,11.0,17.0,9.0,26.0,9.0,14.0,5.0,2.0,13.0,24.0,55.0,6.0,19.0,9.0,10.0,6.0,25.0,12.0,8.0,8.0,4.0,17.0,19,1,3,2,-1
2019,143,1332,49,1438,53,0,17.0,45.0,9.0,25.0,6.0,8.0,6.0,25.0,8.0,11.0,5.0,1.0,14.0,20.0,56.0,9.0,33.0,4.0,5.0,11.0,23.0,14.0,8.0,4.0,2.0,13.0,4,1,1,12,11
2019,144,1314,80,1120,97,0,28.0,65.0,7.0,28.0,17.0,22.0,14.0,26.0,16.0,14.0,7.0,2.0,16.0,36.0,66.0,17.0,37.0,8.0,17.0,10.0,26.0,21.0,11.0,8.0,6.0,17.0,17,1,5,1,-4
2019,144,1439,73,1181,75,0,25.0,62.0,9.0,26.0,14.0,18.0,17.0,19.0,19.0,11.0,4.0,3.0,15.0,31.0,56.0,6.0,20.0,7.0,10.0,8.0,22.0,22.0,11.0,6.0,6.0,15.0,2,1,1,4,3
2019,144,1222,58,1246,62,0,21.0,53.0,7.0,20.0,9.0,12.0,7.0,14.0,11.0,7.0,6.0,1.0,23.0,22.0,46.0,4.0,12.0,14.0,19.0,10.0,24.0,11.0,13.0,4.0,2.0,13.0,4,1,2,3,1
2019,144,1261,63,1277,80,0,24.0,61.0,6.0,21.0,9.0,14.0,14.0,20.0,8.0,9.0,4.0,0.0,10.0,31.0,66.0,13.0,32.0,5.0,8.0,15.0,26.0,22.0,7.0,4.0,6.0,10.0,17,1,2,3,1
2019,145,1211,69,1403,75,0,25.0,59.0,7.0,26.0,12.0,16.0,12.0,25.0,15.0,16.0,8.0,4.0,16.0,25.0,57.0,9.0,23.0,16.0,19.0,7.0,22.0,11.0,13.0,9.0,7.0,14.0,6,1,3,1,-2
2019,145,1345,75,1438,80,1,24.0,48.888888888888886,12.444444444444445,28.444444444444443,6.222222222222222,8.88888888888889,7.111111111111111,20.444444444444443,8.0,8.0,0.8888888888888888,4.444444444444445,15.11111111111111,24.0,57.77777777777778,8.0,24.0,15.11111111111111,17.77777777777778,15.11111111111111,19.55555555555556,12.444444444444445,4.444444444444445,5.333333333333333,3.555555555555556,12.444444444444445,5,1,1,3,2
2019,146,1246,71,1120,77,1,24.0,54.22222222222222,4.444444444444445,18.666666666666668,10.666666666666666,18.666666666666668,9.77777777777778,26.666666666666668,12.444444444444445,12.444444444444445,4.444444444444445,4.444444444444445,16.88888888888889,23.11111111111111,57.77777777777778,6.222222222222222,20.444444444444443,16.0,21.33333333333333,10.666666666666666,22.22222222222222,7.111111111111111,8.0,8.88888888888889,6.222222222222222,18.666666666666668,6,1,5,2,-3
2019,146,1181,67,1277,68,0,26.0,57.0,7.0,21.0,8.0,13.0,13.0,29.0,14.0,17.0,4.0,9.0,9.0,30.0,70.0,6.0,19.0,2.0,6.0,11.0,20.0,18.0,7.0,11.0,3.0,11.0,1,1,2,1,-1
2019,152,1277,51,1403,61,0,15.0,47.0,7.0,24.0,14.0,18.0,8.0,28.0,6.0,11.0,1.0,2.0,15.0,22.0,51.0,9.0,23.0,8.0,13.0,3.0,27.0,8.0,7.0,4.0,4.0,18.0,10,1,3,2,-1
2019,152,1120,62,1438,63,0,21.0,55.0,9.0,31.0,11.0,14.0,9.0,24.0,9.0,5.0,3.0,3.0,12.0,25.0,51.0,7.0,19.0,6.0,12.0,5.0,26.0,15.0,8.0,1.0,9.0,12.0,1,1,1,5,4
2019,154,1403,77,1438,85,1,24.0,56.0,8.88888888888889,26.666666666666668,11.555555555555555,13.333333333333334,8.0,20.444444444444443,8.0,7.111111111111111,5.333333333333333,2.6666666666666665,16.0,24.0,52.44444444444444,9.77777777777778,21.33333333333333,17.77777777777778,20.444444444444443,9.77777777777778,24.88888888888889,13.333333333333334,9.77777777777778,3.555555555555556,2.6666666666666665,13.333333333333334,8,1,1,3,2
2021,136,1455,52,1179,53,0,19.0,56.0,3.0,18.0,11.0,22.0,10.0,23.0,7.0,8.0,7.0,7.0,13.0,20.0,53.0,7.0,19.0,6.0,10.0,5.0,27.0,13.0,11.0,4.0,5.0,16.0,1,1,11,11,0
2021,136,1111,53,1313,54,0,16.0,62.0,6.0,36.0,15.0,16.0,12.0,30.0,7.0,12.0,5.0,10.0,8.0,20.0,58.0,7.0,18.0,7.0,9.0,5.0,24.0,10.0,9.0,10.0,4.0,14.0,1,1,16,16,0
2021,136,1291,52,1411,60,0,19.0,49.0,6.0,22.0,8.0,16.0,4.0,29.0,9.0,9.0,1.0,7.0,12.0,22.0,57.0,6.0,14.0,10.0,19.0,9.0,26.0,9.0,5.0,2.0,2.0,14.0,8,1,16,16,0
2021,136,1277,80,1417,86,1,25.77777777777778,54.22222222222222,5.333333333333333,16.0,14.22222222222222,16.0,8.88888888888889,18.666666666666668,14.22222222222222,9.77777777777778,1.7777777777777777,5.333333333333333,16.88888888888889,27.55555555555556,59.55555555555556,8.0,16.0,13.333333333333334,17.77777777777778,9.77777777777778,16.0,11.555555555555555,7.111111111111111,1.7777777777777777,2.6666666666666665,13.333333333333334,6,1,11,11,0
2021,137,1159,68,1116,85,0,23.0,58.0,12.0,27.0,10.0,17.0,8.0,28.0,17.0,22.0,5.0,2.0,24.0,29.0,65.0,5.0,16.0,22.0,29.0,10.0,25.0,11.0,10.0,13.0,4.0,15.0,17,1,3,14,11
2021,137,1216,55,1124,79,0,19.0,54.0,5.0,22.0,12.0,15.0,4.0,26.0,11.0,24.0,5.0,7.0,15.0,31.0,75.0,11.0,33.0,6.0,10.0,14.0,28.0,16.0,10.0,15.0,6.0,16.0,24,1,1,16,15
2021,137,1439,70,1196,75,1,21.33333333333333,50.66666666666666,6.222222222222222,20.444444444444443,13.333333333333334,18.666666666666668,5.333333333333333,14.22222222222222,9.77777777777778,9.77777777777778,5.333333333333333,1.7777777777777777,21.33333333333333,23.11111111111111,40.888888888888886,4.444444444444445,11.555555555555555,16.0,24.0,4.444444444444445,26.666666666666668,8.0,13.333333333333334,4.444444444444445,2.6666666666666665,16.88888888888889,5,1,7,10,3
2021,137,1156,56,1222,87,0,17.0,44.0,6.0,15.0,16.0,23.0,5.0,14.0,8.0,14.0,6.0,4.0,25.0,29.0,61.0,7.0,25.0,22.0,29.0,15.0,19.0,12.0,9.0,7.0,7.0,17.0,31,1,2,15,13
2021,137,1180,49,1228,78,0,19.0,62.0,7.0,20.0,4.0,4.0,6.0,23.0,10.0,9.0,2.0,3.0,10.0,36.0,63.0,2.0,7.0,4.0,8.0,5.0,33.0,19.0,5.0,5.0,3.0,11.0,29,1,1,16,15
2021,137,1210,60,1260,71,0,27.0,47.0,3.0,10.0,3.0,5.0,1.0,15.0,10.0,12.0,6.0,5.0,19.0,25.0,53.0,11.0,27.0,10.0,15.0,12.0,17.0,18.0,9.0,5.0,0.0,9.0,11,1,8,9,1
2021,137,1345,69,1317,78,1,22.22222222222222,61.333333333333336,8.0,26.666666666666668,8.88888888888889,12.444444444444445,16.0,16.88888888888889,11.555555555555555,9.77777777777778,1.7777777777777777,5.333333333333333,16.0,24.88888888888889,52.44444444444444,8.0,18.666666666666668,11.555555555555555,13.333333333333334,5.333333333333333,19.55555555555556,12.444444444444445,4.444444444444445,3.555555555555556,2.6666666666666665,16.0,9,1,13,4,-9
2021,137,1251,60,1329,69,0,21.0,56.0,8.0,21.0,10.0,13.0,4.0,26.0,12.0,16.0,7.0,7.0,22.0,23.0,57.0,3.0,15.0,20.0,29.0,11.0,24.0,5.0,13.0,9.0,7.0,17.0,9,1,4,13,9
2021,137,1326,72,1331,75,1,25.77777777777778,59.55555555555556,4.444444444444445,20.444444444444443,8.0,16.0,8.88888888888889,30.22222222222222,13.333333333333334,14.22222222222222,1.7777777777777777,4.444444444444445,15.11111111111111,22.22222222222222,62.22222222222222,9.77777777777778,31.11111111111111,12.444444444444445,16.0,7.111111111111111,19.55555555555556,11.555555555555555,5.333333333333333,8.88888888888889,0.8888888888888888,14.22222222222222,3,1,15,2,-13
2021,137,1397,56,1333,70,0,21.0,63.0,5.0,26.0,9.0,12.0,13.0,20.0,10.0,10.0,8.0,2.0,16.0,27.0,56.0,10.0,21.0,6.0,10.0,10.0,30.0,20.0,14.0,5.0,6.0,13.0,14,1,12,5,-7
2021,137,1155,56,1353,60,0,21.0,59.0,6.0,19.0,8.0,9.0,8.0,18.0,14.0,10.0,6.0,3.0,13.0,23.0,58.0,8.0,30.0,6.0,9.0,12.0,24.0,11.0,13.0,6.0,5.0,13.0,4,1,10,7,-3
2021,137,1361,62,1393,78,0,24.0,67.0,11.0,40.0,3.0,7.0,12.0,18.0,16.0,4.0,6.0,1.0,14.0,26.0,47.0,15.0,27.0,11.0,13.0,4.0,24.0,14.0,12.0,0.0,8.0,15.0,16,1,11,6,-5
2021,137,1429,53,1403,65,0,22.0,50.0,4.0,19.0,5.0,10.0,8.0,26.0,13.0,22.0,3.0,9.0,13.0,26.0,62.0,7.0,18.0,6.0,8.0,6.0,20.0,15.0,7.0,8.0,3.0,14.0,12,1,6,11,5
2021,137,1457,63,1437,73,0,21.0,58.0,7.0,22.0,14.0,19.0,9.0,25.0,13.0,10.0,0.0,0.0,23.0,23.0,52.0,8.0,25.0,19.0,26.0,6.0,25.0,11.0,6.0,3.0,8.0,21.0,10,1,5,12,7
2021,137,1287,67,1452,84,0,26.0,50.0,10.0,19.0,5.0,9.0,7.0,19.0,15.0,18.0,4.0,5.0,14.0,32.0,63.0,9.0,18.0,11.0,15.0,9.0,15.0,16.0,6.0,10.0,4.0,16.0,17,1,3,14,11
2021,137,1314,62,1458,85,0,25.0,65.0,5.0,13.0,7.0,10.0,10.0,20.0,10.0,10.0,2.0,5.0,14.0,31.0,61.0,13.0,27.0,10.0,12.0,7.0,27.0,15.0,6.0,5.0,8.0,11.0,23,1,9,8,-1
2021,138,1400,52,1101,53,0,18.0,40.0,7.0,20.0,9.0,11.0,5.0,25.0,15.0,22.0,6.0,9.0,16.0,20.0,67.0,3.0,18.0,10.0,12.0,13.0,17.0,9.0,9.0,11.0,0.0,15.0,1,1,14,3,-11
2021,138,1233,55,1104,68,0,23.0,59.0,5.0,23.0,4.0,5.0,5.0,20.0,8.0,15.0,7.0,8.0,19.0,25.0,53.0,5.0,16.0,13.0,23.0,10.0,27.0,10.0,14.0,10.0,3.0,17.0,13,1,2,15,13
2021,138,1207,73,1160,96,0,23.0,58.0,8.0,24.0,19.0,26.0,6.0,19.0,12.0,12.0,5.0,4.0,16.0,34.0,56.0,16.0,25.0,12.0,14.0,1.0,25.0,27.0,11.0,3.0,3.0,17.0,23,1,5,12,7
2021,138,1364,62,1166,63,0,22.0,57.0,5.0,21.0,13.0,17.0,10.0,26.0,15.0,7.0,2.0,3.0,16.0,26.0,58.0,7.0,25.0,4.0,7.0,7.0,21.0,18.0,8.0,4.0,3.0,14.0,1,1,5,12,7
2021,138,1422,54,1199,64,0,19.0,60.0,7.0,27.0,9.0,13.0,7.0,19.0,14.0,8.0,7.0,1.0,18.0,25.0,48.0,0.0,9.0,14.0,20.0,5.0,30.0,15.0,13.0,3.0,6.0,15.0,10,1,4,13,9
2021,138,1313,55,1211,98,0,19.0,62.0,7.0,21.0,10.0,16.0,4.0,17.0,10.0,9.0,7.0,0.0,14.0,34.0,61.0,14.0,27.0,16.0,18.0,9.0,33.0,27.0,11.0,8.0,3.0,15.0,43,1,1,16,15
2021,138,1213,74,1234,86,0,30.0,70.0,7.0,26.0,7.0,11.0,14.0,15.0,19.0,6.0,4.0,4.0,20.0,29.0,54.0,10.0,22.0,18.0,24.0,9.0,23.0,17.0,6.0,4.0,6.0,15.0,12,1,2,15,13
2021,138,1186,84,1242,93,0,29.0,58.0,10.0,26.0,16.0,18.0,3.0,26.0,18.0,12.0,2.0,4.0,17.0,34.0,71.0,12.0,30.0,13.0,16.0,9.0,23.0,20.0,5.0,7.0,3.0,16.0,9,1,3,14,11
2021,138,1382,61,1261,76,0,21.0,63.0,3.0,20.0,16.0,20.0,9.0,20.0,10.0,3.0,3.0,5.0,17.0,25.0,62.0,8.0,25.0,18.0,22.0,13.0,32.0,11.0,7.0,2.0,5.0,18.0,15,1,8,9,1
2021,138,1163,54,1268,63,0,21.0,65.0,7.0,23.0,5.0,12.0,21.0,18.0,10.0,10.0,6.0,5.0,17.0,22.0,43.0,9.0,18.0,10.0,14.0,3.0,24.0,13.0,10.0,4.0,4.0,14.0,9,1,10,7,-3
2021,138,1411,66,1276,82,0,23.0,64.0,1.0,12.0,19.0,22.0,10.0,13.0,7.0,10.0,8.0,2.0,20.0,26.0,54.0,9.0,26.0,21.0,26.0,9.0,24.0,19.0,14.0,4.0,4.0,21.0,16,1,1,16,15
2021,138,1438,58,1325,62,0,21.0,60.0,8.0,31.0,8.0,10.0,5.0,23.0,10.0,3.0,5.0,7.0,13.0,21.0,50.0,7.0,23.0,13.0,14.0,5.0,30.0,12.0,9.0,1.0,2.0,9.0,4,1,13,4,-9
2021,138,1281,68,1328,72,0,22.0,58.0,11.0,27.0,13.0,16.0,7.0,26.0,15.0,8.0,5.0,4.0,18.0,23.0,55.0,7.0,15.0,19.0,24.0,6.0,23.0,14.0,6.0,5.0,4.0,16.0,4,1,8,9,1
2021,138,1140,62,1417,73,0,25.0,51.0,3.0,17.0,9.0,16.0,8.0,24.0,5.0,10.0,1.0,2.0,18.0,28.0,58.0,8.0,19.0,9.0,16.0,8.0,20.0,10.0,3.0,3.0,3.0,18.0,11,1,11,6,-5
2021,138,1179,56,1425,72,0,20.0,68.0,7.0,23.0,9.0,11.0,12.0,19.0,11.0,7.0,5.0,1.0,17.0,29.0,58.0,6.0,18.0,8.0,15.0,9.0,26.0,20.0,8.0,3.0,7.0,10.0,16,1,6,11,5
2021,139,1403,66,1116,68,0,22.0,61.0,10.0,20.0,12.0,18.0,11.0,22.0,12.0,9.0,3.0,3.0,19.0,26.0,62.0,4.0,17.0,12.0,17.0,9.0,26.0,10.0,9.0,0.0,1.0,16.0,2,1,3,6,3
2021,139,1458,63,1124,76,0,25.0,55.0,8.0,21.0,5.0,7.0,7.0,22.0,13.0,13.0,0.0,5.0,18.0,25.0,55.0,8.0,17.0,18.0,23.0,5.0,20.0,15.0,4.0,6.0,0.0,15.0,13,1,1,9,8
2021,139,1353,60,1222,63,0,22.0,50.0,7.0,16.0,9.0,12.0,6.0,21.0,14.0,13.0,4.0,3.0,18.0,22.0,59.0,8.0,22.0,11.0,18.0,14.0,19.0,11.0,10.0,9.0,4.0,14.0,3,1,2,10,8
2021,139,1228,58,1260,71,0,22.0,49.0,4.0,14.0,10.0,13.0,4.0,20.0,14.0,17.0,5.0,2.0,18.0,26.0,51.0,4.0,10.0,15.0,22.0,6.0,22.0,16.0,10.0,12.0,4.0,16.0,13,1,8,1,-7
2021,139,1196,78,1331,81,0,32.0,58.0,7.0,22.0,7.0,9.0,10.0,24.0,12.0,19.0,7.0,3.0,19.0,26.0,57.0,10.0,30.0,19.0,23.0,5.0,15.0,12.0,11.0,12.0,0.0,11.0,3,1,15,7,-8
2021,139,1329,70,1333,80,0,18.0,62.0,8.0,26.0,26.0,38.0,10.0,17.0,8.0,7.0,10.0,2.0,29.0,21.0,51.0,6.0,20.0,32.0,35.0,8.0,41.0,7.0,17.0,2.0,11.0,24.0,10,1,12,4,-8
2021,139,1452,72,1393,75,0,26.0,70.0,11.0,26.0,9.0,11.0,17.0,20.0,18.0,14.0,8.0,1.0,15.0,27.0,52.0,14.0,31.0,7.0,11.0,4.0,23.0,18.0,15.0,6.0,6.0,14.0,3,1,11,3,-8
2021,139,1317,61,1437,84,0,21.0,52.0,8.0,26.0,11.0,12.0,8.0,18.0,12.0,9.0,2.0,1.0,13.0,31.0,56.0,15.0,30.0,7.0,9.0,6.0,20.0,19.0,5.0,6.0,1.0,11.0,23,1,5,13,8
2021,140,1268,77,1104,96,0,32.0,60.0,10.0,27.0,3.0,7.0,4.0,15.0,17.0,8.0,6.0,1.0,10.0,35.0,66.0,16.0,33.0,10.0,10.0,15.0,24.0,19.0,9.0,5.0,4.0,9.0,19,1,2,10,8
2021,140,1325,58,1166,72,0,21.0,66.0,7.0,30.0,9.0,16.0,10.0,28.0,12.0,14.0,5.0,1.0,17.0,27.0,60.0,9.0,21.0,9.0,13.0,7.0,28.0,12.0,11.0,5.0,2.0,16.0,14,1,5,13,8
2021,140,1160,53,1199,71,0,20.0,56.0,6.0,25.0,7.0,11.0,15.0,14.0,12.0,18.0,5.0,2.0,22.0,24.0,46.0,6.0,17.0,17.0,21.0,5.0,19.0,16.0,13.0,10.0,3.0,15.0,18,1,4,5,1
2021,140,1328,71,1211,87,0,29.0,58.0,5.0,16.0,8.0,12.0,6.0,18.0,10.0,12.0,4.0,8.0,21.0,28.0,57.0,8.0,22.0,23.0,26.0,9.0,22.0,12.0,10.0,7.0,2.0,12.0,16,1,1,8,7
2021,140,1261,78,1276,86,0,27.0,69.0,6.0,21.0,18.0,23.0,7.0,18.0,8.0,3.0,5.0,5.0,20.0,28.0,52.0,10.0,25.0,20.0,25.0,5.0,29.0,22.0,11.0,1.0,4.0,17.0,8,1,1,8,7
2021,140,1234,80,1332,95,0,31.0,68.0,8.0,25.0,10.0,14.0,9.0,20.0,22.0,11.0,7.0,4.0,13.0,38.0,68.0,11.0,25.0,8.0,11.0,7.0,23.0,25.0,10.0,7.0,6.0,13.0,15,1,7,2,-5
2021,140,1101,47,1417,67,0,17.0,57.0,4.0,19.0,9.0,11.0,7.0,23.0,13.0,9.0,3.0,2.0,15.0,27.0,58.0,7.0,19.0,6.0,13.0,11.0,30.0,15.0,7.0,4.0,4.0,15.0,20,1,11,14,3
2021,140,1242,51,1425,85,0,18.0,62.0,6.0,25.0,9.0,12.0,8.0,18.0,12.0,7.0,8.0,2.0,17.0,32.0,56.0,11.0,18.0,10.0,17.0,6.0,32.0,18.0,13.0,3.0,4.0,14.0,34,1,6,3,-3
2021,145,1331,70,1116,72,0,26.0,61.0,8.0,31.0,10.0,13.0,5.0,27.0,16.0,13.0,3.0,4.0,14.0,29.0,77.0,1.0,9.0,13.0,15.0,16.0,28.0,13.0,10.0,7.0,3.0,17.0,2,1,3,15,12
2021,145,1437,51,1124,62,0,20.0,46.0,3.0,17.0,8.0,11.0,9.0,21.0,8.0,15.0,1.0,6.0,14.0,26.0,59.0,3.0,19.0,7.0,10.0,11.0,16.0,9.0,5.0,8.0,5.0,12.0,11,1,1,5,4
2021,145,1393,46,1222,62,0,14.0,50.0,5.0,23.0,13.0,17.0,4.0,19.0,5.0,11.0,3.0,4.0,17.0,23.0,60.0,7.0,26.0,9.0,14.0,11.0,22.0,15.0,7.0,8.0,4.0,16.0,16,1,2,11,9
2021,145,1260,58,1333,65,0,18.0,54.0,5.0,23.0,17.0,24.0,11.0,20.0,14.0,8.0,4.0,4.0,20.0,21.0,51.0,5.0,13.0,18.0,20.0,8.0,22.0,13.0,7.0,4.0,2.0,16.0,7,1,12,8,-4
2021,146,1166,65,1211,83,0,28.0,69.0,5.0,23.0,4.0,8.0,8.0,17.0,11.0,10.0,9.0,0.0,12.0,34.0,57.0,9.0,24.0,6.0,10.0,6.0,28.0,23.0,16.0,5.0,2.0,12.0,18,1,1,5,4
2021,146,1199,58,1276,76,0,24.0,60.0,5.0,20.0,5.0,6.0,7.0,21.0,10.0,14.0,6.0,5.0,22.0,29.0,59.0,3.0,11.0,15.0,23.0,9.0,25.0,19.0,7.0,4.0,3.0,10.0,18,1,1,4,3
2021,146,1104,78,1417,88,1,26.666666666666668,61.333333333333336,6.222222222222222,24.88888888888889,9.77777777777778,22.22222222222222,9.77777777777778,26.666666666666668,8.0,12.444444444444445,5.333333333333333,4.444444444444445,20.444444444444443,25.77777777777778,65.77777777777777,8.88888888888889,25.77777777777778,17.77777777777778,22.22222222222222,10.666666666666666,23.11111111111111,10.666666666666666,6.222222222222222,7.111111111111111,6.222222222222222,18.666666666666668,10,1,11,2,-9
2021,146,1332,68,1425,82,0,26.0,69.0,5.0,21.0,11.0,12.0,16.0,13.0,15.0,11.0,7.0,3.0,14.0,31.0,54.0,10.0,17.0,10.0,12.0,8.0,20.0,15.0,13.0,5.0,4.0,11.0,14,1,6,7,1
2021,147,1116,72,1124,81,0,26.0,54.0,3.0,11.0,17.0,23.0,10.0,21.0,13.0,15.0,5.0,5.0,18.0,30.0,62.0,8.0,15.0,13.0,17.0,10.0,16.0,17.0,8.0,9.0,5.0,21.0,9,1,1,3,2
2021,147,1333,61,1222,67,0,22.0,47.0,6.0,16.0,11.0,20.0,7.0,20.0,14.0,9.0,4.0,1.0,20.0,20.0,62.0,11.0,32.0,16.0,24.0,18.0,20.0,17.0,6.0,6.0,3.0,12.0,6,1,2,12,10
2021,148,1425,66,1211,85,0,24.0,62.0,4.0,15.0,14.0,19.0,7.0,20.0,9.0,9.0,7.0,0.0,13.0,33.0,66.0,7.0,21.0,12.0,17.0,11.0,27.0,21.0,9.0,6.0,3.0,16.0,19,1,1,6,5
2021,148,1276,49,1417,51,0,20.0,51.0,3.0,11.0,6.0,11.0,8.0,24.0,12.0,14.0,5.0,3.0,11.0,21.0,54.0,3.0,13.0,6.0,7.0,6.0,21.0,12.0,8.0,5.0,2.0,14.0,2,1,11,1,-10
2021,152,1222,59,1124,78,0,21.0,55.0,6.0,19.0,11.0,16.0,13.0,12.0,10.0,10.0,4.0,5.0,10.0,29.0,55.0,11.0,24.0,9.0,13.0,11.0,17.0,23.0,8.0,6.0,0.0,18.0,19,1,1,2,1
2021,152,1417,90,1211,93,1,30.22222222222222,52.44444444444444,7.111111111111111,15.11111111111111,12.444444444444445,18.666666666666668,6.222222222222222,21.33333333333333,18.666666666666668,8.0,3.555555555555556,0.8888888888888888,14.22222222222222,32.888888888888886,56.0,6.222222222222222,18.666666666666668,10.666666666666666,17.77777777777778,3.555555555555556,16.88888888888889,22.22222222222222,8.88888888888889,7.111111111111111,2.6666666666666665,14.22222222222222,3,1,1,11,10
2021,154,1211,70,1124,86,0,25.0,49.0,5.0,17.0,15.0,21.0,1.0,16.0,16.0,14.0,4.0,3.0,17.0,30.0,67.0,10.0,23.0,16.0,18.0,14.0,20.0,18.0,7.0,8.0,5.0,19.0,16,1,1,1,0
2022,134,1461,58,1231,66,0,20.0,46.0,6.0,19.0,12.0,18.0,7.0,23.0,6.0,18.0,2.0,1.0,17.0,26.0,62.0,2.0,13.0,12.0,20.0,12.0,22.0,10.0,7.0,3.0,3.0,22.0,8,1,12,12,0
2022,134,1394,67,1411,76,0,25.0,67.0,8.0,21.0,9.0,19.0,7.0,29.0,17.0,8.0,9.0,3.0,22.0,23.0,55.0,4.0,13.0,26.0,35.0,8.0,34.0,9.0,15.0,4.0,9.0,18.0,9,1,16,16,0
2022,135,1353,87,1323,89,2,28.8,56.8,8.8,21.6,3.2,4.8,10.4,22.4,17.6,10.4,0.8,4.8,12.0,29.6,57.6,4.8,15.2,7.2,12.8,5.6,17.6,13.6,4.0,4.8,1.6,6.4,2,1,11,11,0
2022,135,1136,82,1460,93,0,31.0,71.0,4.0,24.0,16.0,23.0,10.0,22.0,7.0,13.0,11.0,5.0,24.0,29.0,61.0,9.0,21.0,26.0,32.0,12.0,29.0,19.0,15.0,6.0,4.0,20.0,11,1,16,16,0
2022,136,1436,71,1116,75,0,26.0,58.0,9.0,24.0,10.0,17.0,5.0,26.0,13.0,6.0,1.0,1.0,21.0,24.0,56.0,7.0,21.0,20.0,25.0,5.0,30.0,12.0,5.0,2.0,3.0,19.0,4,1,4,13,9
2022,136,1313,49,1124,85,0,18.0,57.0,5.0,22.0,8.0,10.0,13.0,11.0,7.0,12.0,6.0,1.0,17.0,31.0,54.0,11.0,27.0,12.0,21.0,11.0,22.0,24.0,10.0,6.0,3.0,14.0,36,1,1,16,15
2022,136,1361,69,1166,72,1,24.0,56.888888888888886,4.444444444444445,16.88888888888889,8.88888888888889,15.11111111111111,9.77777777777778,16.88888888888889,12.444444444444445,13.333333333333334,6.222222222222222,5.333333333333333,17.77777777777778,22.22222222222222,49.77777777777778,1.7777777777777777,12.444444444444445,17.77777777777778,21.33333333333333,9.77777777777778,24.88888888888889,12.444444444444445,17.77777777777778,8.0,0.0,15.11111111111111,3,1,9,8,-1
2022,136,1209,72,1211,93,0,23.0,70.0,6.0,16.0,20.0,25.0,12.0,24.0,12.0,7.0,5.0,5.0,25.0,36.0,71.0,5.0,18.0,16.0,30.0,16.0,37.0,23.0,7.0,5.0,9.0,18.0,21,1,1,16,15
2022,136,1411,56,1242,83,0,19.0,58.0,3.0,14.0,15.0,19.0,7.0,22.0,12.0,14.0,6.0,6.0,14.0,34.0,68.0,11.0,23.0,4.0,9.0,11.0,28.0,20.0,15.0,8.0,1.0,21.0,27,1,1,16,15
2022,136,1129,53,1272,64,0,17.0,54.0,6.0,21.0,13.0,19.0,12.0,18.0,7.0,8.0,9.0,1.0,14.0,24.0,51.0,5.0,12.0,11.0,14.0,11.0,25.0,12.0,15.0,5.0,2.0,18.0,11,1,9,8,-1
2022,136,1161,63,1276,75,0,23.0,65.0,12.0,35.0,5.0,7.0,9.0,15.0,16.0,9.0,10.0,0.0,19.0,26.0,48.0,4.0,14.0,19.0,22.0,5.0,30.0,15.0,15.0,5.0,4.0,11.0,12,1,11,6,-5
2022,136,1362,87,1293,92,1,28.444444444444443,60.44444444444444,8.0,31.11111111111111,12.444444444444445,19.55555555555556,7.111111111111111,21.33333333333333,8.88888888888889,7.111111111111111,6.222222222222222,5.333333333333333,21.33333333333333,27.55555555555556,56.888888888888886,5.333333333333333,18.666666666666668,21.33333333333333,31.11111111111111,8.88888888888889,28.444444444444443,15.11111111111111,9.77777777777778,4.444444444444445,0.8888888888888888,18.666666666666668,5,1,7,10,3
2022,136,1163,63,1308,70,0,22.0,51.0,7.0,23.0,12.0,13.0,4.0,15.0,15.0,8.0,5.0,4.0,17.0,23.0,50.0,11.0,17.0,13.0,13.0,7.0,14.0,12.0,7.0,4.0,1.0,16.0,7,1,12,5,-7
2022,136,1266,63,1314,95,0,26.0,73.0,8.0,31.0,3.0,8.0,10.0,23.0,15.0,9.0,5.0,7.0,15.0,34.0,74.0,13.0,35.0,14.0,17.0,12.0,34.0,29.0,10.0,4.0,4.0,11.0,32,1,8,9,1
2022,136,1355,57,1344,66,0,22.0,57.0,7.0,23.0,6.0,9.0,4.0,25.0,12.0,10.0,7.0,4.0,11.0,24.0,61.0,8.0,22.0,10.0,12.0,10.0,27.0,13.0,9.0,7.0,1.0,12.0,9,1,4,13,9
2022,136,1234,63,1350,67,0,24.0,66.0,6.0,29.0,9.0,12.0,10.0,25.0,14.0,9.0,5.0,3.0,18.0,24.0,57.0,5.0,17.0,14.0,16.0,6.0,25.0,14.0,11.0,4.0,3.0,14.0,4,1,12,5,-7
2022,136,1231,53,1388,82,0,18.0,53.0,2.0,10.0,15.0,18.0,5.0,20.0,8.0,13.0,5.0,2.0,18.0,31.0,60.0,10.0,21.0,10.0,15.0,9.0,27.0,16.0,9.0,8.0,3.0,14.0,29,1,5,12,7
2022,136,1246,79,1389,85,1,23.11111111111111,54.22222222222222,3.555555555555556,13.333333333333334,20.444444444444443,31.11111111111111,10.666666666666666,19.55555555555556,16.0,10.666666666666666,5.333333333333333,5.333333333333333,15.11111111111111,25.77777777777778,50.66666666666666,8.0,15.11111111111111,16.0,18.666666666666668,4.444444444444445,23.11111111111111,16.0,13.333333333333334,3.555555555555556,3.555555555555556,22.22222222222222,6,1,15,2,-13
2022,136,1255,56,1397,88,0,20.0,52.0,7.0,22.0,9.0,11.0,6.0,16.0,15.0,15.0,9.0,1.0,13.0,33.0,55.0,14.0,24.0,8.0,11.0,5.0,23.0,29.0,12.0,13.0,1.0,14.0,32,1,3,14,11
2022,136,1103,53,1417,57,0,21.0,53.0,4.0,17.0,7.0,8.0,8.0,26.0,4.0,10.0,6.0,2.0,15.0,19.0,54.0,8.0,22.0,11.0,13.0,7.0,21.0,14.0,7.0,9.0,6.0,11.0,4,1,4,13,9
2022,137,1460,70,1112,87,0,24.0,69.0,9.0,25.0,13.0,19.0,4.0,18.0,13.0,6.0,10.0,3.0,14.0,33.0,60.0,11.0,20.0,10.0,12.0,9.0,33.0,21.0,19.0,4.0,9.0,17.0,17,1,1,16,15
2022,137,1240,61,1120,80,0,19.0,61.0,8.0,25.0,15.0,18.0,10.0,21.0,9.0,8.0,7.0,1.0,21.0,28.0,63.0,9.0,24.0,15.0,22.0,17.0,29.0,23.0,10.0,2.0,10.0,17.0,19,1,2,15,13
2022,137,1168,61,1181,78,0,24.0,64.0,5.0,17.0,8.0,8.0,12.0,16.0,10.0,8.0,8.0,1.0,10.0,30.0,58.0,9.0,22.0,9.0,9.0,9.0,27.0,21.0,13.0,6.0,10.0,11.0,17,1,2,15,13
2022,137,1412,68,1222,82,0,26.0,56.0,5.0,19.0,11.0,14.0,7.0,23.0,12.0,12.0,6.0,1.0,14.0,32.0,60.0,10.0,21.0,8.0,15.0,10.0,22.0,19.0,7.0,6.0,3.0,12.0,14,1,5,12,7
2022,137,1151,53,1228,54,0,21.0,65.0,4.0,15.0,7.0,14.0,15.0,24.0,6.0,10.0,8.0,0.0,21.0,19.0,49.0,3.0,17.0,13.0,22.0,9.0,29.0,13.0,14.0,5.0,4.0,16.0,1,1,4,13,9
2022,137,1261,54,1235,59,0,17.0,46.0,4.0,19.0,16.0,23.0,8.0,22.0,11.0,19.0,7.0,1.0,13.0,20.0,56.0,12.0,37.0,7.0,10.0,7.0,20.0,14.0,10.0,15.0,4.0,19.0,5,1,11,6,-5
2022,137,1425,66,1274,68,0,24.0,50.0,9.0,20.0,9.0,15.0,6.0,29.0,17.0,18.0,1.0,3.0,16.0,24.0,56.0,1.0,14.0,19.0,25.0,3.0,22.0,13.0,3.0,12.0,4.0,14.0,2,1,10,7,-3
2022,137,1172,73,1277,74,0,28.0,59.0,10.0,25.0,7.0,12.0,6.0,23.0,14.0,7.0,3.0,3.0,18.0,28.0,59.0,7.0,26.0,11.0,15.0,9.0,24.0,13.0,7.0,4.0,4.0,14.0,1,1,7,10,3
2022,137,1104,64,1323,78,0,26.0,64.0,8.0,24.0,4.0,7.0,10.0,18.0,16.0,14.0,9.0,4.0,14.0,29.0,54.0,10.0,16.0,10.0,11.0,4.0,23.0,13.0,18.0,10.0,1.0,13.0,14,1,11,6,-5
2022,137,1260,41,1326,54,0,15.0,56.0,8.0,28.0,3.0,10.0,8.0,18.0,12.0,13.0,9.0,2.0,19.0,18.0,43.0,1.0,15.0,17.0,21.0,6.0,32.0,6.0,17.0,7.0,5.0,16.0,13,1,7,10,3
2022,137,1463,56,1345,78,0,23.0,63.0,4.0,17.0,6.0,11.0,7.0,21.0,14.0,12.0,6.0,3.0,21.0,22.0,51.0,7.0,22.0,27.0,33.0,11.0,29.0,15.0,11.0,10.0,3.0,13.0,22,1,3,14,11
2022,137,1371,42,1395,69,0,15.0,52.0,6.0,21.0,6.0,11.0,4.0,17.0,9.0,14.0,8.0,4.0,17.0,27.0,53.0,4.0,10.0,11.0,14.0,6.0,29.0,15.0,13.0,7.0,3.0,15.0,27,1,9,8,-1
2022,137,1439,73,1400,81,0,23.0,47.0,4.0,12.0,23.0,26.0,4.0,21.0,11.0,13.0,4.0,2.0,19.0,27.0,57.0,10.0,19.0,17.0,22.0,8.0,17.0,17.0,7.0,9.0,3.0,22.0,8,1,6,11,5
2022,137,1286,62,1403,97,0,21.0,55.0,8.0,24.0,12.0,15.0,7.0,13.0,14.0,15.0,5.0,1.0,22.0,36.0,54.0,12.0,20.0,13.0,19.0,6.0,24.0,23.0,12.0,6.0,5.0,18.0,35,1,3,14,11
2022,137,1174,60,1437,80,0,22.0,50.0,3.0,20.0,13.0,16.0,5.0,16.0,9.0,10.0,8.0,2.0,15.0,28.0,55.0,13.0,28.0,11.0,12.0,9.0,22.0,16.0,10.0,5.0,2.0,14.0,20,1,2,15,13
2022,137,1159,60,1458,67,0,22.0,57.0,10.0,22.0,6.0,7.0,9.0,24.0,14.0,10.0,2.0,1.0,13.0,26.0,62.0,6.0,17.0,9.0,12.0,11.0,24.0,15.0,5.0,5.0,3.0,10.0,7,1,3,14,11
2022,138,1308,48,1116,53,0,18.0,53.0,6.0,26.0,6.0,10.0,4.0,32.0,8.0,17.0,4.0,4.0,15.0,14.0,51.0,3.0,16.0,22.0,25.0,3.0,30.0,10.0,11.0,12.0,1.0,14.0,5,1,4,12,8
2022,138,1272,78,1211,82,0,30.0,70.0,4.0,19.0,14.0,20.0,12.0,25.0,12.0,5.0,2.0,2.0,23.0,30.0,58.0,9.0,27.0,13.0,24.0,10.0,27.0,18.0,5.0,2.0,4.0,15.0,4,1,1,9,8
2022,138,1166,72,1242,79,0,21.0,59.0,12.0,28.0,18.0,21.0,6.0,22.0,18.0,8.0,6.0,3.0,16.0,27.0,66.0,6.0,16.0,19.0,20.0,13.0,33.0,14.0,7.0,5.0,7.0,21.0,7,1,1,9,8
2022,138,1397,68,1276,76,0,28.0,67.0,2.0,18.0,10.0,12.0,10.0,21.0,15.0,6.0,7.0,4.0,18.0,27.0,54.0,6.0,16.0,16.0,20.0,6.0,27.0,15.0,14.0,4.0,6.0,12.0,8,1,11,3,-8
2022,138,1124,86,1314,93,1,24.88888888888889,72.0,8.0,32.888888888888886,18.666666666666668,24.0,13.333333333333334,18.666666666666668,9.77777777777778,9.77777777777778,8.88888888888889,4.444444444444445,24.0,24.88888888888889,50.66666666666666,9.77777777777778,22.22222222222222,23.11111111111111,32.888888888888886,6.222222222222222,30.22222222222222,19.55555555555556,16.0,6.222222222222222,4.444444444444445,23.11111111111111,7,1,8,1,-7
2022,138,1350,51,1344,79,0,21.0,53.0,1.0,22.0,8.0,21.0,5.0,19.0,9.0,6.0,2.0,4.0,13.0,28.0,54.0,12.0,22.0,11.0,14.0,5.0,30.0,18.0,6.0,4.0,3.0,15.0,28,1,4,12,8
2022,138,1293,60,1389,70,0,18.0,52.0,8.0,24.0,16.0,25.0,11.0,16.0,13.0,11.0,8.0,7.0,24.0,22.0,53.0,3.0,13.0,23.0,31.0,10.0,25.0,14.0,9.0,5.0,7.0,22.0,10,1,15,7,-8
2022,138,1388,56,1417,72,0,20.0,49.0,7.0,21.0,9.0,12.0,8.0,16.0,12.0,8.0,3.0,1.0,16.0,26.0,46.0,4.0,9.0,16.0,19.0,4.0,20.0,14.0,5.0,3.0,0.0,12.0,16,1,4,5,1
2022,139,1395,80,1112,85,1,23.11111111111111,65.77777777777777,5.333333333333333,23.11111111111111,19.55555555555556,26.666666666666668,16.0,22.22222222222222,11.555555555555555,12.444444444444445,9.77777777777778,2.6666666666666665,19.55555555555556,27.55555555555556,60.44444444444444,4.444444444444445,24.0,16.0,22.22222222222222,12.444444444444445,24.88888888888889,14.22222222222222,14.22222222222222,8.88888888888889,3.555555555555556,18.666666666666668,5,1,1,9,8
2022,139,1277,76,1181,85,0,27.0,65.0,11.0,22.0,11.0,12.0,12.0,19.0,15.0,7.0,3.0,5.0,19.0,32.0,56.0,5.0,13.0,16.0,21.0,7.0,21.0,14.0,10.0,5.0,6.0,12.0,9,1,2,7,5
2022,139,1228,53,1222,68,0,17.0,50.0,6.0,25.0,13.0,16.0,6.0,21.0,11.0,15.0,6.0,2.0,15.0,25.0,59.0,6.0,22.0,12.0,17.0,15.0,23.0,10.0,8.0,8.0,6.0,16.0,15,1,5,4,-1
2022,139,1458,49,1235,54,0,14.0,47.0,2.0,22.0,19.0,25.0,6.0,27.0,7.0,16.0,6.0,7.0,18.0,20.0,58.0,3.0,14.0,11.0,16.0,7.0,25.0,12.0,13.0,9.0,3.0,25.0,5,1,11,3,-8
2022,139,1120,61,1274,79,0,21.0,69.0,5.0,26.0,14.0,19.0,14.0,29.0,11.0,13.0,1.0,8.0,19.0,32.0,66.0,3.0,15.0,12.0,15.0,4.0,30.0,19.0,4.0,10.0,6.0,11.0,18,1,10,2,-8
2022,139,1400,71,1345,81,0,27.0,68.0,10.0,28.0,7.0,12.0,11.0,16.0,16.0,7.0,5.0,3.0,29.0,21.0,43.0,6.0,17.0,33.0,46.0,8.0,31.0,10.0,12.0,3.0,4.0,16.0,10,1,3,6,3
2022,139,1323,53,1403,59,0,17.0,52.0,9.0,28.0,10.0,15.0,7.0,27.0,8.0,11.0,3.0,2.0,13.0,21.0,59.0,4.0,15.0,13.0,17.0,10.0,27.0,10.0,8.0,8.0,4.0,16.0,6,1,3,11,8
2022,139,1326,61,1437,71,0,24.0,57.0,7.0,22.0,6.0,11.0,13.0,20.0,11.0,12.0,4.0,3.0,18.0,23.0,52.0,8.0,23.0,17.0,20.0,9.0,17.0,9.0,9.0,7.0,1.0,14.0,10,1,2,7,5
2022,143,1211,68,1116,74,0,24.0,64.0,5.0,21.0,15.0,20.0,9.0,33.0,9.0,14.0,5.0,3.0,17.0,29.0,72.0,7.0,25.0,9.0,14.0,7.0,30.0,13.0,8.0,6.0,6.0,20.0,6,1,4,1,-3
2022,143,1403,73,1181,78,0,31.0,66.0,6.0,19.0,5.0,9.0,9.0,20.0,12.0,8.0,4.0,3.0,14.0,28.0,54.0,7.0,19.0,15.0,17.0,4.0,24.0,12.0,9.0,4.0,6.0,12.0,5,1,2,3,1
2022,143,1112,60,1222,72,0,18.0,54.0,7.0,22.0,17.0,23.0,13.0,18.0,12.0,14.0,7.0,3.0,21.0,23.0,50.0,9.0,20.0,17.0,25.0,10.0,23.0,12.0,11.0,5.0,6.0,19.0,12,1,5,1,-4
2022,143,1276,55,1437,63,0,21.0,61.0,6.0,18.0,7.0,14.0,11.0,27.0,11.0,7.0,3.0,6.0,11.0,22.0,59.0,9.0,30.0,10.0,12.0,8.0,28.0,10.0,6.0,5.0,4.0,12.0,8,1,2,11,9
2022,144,1344,61,1242,66,0,23.0,68.0,4.0,23.0,11.0,16.0,9.0,23.0,10.0,7.0,4.0,4.0,21.0,22.0,56.0,2.0,14.0,20.0,28.0,7.0,29.0,7.0,10.0,3.0,11.0,15.0,5,1,1,4,3
2022,144,1235,56,1274,70,0,25.0,68.0,4.0,22.0,2.0,4.0,14.0,23.0,16.0,16.0,6.0,4.0,18.0,26.0,56.0,9.0,26.0,9.0,14.0,6.0,24.0,21.0,13.0,11.0,7.0,12.0,14,1,10,11,1
2022,144,1417,66,1314,73,0,28.0,62.0,5.0,14.0,5.0,8.0,5.0,22.0,11.0,6.0,7.0,4.0,11.0,27.0,66.0,10.0,31.0,9.0,12.0,13.0,26.0,11.0,8.0,2.0,1.0,9.0,7,1,8,4,-4
2022,144,1345,64,1389,67,0,23.0,54.0,5.0,21.0,13.0,15.0,10.0,26.0,11.0,14.0,2.0,2.0,18.0,21.0,54.0,6.0,21.0,19.0,21.0,6.0,14.0,9.0,8.0,9.0,4.0,19.0,3,1,15,3,-12
2022,145,1116,69,1181,78,0,26.0,62.0,6.0,20.0,11.0,11.0,8.0,17.0,12.0,11.0,6.0,5.0,15.0,29.0,53.0,4.0,10.0,16.0,18.0,6.0,21.0,8.0,14.0,7.0,5.0,15.0,9,1,2,4,2
2022,145,1222,44,1437,50,0,17.0,57.0,1.0,20.0,9.0,14.0,13.0,22.0,7.0,9.0,6.0,4.0,14.0,15.0,52.0,5.0,21.0,15.0,15.0,10.0,25.0,6.0,9.0,3.0,2.0,12.0,6,1,2,5,3
2022,146,1274,50,1242,76,0,19.0,55.0,3.0,21.0,9.0,13.0,5.0,21.0,7.0,14.0,7.0,4.0,20.0,29.0,58.0,5.0,14.0,13.0,26.0,6.0,33.0,18.0,10.0,7.0,3.0,16.0,26,1,1,10,9
2022,146,1389,49,1314,69,0,18.0,60.0,4.0,16.0,9.0,10.0,4.0,25.0,11.0,7.0,4.0,7.0,18.0,25.0,61.0,6.0,22.0,13.0,21.0,12.0,33.0,15.0,6.0,6.0,5.0,12.0,20,1,8,15,7
2022,152,1437,65,1242,81,0,22.0,57.0,13.0,31.0,8.0,10.0,12.0,17.0,12.0,9.0,3.0,0.0,11.0,29.0,54.0,13.0,24.0,10.0,13.0,10.0,25.0,18.0,7.0,4.0,4.0,8.0,16,1,1,2,1
2022,152,1181,77,1314,81,0,30.0,72.0,5.0,22.0,12.0,20.0,13.0,25.0,12.0,4.0,7.0,4.0,18.0,27.0,64.0,10.0,26.0,17.0,24.0,15.0,33.0,7.0,10.0,2.0,5.0,19.0,4,1,8,2,-6
2022,154,1314,69,1242,72,0,23.0,73.0,5.0,23.0,18.0,22.0,20.0,29.0,9.0,13.0,2.0,6.0,13.0,29.0,66.0,6.0,17.0,8.0,14.0,7.0,27.0,11.0,9.0,6.0,5.0,16.0,3,1,1,8,7
2023,134,1280,59,1338,60,0,24.0,63.0,6.0,23.0,5.0,7.0,14.0,28.0,14.0,14.0,1.0,4.0,18.0,21.0,54.0,9.0,19.0,9.0,15.0,5.0,20.0,10.0,6.0,7.0,4.0,12.0,1,1,11,11,0
2023,134,1369,71,1394,75,0,27.0,57.0,8.0,26.0,9.0,20.0,6.0,22.0,17.0,12.0,11.0,2.0,31.0,22.0,57.0,4.0,18.0,27.0,35.0,14.0,30.0,10.0,14.0,3.0,1.0,18.0,4,1,16,16,0
2023,135,1305,73,1113,98,0,25.0,52.0,11.0,21.0,12.0,14.0,5.0,18.0,19.0,11.0,3.0,0.0,18.0,35.0,55.0,11.0,21.0,17.0,24.0,4.0,22.0,21.0,5.0,5.0,4.0,17.0,25,1,11,11,0
2023,135,1411,61,1192,84,0,26.0,62.0,1.0,17.0,8.0,9.0,8.0,19.0,16.0,14.0,8.0,0.0,24.0,23.0,46.0,11.0,27.0,27.0,31.0,5.0,25.0,13.0,14.0,8.0,2.0,15.0,23,1,16,16,0
2023,136,1394,75,1104,96,0,26.0,75.0,7.0,20.0,16.0,18.0,11.0,23.0,8.0,6.0,4.0,3.0,18.0,33.0,70.0,15.0,33.0,15.0,23.0,14.0,32.0,21.0,8.0,4.0,8.0,18.0,21,1,1,16,15
2023,136,1228,63,1116,73,0,20.0,52.0,6.0,22.0,17.0,26.0,2.0,27.0,10.0,16.0,10.0,5.0,19.0,24.0,63.0,3.0,11.0,22.0,29.0,10.0,29.0,4.0,11.0,12.0,4.0,19.0,10,1,8,9,1
2023,136,1234,75,1120,83,0,28.0,68.0,7.0,27.0,12.0,17.0,12.0,25.0,11.0,8.0,4.0,2.0,18.0,29.0,63.0,8.0,22.0,17.0,22.0,7.0,28.0,14.0,7.0,6.0,5.0,18.0,8,1,9,8,-1
2023,136,1331,51,1181,74,0,19.0,63.0,8.0,32.0,5.0,8.0,8.0,20.0,10.0,9.0,3.0,5.0,8.0,31.0,64.0,6.0,16.0,6.0,9.0,12.0,30.0,13.0,8.0,7.0,6.0,15.0,23,1,5,12,7
2023,136,1438,67,1202,68,0,24.0,54.0,2.0,12.0,17.0,22.0,8.0,27.0,13.0,8.0,4.0,7.0,13.0,22.0,56.0,10.0,28.0,14.0,19.0,5.0,22.0,11.0,9.0,4.0,3.0,17.0,1,1,13,4,-9
2023,136,1297,52,1222,63,0,19.0,69.0,5.0,33.0,9.0,10.0,17.0,14.0,7.0,7.0,9.0,1.0,12.0,25.0,51.0,4.0,16.0,9.0,10.0,9.0,28.0,13.0,14.0,3.0,4.0,14.0,11,1,1,16,15
2023,136,1224,68,1242,96,0,26.0,67.0,10.0,32.0,6.0,10.0,10.0,21.0,18.0,18.0,8.0,1.0,14.0,38.0,73.0,9.0,22.0,11.0,13.0,14.0,23.0,22.0,12.0,13.0,7.0,11.0,28,1,1,16,15
2023,136,1452,65,1268,67,0,22.0,56.0,8.0,19.0,13.0,16.0,9.0,17.0,7.0,10.0,6.0,2.0,24.0,23.0,45.0,6.0,18.0,15.0,22.0,8.0,17.0,12.0,13.0,7.0,5.0,19.0,2,1,8,9,1
2023,136,1429,65,1281,76,0,28.0,59.0,4.0,24.0,5.0,8.0,8.0,23.0,12.0,14.0,5.0,2.0,11.0,27.0,53.0,10.0,25.0,12.0,18.0,2.0,23.0,15.0,9.0,9.0,1.0,15.0,11,1,7,10,3
2023,136,1129,67,1321,75,0,26.0,65.0,6.0,23.0,9.0,14.0,18.0,20.0,15.0,9.0,2.0,0.0,17.0,26.0,53.0,8.0,21.0,15.0,18.0,8.0,22.0,9.0,7.0,7.0,0.0,16.0,8,1,7,10,3
2023,136,1401,59,1336,76,0,20.0,59.0,10.0,34.0,9.0,12.0,15.0,17.0,9.0,10.0,3.0,2.0,15.0,27.0,56.0,13.0,22.0,9.0,11.0,7.0,20.0,14.0,5.0,5.0,1.0,11.0,17,1,10,7,-3
2023,136,1112,55,1343,59,0,24.0,57.0,3.0,16.0,4.0,7.0,6.0,29.0,10.0,13.0,5.0,1.0,14.0,26.0,64.0,4.0,25.0,3.0,5.0,7.0,28.0,9.0,11.0,8.0,6.0,15.0,4,1,15,2,-13
2023,136,1158,57,1361,63,0,18.0,56.0,5.0,24.0,16.0,19.0,8.0,23.0,9.0,10.0,9.0,2.0,18.0,24.0,56.0,4.0,16.0,11.0,18.0,6.0,31.0,13.0,14.0,4.0,7.0,18.0,6,1,5,12,7
2023,136,1418,55,1397,58,0,22.0,55.0,6.0,18.0,5.0,9.0,6.0,17.0,12.0,14.0,8.0,0.0,19.0,21.0,46.0,4.0,16.0,12.0,21.0,5.0,22.0,16.0,16.0,9.0,4.0,14.0,3,1,4,13,9
2023,136,1159,61,1400,81,0,25.0,58.0,3.0,15.0,8.0,9.0,9.0,14.0,6.0,10.0,11.0,3.0,11.0,31.0,58.0,13.0,23.0,6.0,8.0,11.0,23.0,20.0,13.0,7.0,5.0,12.0,20,1,2,15,13
2023,136,1421,53,1417,86,0,19.0,51.0,6.0,20.0,9.0,13.0,5.0,14.0,9.0,16.0,5.0,4.0,15.0,34.0,63.0,5.0,16.0,13.0,17.0,11.0,22.0,24.0,7.0,11.0,4.0,11.0,33,1,2,15,13
2023,137,1364,56,1124,74,0,23.0,49.0,4.0,16.0,6.0,9.0,3.0,19.0,12.0,12.0,3.0,1.0,15.0,28.0,51.0,8.0,22.0,10.0,16.0,7.0,19.0,14.0,9.0,5.0,1.0,13.0,18,1,3,14,11
2023,137,1233,63,1163,87,0,22.0,57.0,7.0,16.0,12.0,16.0,5.0,20.0,9.0,6.0,7.0,3.0,13.0,32.0,66.0,11.0,25.0,12.0,14.0,14.0,29.0,24.0,8.0,4.0,5.0,15.0,24,1,4,13,9
2023,137,1301,63,1166,72,0,24.0,64.0,3.0,14.0,12.0,15.0,8.0,26.0,3.0,6.0,4.0,1.0,18.0,26.0,56.0,3.0,20.0,17.0,19.0,2.0,30.0,15.0,8.0,3.0,6.0,14.0,9,1,6,11,5
2023,137,1345,58,1192,63,0,19.0,53.0,5.0,26.0,15.0,19.0,11.0,25.0,15.0,16.0,3.0,6.0,13.0,24.0,62.0,7.0,23.0,8.0,10.0,9.0,19.0,11.0,8.0,11.0,3.0,19.0,5,1,16,1,-15
2023,137,1272,65,1194,66,0,25.0,58.0,6.0,22.0,9.0,12.0,11.0,22.0,11.0,8.0,6.0,3.0,12.0,25.0,65.0,8.0,28.0,8.0,11.0,16.0,20.0,12.0,8.0,2.0,2.0,13.0,1,1,9,8,-1
2023,137,1213,70,1211,82,0,28.0,65.0,9.0,24.0,5.0,7.0,4.0,18.0,11.0,6.0,5.0,0.0,16.0,30.0,56.0,7.0,15.0,15.0,19.0,10.0,28.0,13.0,12.0,6.0,8.0,15.0,12,1,3,14,11
2023,137,1245,60,1231,71,0,22.0,69.0,7.0,21.0,9.0,12.0,16.0,20.0,11.0,9.0,6.0,4.0,12.0,29.0,62.0,5.0,14.0,8.0,11.0,10.0,29.0,14.0,7.0,4.0,7.0,13.0,11,1,4,13,9
2023,137,1286,65,1243,77,0,25.0,54.0,6.0,21.0,9.0,17.0,5.0,15.0,14.0,15.0,8.0,3.0,13.0,32.0,55.0,4.0,15.0,9.0,12.0,6.0,19.0,21.0,14.0,9.0,3.0,16.0,12,1,3,14,11
2023,137,1344,53,1246,61,0,21.0,58.0,5.0,24.0,6.0,11.0,7.0,20.0,12.0,9.0,5.0,1.0,16.0,23.0,63.0,5.0,16.0,10.0,13.0,16.0,30.0,10.0,10.0,6.0,4.0,12.0,8,1,6,11,5
2023,137,1436,61,1266,78,0,23.0,53.0,8.0,25.0,7.0,10.0,4.0,20.0,15.0,10.0,3.0,1.0,14.0,29.0,56.0,10.0,20.0,10.0,15.0,5.0,24.0,15.0,5.0,7.0,1.0,11.0,17,1,2,15,13
2023,137,1179,56,1274,63,0,22.0,55.0,7.0,24.0,5.0,8.0,2.0,31.0,15.0,10.0,4.0,3.0,19.0,17.0,56.0,6.0,18.0,23.0,29.0,6.0,31.0,6.0,8.0,7.0,1.0,11.0,7,1,5,12,7
2023,137,1425,62,1277,72,0,24.0,58.0,7.0,20.0,7.0,8.0,8.0,27.0,15.0,11.0,2.0,2.0,18.0,26.0,54.0,5.0,14.0,15.0,25.0,8.0,26.0,11.0,7.0,7.0,3.0,10.0,10,1,7,10,3
2023,137,1235,41,1338,59,0,14.0,60.0,2.0,21.0,11.0,19.0,13.0,20.0,7.0,8.0,8.0,3.0,22.0,14.0,41.0,6.0,19.0,25.0,29.0,5.0,31.0,10.0,14.0,6.0,4.0,19.0,18,1,11,6,-5
2023,137,1433,51,1388,63,0,18.0,49.0,5.0,14.0,10.0,16.0,7.0,17.0,7.0,14.0,7.0,5.0,20.0,20.0,49.0,3.0,17.0,20.0,27.0,9.0,24.0,13.0,8.0,8.0,6.0,19.0,12,1,5,12,7
2023,137,1113,70,1395,72,0,25.0,52.0,8.0,17.0,12.0,18.0,4.0,26.0,10.0,11.0,3.0,7.0,21.0,22.0,62.0,8.0,23.0,20.0,27.0,12.0,22.0,14.0,5.0,6.0,4.0,20.0,2,1,6,11,5
2023,137,1244,67,1462,72,0,27.0,64.0,5.0,19.0,8.0,13.0,8.0,25.0,12.0,11.0,5.0,1.0,21.0,24.0,52.0,2.0,12.0,22.0,30.0,3.0,31.0,16.0,10.0,6.0,4.0,17.0,5,1,3,14,11
2023,138,1268,51,1104,73,0,19.0,54.0,1.0,8.0,12.0,21.0,9.0,19.0,6.0,12.0,7.0,5.0,18.0,23.0,58.0,6.0,21.0,21.0,28.0,13.0,26.0,7.0,10.0,9.0,4.0,18.0,22,1,1,8,7
2023,138,1242,71,1116,72,0,24.0,50.0,5.0,13.0,18.0,25.0,6.0,21.0,9.0,9.0,5.0,4.0,23.0,24.0,58.0,3.0,15.0,21.0,26.0,14.0,20.0,8.0,9.0,5.0,3.0,25.0,1,1,8,1,-7
2023,138,1120,64,1222,81,0,20.0,53.0,5.0,16.0,19.0,36.0,7.0,18.0,11.0,8.0,1.0,3.0,22.0,25.0,60.0,7.0,22.0,24.0,29.0,10.0,25.0,11.0,6.0,4.0,12.0,25.0,17,1,1,9,8
2023,138,1281,63,1343,78,0,25.0,61.0,6.0,22.0,7.0,7.0,8.0,21.0,10.0,7.0,7.0,4.0,18.0,27.0,62.0,12.0,33.0,12.0,15.0,15.0,27.0,16.0,9.0,2.0,4.0,9.0,15,1,15,7,-8
2023,138,1202,52,1361,75,0,16.0,50.0,6.0,26.0,14.0,18.0,4.0,13.0,7.0,9.0,3.0,3.0,17.0,29.0,58.0,6.0,20.0,11.0,14.0,8.0,29.0,17.0,10.0,5.0,6.0,18.0,23,1,5,13,8
2023,138,1181,52,1397,65,0,21.0,49.0,6.0,22.0,4.0,7.0,3.0,22.0,10.0,14.0,3.0,4.0,17.0,23.0,57.0,9.0,21.0,10.0,13.0,10.0,20.0,15.0,8.0,8.0,5.0,11.0,13,1,4,5,1
2023,138,1336,66,1400,71,0,25.0,60.0,8.0,28.0,8.0,11.0,9.0,21.0,6.0,9.0,3.0,1.0,12.0,31.0,61.0,1.0,13.0,8.0,11.0,8.0,29.0,10.0,5.0,4.0,2.0,13.0,5,1,2,10,8
2023,138,1321,63,1417,68,0,22.0,59.0,6.0,22.0,13.0,15.0,12.0,16.0,11.0,8.0,5.0,0.0,16.0,22.0,44.0,6.0,15.0,18.0,21.0,3.0,23.0,17.0,8.0,4.0,3.0,14.0,5,1,2,7,5
2023,139,1388,55,1163,70,0,19.0,49.0,4.0,14.0,13.0,19.0,3.0,19.0,9.0,8.0,6.0,1.0,13.0,27.0,50.0,10.0,22.0,6.0,7.0,3.0,27.0,15.0,13.0,2.0,5.0,16.0,15,1,4,5,1
2023,139,1124,76,1166,85,0,29.0,63.0,5.0,22.0,13.0,19.0,8.0,17.0,5.0,10.0,5.0,5.0,21.0,26.0,55.0,11.0,24.0,22.0,22.0,10.0,23.0,14.0,13.0,4.0,2.0,16.0,9,1,6,3,-3
2023,139,1192,70,1194,78,0,27.0,71.0,9.0,31.0,7.0,10.0,12.0,29.0,12.0,11.0,3.0,3.0,15.0,29.0,71.0,9.0,31.0,11.0,18.0,13.0,30.0,18.0,7.0,8.0,5.0,12.0,8,1,9,16,7
2023,139,1395,81,1211,84,0,30.0,67.0,9.0,25.0,12.0,20.0,9.0,24.0,16.0,9.0,3.0,6.0,24.0,30.0,67.0,8.0,25.0,16.0,25.0,11.0,29.0,14.0,10.0,6.0,5.0,17.0,3,1,3,6,3
2023,139,1246,69,1243,75,0,26.0,63.0,4.0,20.0,13.0,17.0,17.0,25.0,12.0,16.0,6.0,1.0,17.0,26.0,54.0,5.0,21.0,18.0,22.0,4.0,19.0,14.0,8.0,11.0,4.0,17.0,6,1,3,6,3
2023,139,1231,69,1274,85,0,26.0,63.0,8.0,25.0,9.0,14.0,11.0,18.0,10.0,12.0,9.0,7.0,14.0,34.0,70.0,9.0,23.0,8.0,13.0,19.0,26.0,14.0,12.0,7.0,3.0,13.0,16,1,5,4,-1
2023,139,1266,60,1277,69,0,20.0,52.0,11.0,27.0,9.0,14.0,7.0,22.0,11.0,16.0,3.0,0.0,18.0,24.0,54.0,2.0,16.0,19.0,23.0,10.0,26.0,8.0,10.0,9.0,3.0,19.0,9,1,7,2,-5
2023,139,1338,73,1462,84,0,27.0,70.0,6.0,20.0,13.0,20.0,10.0,29.0,11.0,8.0,2.0,5.0,18.0,30.0,63.0,8.0,24.0,16.0,26.0,4.0,32.0,22.0,8.0,6.0,4.0,21.0,11,1,3,11,8
2023,143,1116,65,1163,88,0,20.0,63.0,5.0,16.0,20.0,27.0,12.0,13.0,7.0,10.0,8.0,2.0,19.0,31.0,54.0,9.0,20.0,17.0,21.0,8.0,31.0,22.0,15.0,7.0,3.0,19.0,23,1,4,8,4
2023,143,1397,55,1194,62,0,21.0,63.0,6.0,23.0,7.0,12.0,15.0,18.0,12.0,6.0,7.0,1.0,18.0,21.0,50.0,8.0,27.0,12.0,16.0,11.0,27.0,12.0,12.0,1.0,2.0,14.0,7,1,9,4,-5
2023,143,1417,76,1211,79,0,28.0,67.0,7.0,18.0,13.0,16.0,5.0,19.0,14.0,5.0,8.0,4.0,15.0,32.0,64.0,6.0,16.0,9.0,17.0,16.0,32.0,14.0,14.0,2.0,3.0,15.0,3,1,3,2,-1
2023,143,1277,93,1243,98,1,27.55555555555556,56.0,11.555555555555555,22.22222222222222,16.0,19.55555555555556,8.0,17.77777777777778,16.0,11.555555555555555,1.7777777777777777,5.333333333333333,14.22222222222222,33.77777777777778,60.44444444444444,9.77777777777778,21.33333333333333,9.77777777777778,14.22222222222222,5.333333333333333,18.666666666666668,23.11111111111111,4.444444444444445,8.88888888888889,2.6666666666666665,21.33333333333333,5,1,3,7,4
2023,144,1343,75,1166,86,0,30.0,65.0,9.0,21.0,6.0,10.0,4.0,20.0,13.0,5.0,3.0,0.0,17.0,32.0,55.0,9.0,24.0,13.0,16.0,5.0,31.0,18.0,12.0,2.0,4.0,11.0,11,1,6,15,9
2023,144,1222,75,1274,89,0,24.0,64.0,9.0,31.0,18.0,20.0,9.0,24.0,16.0,8.0,3.0,4.0,16.0,31.0,60.0,11.0,25.0,16.0,19.0,6.0,28.0,16.0,5.0,4.0,4.0,16.0,14,1,5,1,-4
2023,144,1104,64,1361,71,0,23.0,71.0,3.0,27.0,15.0,20.0,18.0,32.0,10.0,14.0,5.0,5.0,22.0,26.0,69.0,6.0,17.0,13.0,22.0,13.0,29.0,10.0,11.0,9.0,8.0,18.0,7,1,5,1,-4
2023,144,1462,71,1400,83,0,28.0,64.0,7.0,17.0,8.0,12.0,9.0,24.0,12.0,12.0,2.0,4.0,15.0,32.0,61.0,7.0,12.0,12.0,19.0,5.0,25.0,16.0,9.0,8.0,3.0,16.0,12,1,2,3,1
2023,145,1211,54,1163,82,0,20.0,60.0,2.0,20.0,12.0,22.0,6.0,30.0,13.0,9.0,2.0,1.0,12.0,30.0,72.0,11.0,31.0,11.0,14.0,13.0,32.0,21.0,7.0,3.0,5.0,18.0,28,1,4,3,-1
2023,145,1243,76,1194,79,0,27.0,58.0,10.0,22.0,12.0,18.0,3.0,13.0,14.0,12.0,13.0,1.0,21.0,26.0,54.0,9.0,23.0,18.0,22.0,12.0,29.0,17.0,22.0,4.0,5.0,18.0,3,1,9,3,-6
2023,146,1400,81,1274,88,0,30.0,60.0,10.0,25.0,11.0,15.0,9.0,14.0,20.0,13.0,6.0,1.0,23.0,29.0,49.0,2.0,8.0,28.0,32.0,4.0,19.0,11.0,12.0,9.0,1.0,14.0,7,1,5,2,-3
2023,146,1166,56,1361,57,0,22.0,55.0,2.0,17.0,10.0,11.0,8.0,24.0,9.0,9.0,3.0,2.0,11.0,25.0,66.0,3.0,13.0,4.0,6.0,12.0,23.0,6.0,7.0,1.0,3.0,11.0,1,1,5,6,1
2023,152,1274,59,1163,72,0,20.0,62.0,7.0,20.0,12.0,12.0,12.0,17.0,10.0,9.0,8.0,1.0,12.0,28.0,57.0,9.0,26.0,7.0,13.0,13.0,27.0,19.0,14.0,5.0,5.0,11.0,13,1,4,5,1
2023,152,1194,71,1361,72,0,23.0,52.0,9.0,22.0,16.0,21.0,7.0,24.0,6.0,9.0,6.0,2.0,17.0,25.0,57.0,9.0,18.0,13.0,22.0,12.0,23.0,8.0,8.0,3.0,2.0,17.0,1,1,5,9,4
2023,154,1361,59,1163,76,0,19.0,59.0,6.0,23.0,15.0,20.0,12.0,21.0,7.0,12.0,7.0,2.0,20.0,23.0,53.0,6.0,17.0,24.0,27.0,10.0,30.0,13.0,13.0,8.0,6.0,15.0,17,1,4,5,1
2024,134,1438,42,1161,67,0,14.0,56.0,3.0,17.0,11.0,17.0,5.0,16.0,6.0,3.0,4.0,1.0,15.0,26.0,47.0,5.0,14.0,10.0,14.0,6.0,37.0,13.0,11.0,1.0,1.0,15.0,25,1,10,10,0
2024,134,1224,68,1447,71,0,22.0,57.0,7.0,24.0,17.0,21.0,6.0,21.0,13.0,7.0,5.0,1.0,12.0,29.0,55.0,8.0,17.0,5.0,9.0,3.0,24.0,16.0,8.0,5.0,5.0,16.0,3,1,16,16,0
2024,135,1129,53,1160,60,0,23.0,67.0,2.0,18.0,5.0,6.0,15.0,21.0,4.0,9.0,5.0,1.0,17.0,21.0,48.0,4.0,15.0,14.0,15.0,5.0,24.0,12.0,10.0,5.0,3.0,13.0,7,1,10,10,0
2024,135,1286,81,1212,88,0,30.0,58.0,13.0,30.0,8.0,15.0,5.0,22.0,18.0,10.0,9.0,3.0,18.0,33.0,66.0,4.0,10.0,18.0,23.0,10.0,26.0,11.0,11.0,6.0,4.0,14.0,7,1,16,16,0
2024,136,1253,65,1112,85,0,24.0,72.0,3.0,17.0,14.0,22.0,13.0,31.0,11.0,12.0,6.0,3.0,14.0,30.0,72.0,13.0,35.0,12.0,17.0,11.0,33.0,19.0,9.0,10.0,8.0,17.0,20,1,2,15,13
2024,136,1103,60,1166,77,0,25.0,66.0,6.0,28.0,4.0,6.0,9.0,17.0,8.0,4.0,5.0,1.0,20.0,26.0,46.0,10.0,17.0,15.0,20.0,4.0,32.0,11.0,14.0,0.0,4.0,12.0,17,1,3,14,11
2024,136,1305,60,1173,63,0,25.0,58.0,7.0,22.0,3.0,6.0,7.0,20.0,13.0,12.0,8.0,2.0,14.0,21.0,46.0,8.0,19.0,13.0,15.0,3.0,25.0,16.0,12.0,7.0,2.0,14.0,3,1,7,10,3
2024,136,1140,67,1182,71,0,22.0,57.0,8.0,24.0,15.0,17.0,8.0,24.0,16.0,11.0,6.0,2.0,18.0,26.0,56.0,7.0,18.0,12.0,16.0,5.0,22.0,13.0,9.0,7.0,7.0,17.0,4,1,11,6,-5
2024,136,1270,65,1211,86,0,23.0,69.0,5.0,22.0,14.0,19.0,13.0,18.0,10.0,6.0,7.0,2.0,16.0,31.0,60.0,10.0,21.0,14.0,18.0,9.0,29.0,22.0,13.0,4.0,2.0,16.0,21,1,5,12,7
2024,136,1287,69,1228,85,0,26.0,65.0,11.0,30.0,6.0,8.0,6.0,19.0,14.0,6.0,7.0,0.0,13.0,32.0,59.0,12.0,26.0,9.0,12.0,9.0,27.0,24.0,9.0,5.0,7.0,9.0,16,1,3,14,11
2024,136,1355,65,1235,82,0,23.0,53.0,10.0,24.0,9.0,11.0,6.0,18.0,15.0,15.0,4.0,2.0,13.0,33.0,57.0,11.0,23.0,5.0,8.0,5.0,22.0,23.0,9.0,11.0,4.0,15.0,17,1,2,15,13
2024,136,1359,89,1242,93,0,30.0,73.0,16.0,37.0,13.0,23.0,9.0,21.0,23.0,7.0,7.0,1.0,20.0,35.0,58.0,6.0,18.0,17.0,27.0,7.0,34.0,25.0,17.0,5.0,7.0,21.0,4,1,4,13,9
2024,136,1280,51,1277,69,0,20.0,54.0,6.0,27.0,5.0,10.0,10.0,14.0,13.0,14.0,9.0,2.0,11.0,27.0,54.0,10.0,23.0,5.0,6.0,11.0,23.0,14.0,13.0,7.0,3.0,15.0,18,1,9,8,-1
2024,136,1403,67,1301,80,0,24.0,62.0,7.0,31.0,12.0,14.0,9.0,21.0,15.0,9.0,3.0,2.0,20.0,27.0,53.0,5.0,13.0,21.0,26.0,7.0,23.0,15.0,10.0,8.0,5.0,14.0,13,1,11,6,-5
2024,136,1447,62,1314,90,0,23.0,58.0,7.0,18.0,9.0,15.0,7.0,13.0,8.0,7.0,5.0,2.0,13.0,33.0,60.0,9.0,18.0,15.0,19.0,12.0,29.0,14.0,9.0,4.0,3.0,13.0,28,1,1,16,15
2024,136,1246,76,1324,80,0,26.0,61.0,9.0,28.0,15.0,20.0,10.0,28.0,17.0,11.0,2.0,6.0,18.0,26.0,63.0,15.0,31.0,13.0,23.0,13.0,26.0,16.0,6.0,5.0,1.0,18.0,4,1,14,3,-11
2024,136,1376,73,1332,87,0,25.0,56.0,11.0,24.0,12.0,19.0,6.0,18.0,17.0,10.0,3.0,3.0,22.0,28.0,47.0,7.0,16.0,24.0,30.0,4.0,26.0,16.0,9.0,8.0,6.0,15.0,14,1,11,6,-5
2024,136,1389,49,1397,83,0,16.0,55.0,4.0,24.0,13.0,19.0,7.0,11.0,3.0,6.0,4.0,1.0,22.0,27.0,53.0,11.0,24.0,18.0,25.0,9.0,30.0,19.0,15.0,4.0,5.0,17.0,34,1,2,15,13
2024,136,1161,44,1400,56,0,17.0,58.0,6.0,24.0,4.0,6.0,13.0,29.0,8.0,18.0,3.0,3.0,18.0,22.0,55.0,1.0,14.0,11.0,17.0,7.0,29.0,3.0,10.0,9.0,2.0,12.0,12,1,7,10,3
2024,136,1179,61,1450,66,0,25.0,59.0,5.0,15.0,6.0,14.0,6.0,23.0,18.0,8.0,7.0,3.0,21.0,21.0,55.0,7.0,14.0,17.0,22.0,11.0,26.0,12.0,11.0,5.0,4.0,13.0,5,1,7,10,3
2024,137,1158,96,1104,109,0,32.0,78.0,10.0,33.0,22.0,29.0,14.0,23.0,16.0,10.0,8.0,3.0,22.0,36.0,60.0,13.0,23.0,24.0,37.0,4.0,24.0,17.0,10.0,5.0,2.0,22.0,13,1,4,13,9
2024,137,1159,67,1124,92,0,26.0,57.0,5.0,18.0,10.0,14.0,8.0,14.0,11.0,8.0,10.0,3.0,12.0,33.0,57.0,16.0,30.0,10.0,14.0,10.0,22.0,17.0,12.0,6.0,2.0,15.0,25,1,3,14,11
2024,137,1307,56,1155,77,0,19.0,64.0,3.0,23.0,15.0,23.0,15.0,24.0,6.0,13.0,4.0,2.0,16.0,28.0,63.0,7.0,21.0,14.0,19.0,8.0,30.0,16.0,9.0,7.0,4.0,20.0,21,1,6,11,5
2024,137,1196,100,1160,102,0,35.0,68.0,11.0,25.0,19.0,22.0,10.0,17.0,22.0,8.0,8.0,5.0,22.0,34.0,54.0,6.0,10.0,28.0,33.0,5.0,24.0,27.0,10.0,6.0,1.0,19.0,2,1,10,7,-3
2024,137,1391,52,1163,91,0,17.0,55.0,3.0,20.0,15.0,20.0,8.0,19.0,6.0,14.0,6.0,4.0,12.0,37.0,70.0,9.0,24.0,8.0,10.0,14.0,28.0,22.0,8.0,6.0,2.0,19.0,39,1,1,16,15
2024,137,1436,47,1181,64,0,20.0,52.0,5.0,20.0,2.0,6.0,5.0,18.0,12.0,11.0,8.0,3.0,19.0,19.0,45.0,6.0,18.0,20.0,29.0,7.0,29.0,11.0,9.0,9.0,5.0,13.0,17,1,4,13,9
2024,137,1388,66,1213,75,0,26.0,67.0,7.0,25.0,7.0,12.0,11.0,24.0,16.0,11.0,7.0,1.0,21.0,21.0,49.0,5.0,18.0,28.0,36.0,6.0,24.0,10.0,11.0,8.0,9.0,13.0,9,1,12,5,-7
2024,137,1255,46,1222,86,0,14.0,41.0,3.0,13.0,15.0,16.0,4.0,10.0,9.0,18.0,4.0,1.0,16.0,31.0,53.0,11.0,23.0,13.0,22.0,10.0,18.0,16.0,8.0,12.0,5.0,13.0,40,1,1,16,15
2024,137,1458,61,1241,72,0,19.0,51.0,8.0,21.0,15.0,23.0,7.0,26.0,13.0,19.0,6.0,3.0,19.0,23.0,56.0,5.0,17.0,21.0,30.0,8.0,27.0,12.0,11.0,14.0,4.0,20.0,11,1,12,5,-7
2024,137,1443,69,1266,87,0,28.0,69.0,8.0,24.0,5.0,6.0,12.0,30.0,17.0,18.0,5.0,4.0,15.0,33.0,69.0,13.0,36.0,8.0,15.0,10.0,25.0,23.0,10.0,9.0,11.0,9.0,18,1,2,15,13
2024,137,1194,65,1321,77,0,22.0,57.0,5.0,27.0,16.0,21.0,6.0,27.0,10.0,21.0,9.0,5.0,17.0,29.0,69.0,8.0,23.0,11.0,15.0,13.0,26.0,20.0,12.0,12.0,1.0,13.0,12,1,9,8,-1
2024,137,1212,50,1345,78,0,20.0,55.0,3.0,12.0,7.0,10.0,3.0,17.0,11.0,5.0,8.0,6.0,19.0,28.0,59.0,9.0,24.0,13.0,22.0,17.0,29.0,23.0,10.0,4.0,5.0,6.0,28,1,1,16,15
2024,137,1412,65,1361,69,0,20.0,53.0,7.0,20.0,18.0,24.0,8.0,14.0,10.0,14.0,7.0,2.0,18.0,24.0,55.0,5.0,18.0,16.0,20.0,13.0,18.0,10.0,12.0,11.0,5.0,20.0,4,1,5,12,7
2024,137,1304,83,1401,98,0,27.0,59.0,7.0,22.0,22.0,24.0,5.0,19.0,15.0,10.0,5.0,2.0,17.0,35.0,71.0,13.0,23.0,15.0,20.0,13.0,23.0,16.0,8.0,3.0,6.0,21.0,15,1,9,8,-1
2024,137,1395,72,1429,88,0,24.0,67.0,7.0,22.0,17.0,22.0,18.0,17.0,13.0,13.0,6.0,4.0,13.0,33.0,60.0,8.0,19.0,14.0,15.0,4.0,22.0,22.0,9.0,10.0,9.0,13.0,16,1,8,9,1
2024,137,1120,76,1463,78,0,27.0,53.0,7.0,20.0,15.0,22.0,9.0,25.0,11.0,14.0,6.0,3.0,25.0,24.0,52.0,9.0,20.0,21.0,31.0,5.0,15.0,10.0,9.0,10.0,2.0,19.0,2,1,13,4,-9
2024,138,1173,68,1112,78,0,24.0,59.0,7.0,24.0,13.0,15.0,4.0,19.0,9.0,14.0,8.0,3.0,17.0,28.0,53.0,8.0,18.0,14.0,20.0,5.0,26.0,17.0,14.0,9.0,6.0,18.0,10,1,2,7,5
2024,138,1332,73,1166,86,0,31.0,77.0,7.0,21.0,4.0,5.0,13.0,29.0,13.0,9.0,4.0,4.0,14.0,29.0,75.0,15.0,39.0,13.0,14.0,13.0,30.0,16.0,9.0,6.0,5.0,12.0,13,1,3,11,8
2024,138,1242,68,1211,89,0,27.0,70.0,9.0,22.0,5.0,9.0,13.0,17.0,20.0,8.0,5.0,2.0,14.0,35.0,58.0,8.0,15.0,11.0,15.0,8.0,29.0,19.0,9.0,2.0,5.0,12.0,21,1,5,4,-1
2024,138,1182,63,1228,89,0,25.0,61.0,5.0,17.0,8.0,10.0,12.0,13.0,14.0,9.0,4.0,1.0,17.0,35.0,59.0,7.0,21.0,12.0,17.0,10.0,21.0,17.0,7.0,6.0,1.0,12.0,26,1,3,11,8
2024,138,1450,56,1235,67,0,22.0,51.0,5.0,23.0,7.0,9.0,9.0,23.0,9.0,12.0,3.0,8.0,16.0,23.0,57.0,7.0,14.0,14.0,17.0,11.0,19.0,14.0,5.0,5.0,2.0,12.0,11,1,2,7,5
2024,138,1324,73,1301,79,0,25.0,68.0,12.0,35.0,11.0,15.0,9.0,21.0,13.0,6.0,4.0,3.0,13.0,29.0,64.0,9.0,26.0,12.0,16.0,11.0,33.0,19.0,8.0,4.0,5.0,16.0,6,1,11,14,3
2024,138,1277,69,1314,85,0,26.0,59.0,6.0,16.0,11.0,15.0,6.0,25.0,6.0,11.0,3.0,1.0,20.0,28.0,60.0,10.0,26.0,19.0,23.0,5.0,24.0,12.0,5.0,5.0,6.0,14.0,16,1,1,9,8
2024,138,1400,58,1397,62,0,20.0,55.0,7.0,23.0,11.0,12.0,6.0,23.0,6.0,16.0,5.0,3.0,16.0,22.0,65.0,3.0,25.0,15.0,18.0,13.0,27.0,11.0,11.0,9.0,3.0,15.0,4,1,2,7,5
2024,139,1213,61,1104,72,0,18.0,56.0,2.0,20.0,23.0,37.0,12.0,24.0,5.0,13.0,10.0,8.0,21.0,24.0,65.0,8.0,31.0,16.0,22.0,15.0,29.0,13.0,12.0,10.0,9.0,26.0,11,1,4,12,8
2024,139,1124,64,1155,72,0,21.0,54.0,6.0,24.0,16.0,26.0,8.0,22.0,7.0,10.0,8.0,2.0,16.0,23.0,47.0,6.0,17.0,20.0,24.0,3.0,26.0,16.0,11.0,4.0,4.0,21.0,8,1,6,3,-3
2024,139,1321,58,1163,75,0,22.0,59.0,4.0,15.0,10.0,10.0,7.0,20.0,8.0,8.0,5.0,0.0,17.0,29.0,54.0,3.0,22.0,14.0,20.0,5.0,27.0,20.0,6.0,6.0,9.0,13.0,17,1,1,9,8
2024,139,1241,55,1181,93,0,19.0,50.0,4.0,18.0,13.0,23.0,11.0,19.0,7.0,14.0,5.0,6.0,17.0,33.0,63.0,14.0,28.0,13.0,18.0,9.0,24.0,22.0,6.0,12.0,4.0,16.0,38,1,4,12,8
2024,139,1401,95,1222,100,0,29.0,75.0,8.0,23.0,29.0,45.0,22.0,23.0,12.0,11.0,5.0,4.0,24.0,34.0,66.0,11.0,34.0,21.0,30.0,11.0,21.0,18.0,10.0,6.0,8.0,28.0,5,1,1,9,8
2024,139,1160,77,1266,81,0,31.0,66.0,10.0,30.0,5.0,7.0,10.0,17.0,21.0,12.0,8.0,3.0,11.0,34.0,55.0,9.0,21.0,4.0,8.0,2.0,21.0,18.0,12.0,10.0,4.0,10.0,4,1,2,10,8
2024,139,1429,67,1345,106,0,23.0,64.0,9.0,27.0,12.0,16.0,5.0,17.0,9.0,8.0,5.0,4.0,20.0,38.0,68.0,11.0,23.0,19.0,23.0,10.0,35.0,29.0,9.0,5.0,5.0,10.0,39,1,1,8,7
2024,139,1463,57,1361,85,0,20.0,54.0,7.0,19.0,10.0,14.0,5.0,17.0,13.0,12.0,8.0,0.0,14.0,29.0,55.0,13.0,27.0,14.0,17.0,6.0,31.0,16.0,12.0,8.0,3.0,15.0,28,1,5,13,8
2024,143,1314,87,1104,89,0,30.0,78.0,12.0,32.0,15.0,17.0,17.0,21.0,17.0,7.0,8.0,3.0,18.0,32.0,67.0,11.0,26.0,14.0,20.0,14.0,23.0,13.0,10.0,4.0,7.0,18.0,2,1,4,1,-3
2024,143,1112,72,1155,77,0,25.0,67.0,5.0,28.0,17.0,25.0,16.0,25.0,14.0,9.0,8.0,4.0,16.0,29.0,59.0,8.0,25.0,11.0,16.0,6.0,27.0,17.0,10.0,4.0,2.0,19.0,5,1,6,2,-4
2024,143,1361,52,1163,82,0,21.0,58.0,5.0,22.0,5.0,10.0,10.0,17.0,9.0,12.0,8.0,4.0,16.0,30.0,65.0,10.0,26.0,12.0,16.0,20.0,27.0,17.0,9.0,10.0,1.0,14.0,30,1,1,5,4
2024,143,1235,69,1228,72,0,23.0,58.0,6.0,13.0,17.0,21.0,5.0,27.0,9.0,9.0,11.0,3.0,23.0,24.0,57.0,9.0,29.0,15.0,29.0,12.0,25.0,16.0,11.0,8.0,2.0,18.0,3,1,3,2,-1
2024,144,1222,51,1181,54,0,20.0,49.0,2.0,8.0,9.0,17.0,11.0,19.0,10.0,10.0,4.0,4.0,12.0,20.0,49.0,6.0,17.0,8.0,12.0,13.0,21.0,14.0,14.0,4.0,0.0,14.0,3,1,4,1,-3
2024,144,1266,58,1301,67,0,20.0,60.0,4.0,31.0,14.0,23.0,9.0,24.0,8.0,9.0,7.0,6.0,15.0,26.0,56.0,9.0,23.0,6.0,12.0,6.0,31.0,14.0,12.0,6.0,3.0,16.0,9,1,11,2,-9
2024,144,1211,68,1345,80,0,29.0,59.0,6.0,19.0,4.0,7.0,9.0,15.0,14.0,6.0,5.0,0.0,15.0,32.0,56.0,9.0,20.0,7.0,10.0,8.0,21.0,24.0,8.0,3.0,0.0,11.0,12,1,1,5,4
2024,144,1166,75,1397,82,0,26.0,58.0,11.0,23.0,12.0,13.0,5.0,27.0,13.0,8.0,1.0,2.0,17.0,28.0,67.0,11.0,24.0,15.0,18.0,11.0,23.0,16.0,4.0,5.0,5.0,14.0,7,1,2,3,1
2024,145,1155,82,1104,89,0,33.0,69.0,8.0,26.0,8.0,16.0,8.0,20.0,15.0,6.0,6.0,2.0,20.0,29.0,62.0,16.0,36.0,15.0,22.0,14.0,26.0,20.0,12.0,3.0,6.0,17.0,7,1,4,6,2
2024,145,1228,52,1163,77,0,17.0,67.0,6.0,23.0,12.0,17.0,7.0,20.0,7.0,8.0,3.0,4.0,15.0,31.0,60.0,3.0,17.0,12.0,17.0,7.0,33.0,21.0,7.0,5.0,10.0,17.0,25,1,1,3,2
2024,146,1181,64,1301,76,0,19.0,59.0,5.0,20.0,21.0,26.0,10.0,27.0,11.0,9.0,4.0,5.0,23.0,28.0,60.0,3.0,13.0,17.0,23.0,8.0,27.0,16.0,4.0,4.0,6.0,16.0,12,1,11,4,-7
2024,146,1397,66,1345,72,0,24.0,62.0,11.0,26.0,7.0,11.0,6.0,17.0,17.0,6.0,8.0,4.0,25.0,24.0,53.0,3.0,15.0,21.0,33.0,8.0,32.0,16.0,10.0,5.0,2.0,12.0,6,1,1,2,1
2024,152,1104,72,1163,86,0,26.0,58.0,11.0,23.0,9.0,11.0,7.0,21.0,9.0,7.0,2.0,5.0,15.0,31.0,62.0,10.0,25.0,14.0,18.0,10.0,25.0,20.0,4.0,4.0,8.0,17.0,14,1,1,4,3
2024,152,1301,50,1345,63,0,21.0,57.0,5.0,19.0,3.0,4.0,6.0,22.0,10.0,11.0,8.0,3.0,13.0,22.0,55.0,10.0,25.0,9.0,10.0,10.0,28.0,13.0,14.0,5.0,2.0,8.0,13,1,1,11,10
2024,154,1345,60,1163,75,0,24.0,54.0,1.0,7.0,11.0,15.0,8.0,19.0,8.0,9.0,3.0,3.0,15.0,30.0,62.0,6.0,22.0,9.0,11.0,13.0,19.0,18.0,6.0,3.0,4.0,18.0,15,1,1,1,0
2003,134,1421,92,1411,84,1,28.444444444444443,61.333333333333336,9.77777777777778,25.77777777777778,15.11111111111111,23.11111111111111,12.444444444444445,26.666666666666668,15.11111111111111,10.666666666666666,4.444444444444445,2.6666666666666665,19.55555555555556,25.77777777777778,59.55555555555556,10.666666666666666,27.55555555555556,12.444444444444445,27.55555555555556,15.11111111111111,24.88888888888889,14.22222222222222,13.333333333333334,4.444444444444445,0.0,19.55555555555556,-8,0,16,16,0
2003,136,1112,80,1436,51,0,31.0,66.0,7.0,23.0,11.0,14.0,11.0,36.0,22.0,16.0,10.0,7.0,8.0,20.0,64.0,4.0,16.0,7.0,7.0,8.0,26.0,12.0,17.0,10.0,3.0,15.0,-29,0,16,1,-15
2003,136,1113,84,1272,71,0,31.0,59.0,6.0,14.0,16.0,22.0,10.0,27.0,18.0,9.0,7.0,4.0,19.0,25.0,69.0,7.0,28.0,14.0,21.0,20.0,22.0,11.0,12.0,2.0,5.0,18.0,-13,0,7,10,3
2003,136,1141,79,1166,73,0,29.0,53.0,3.0,7.0,18.0,25.0,11.0,20.0,15.0,18.0,13.0,1.0,19.0,27.0,60.0,7.0,17.0,12.0,17.0,14.0,17.0,20.0,21.0,6.0,6.0,21.0,-6,0,6,11,5
2003,136,1143,76,1301,74,1,24.0,56.888888888888886,6.222222222222222,17.77777777777778,13.333333333333334,20.444444444444443,16.0,17.77777777777778,15.11111111111111,11.555555555555555,7.111111111111111,1.7777777777777777,12.444444444444445,22.22222222222222,49.77777777777778,8.0,18.666666666666668,13.333333333333334,17.77777777777778,8.88888888888889,23.11111111111111,14.22222222222222,12.444444444444445,4.444444444444445,7.111111111111111,16.88888888888889,-2,0,9,8,-1
2003,136,1163,58,1140,53,0,17.0,52.0,4.0,14.0,20.0,27.0,12.0,29.0,8.0,14.0,3.0,8.0,16.0,20.0,64.0,2.0,17.0,11.0,13.0,15.0,26.0,11.0,11.0,8.0,4.0,22.0,-5,0,12,5,-7
2003,136,1181,67,1161,57,0,19.0,54.0,4.0,13.0,25.0,31.0,13.0,27.0,4.0,16.0,10.0,8.0,23.0,18.0,54.0,3.0,11.0,18.0,22.0,11.0,24.0,8.0,19.0,5.0,4.0,19.0,-10,0,14,3,-11
2003,136,1211,74,1153,69,0,20.0,47.0,6.0,14.0,28.0,37.0,8.0,28.0,12.0,12.0,2.0,2.0,15.0,26.0,66.0,10.0,27.0,7.0,10.0,13.0,22.0,13.0,10.0,7.0,6.0,24.0,-5,0,8,9,1
2003,136,1228,65,1443,60,0,24.0,56.0,5.0,14.0,12.0,14.0,15.0,23.0,15.0,14.0,11.0,4.0,14.0,22.0,58.0,8.0,24.0,8.0,13.0,17.0,18.0,10.0,14.0,6.0,5.0,16.0,-5,0,13,4,-9
2003,136,1242,64,1429,61,0,28.0,51.0,2.0,6.0,6.0,11.0,7.0,20.0,13.0,11.0,8.0,4.0,17.0,23.0,56.0,6.0,17.0,9.0,10.0,13.0,19.0,13.0,13.0,6.0,1.0,15.0,-3,0,15,2,-13
2003,136,1266,72,1221,68,0,22.0,51.0,9.0,16.0,19.0,23.0,11.0,20.0,14.0,10.0,4.0,3.0,23.0,24.0,54.0,5.0,15.0,15.0,25.0,14.0,20.0,14.0,9.0,4.0,1.0,20.0,-4,0,14,3,-11
2003,136,1281,72,1356,71,0,28.0,52.0,5.0,13.0,11.0,18.0,9.0,32.0,7.0,23.0,4.0,6.0,19.0,26.0,65.0,8.0,19.0,11.0,21.0,11.0,18.0,19.0,13.0,6.0,0.0,19.0,-1,0,11,6,-5
2003,136,1323,70,1454,69,0,23.0,54.0,3.0,13.0,21.0,25.0,11.0,33.0,7.0,20.0,6.0,6.0,19.0,23.0,66.0,8.0,23.0,15.0,20.0,14.0,23.0,15.0,12.0,11.0,3.0,25.0,-1,0,12,5,-7
2003,136,1328,71,1354,54,0,24.0,52.0,10.0,18.0,13.0,24.0,11.0,24.0,16.0,14.0,8.0,3.0,12.0,21.0,52.0,6.0,20.0,6.0,8.0,7.0,22.0,8.0,18.0,7.0,2.0,23.0,-17,0,16,1,-15
2003,136,1390,77,1360,69,0,29.0,64.0,8.0,24.0,11.0,15.0,12.0,29.0,16.0,14.0,4.0,8.0,24.0,20.0,61.0,4.0,18.0,25.0,32.0,17.0,25.0,7.0,11.0,3.0,0.0,18.0,-8,0,13,4,-9
2003,136,1409,84,1173,71,0,33.0,57.0,8.0,12.0,10.0,13.0,8.0,26.0,18.0,12.0,6.0,1.0,11.0,28.0,66.0,9.0,28.0,6.0,9.0,12.0,16.0,11.0,11.0,3.0,3.0,19.0,-13,0,4,13,9
2003,136,1458,81,1451,74,0,31.0,58.0,6.0,16.0,13.0,22.0,10.0,24.0,16.0,9.0,7.0,2.0,16.0,29.0,71.0,7.0,24.0,9.0,15.0,22.0,21.0,9.0,10.0,4.0,0.0,20.0,-7,0,12,5,-7
2003,137,1120,65,1386,63,1,22.22222222222222,50.66666666666666,6.222222222222222,16.0,7.111111111111111,11.555555555555555,12.444444444444445,21.33333333333333,9.77777777777778,13.333333333333334,3.555555555555556,4.444444444444445,14.22222222222222,19.55555555555556,52.44444444444444,5.333333333333333,21.33333333333333,11.555555555555555,14.22222222222222,13.333333333333334,18.666666666666668,9.77777777777778,10.666666666666666,7.111111111111111,3.555555555555556,16.88888888888889,-2,0,7,10,3
2003,137,1139,47,1280,46,0,18.0,47.0,5.0,18.0,6.0,8.0,7.0,19.0,5.0,8.0,3.0,0.0,15.0,16.0,44.0,6.0,21.0,8.0,14.0,8.0,22.0,10.0,10.0,6.0,4.0,13.0,-1,0,5,12,7
2003,137,1196,85,1358,55,0,32.0,61.0,13.0,28.0,8.0,14.0,9.0,31.0,24.0,10.0,6.0,3.0,15.0,19.0,57.0,6.0,18.0,11.0,18.0,12.0,25.0,10.0,16.0,1.0,4.0,16.0,-30,0,15,2,-13
2003,137,1231,67,1104,62,0,19.0,49.0,7.0,18.0,22.0,26.0,13.0,22.0,15.0,8.0,1.0,2.0,17.0,22.0,52.0,5.0,12.0,13.0,16.0,9.0,20.0,13.0,8.0,2.0,6.0,21.0,-5,0,10,7,-3
2003,137,1246,95,1237,64,0,40.0,65.0,10.0,20.0,5.0,11.0,10.0,25.0,22.0,13.0,7.0,4.0,17.0,22.0,60.0,4.0,15.0,16.0,22.0,15.0,18.0,10.0,19.0,7.0,1.0,15.0,-31,0,16,1,-15
2003,137,1257,86,1122,64,0,35.0,70.0,8.0,24.0,8.0,13.0,15.0,29.0,18.0,12.0,12.0,4.0,22.0,24.0,54.0,2.0,21.0,14.0,22.0,8.0,21.0,11.0,18.0,5.0,3.0,18.0,-22,0,13,4,-9
2003,137,1268,75,1423,73,0,27.0,54.0,10.0,19.0,11.0,15.0,8.0,27.0,17.0,13.0,3.0,3.0,20.0,20.0,55.0,13.0,29.0,20.0,26.0,10.0,19.0,16.0,8.0,7.0,1.0,19.0,-2,0,11,6,-5
2003,137,1277,79,1160,64,0,26.0,56.0,7.0,13.0,20.0,25.0,10.0,28.0,16.0,11.0,5.0,1.0,18.0,26.0,60.0,5.0,14.0,7.0,17.0,12.0,23.0,9.0,13.0,6.0,8.0,19.0,-15,0,10,7,-3
2003,137,1329,77,1335,63,0,27.0,50.0,7.0,20.0,16.0,28.0,10.0,15.0,15.0,11.0,12.0,0.0,17.0,20.0,41.0,8.0,18.0,15.0,16.0,2.0,13.0,17.0,18.0,5.0,0.0,20.0,-14,0,11,6,-5
2003,137,1338,87,1447,61,0,33.0,59.0,9.0,16.0,12.0,21.0,10.0,23.0,22.0,9.0,14.0,6.0,19.0,21.0,51.0,7.0,21.0,12.0,18.0,9.0,20.0,13.0,19.0,6.0,2.0,20.0,-26,0,15,2,-13
2003,137,1345,80,1261,56,0,27.0,52.0,9.0,16.0,17.0,19.0,8.0,25.0,7.0,19.0,9.0,1.0,18.0,20.0,60.0,6.0,26.0,10.0,17.0,17.0,18.0,7.0,16.0,7.0,3.0,13.0,-24,0,8,9,1
2003,137,1393,76,1264,65,0,30.0,52.0,4.0,11.0,12.0,15.0,11.0,28.0,16.0,18.0,5.0,9.0,17.0,22.0,61.0,6.0,21.0,15.0,18.0,14.0,14.0,16.0,11.0,9.0,2.0,14.0,-11,0,14,3,-11
2003,137,1400,82,1421,61,0,31.0,62.0,6.0,16.0,14.0,20.0,19.0,28.0,15.0,14.0,6.0,2.0,16.0,23.0,62.0,5.0,21.0,10.0,12.0,13.0,16.0,5.0,11.0,9.0,3.0,16.0,-21,0,16,1,-15
2003,137,1428,60,1332,58,0,18.0,61.0,9.0,23.0,15.0,18.0,13.0,23.0,8.0,15.0,7.0,4.0,22.0,19.0,55.0,3.0,17.0,17.0,24.0,13.0,29.0,8.0,17.0,6.0,2.0,22.0,-2,0,8,9,1
2003,137,1448,76,1190,73,0,29.0,69.0,6.0,23.0,12.0,20.0,19.0,29.0,13.0,19.0,8.0,9.0,19.0,24.0,60.0,5.0,10.0,20.0,28.0,13.0,25.0,7.0,15.0,12.0,4.0,20.0,-3,0,15,2,-13
2003,137,1462,71,1407,59,0,26.0,64.0,6.0,20.0,13.0,18.0,17.0,30.0,19.0,10.0,5.0,4.0,11.0,23.0,65.0,11.0,29.0,2.0,6.0,12.0,21.0,13.0,9.0,6.0,6.0,19.0,-12,0,14,3,-11
2003,138,1112,96,1211,95,2,27.2,59.2,5.6,19.2,16.8,23.2,14.4,23.2,14.4,7.2,5.6,3.2,16.0,27.2,61.6,8.8,24.0,12.8,16.8,12.8,21.6,16.0,8.8,4.0,4.0,20.0,-1,0,9,1,-8
2003,138,1163,85,1390,74,0,31.0,68.0,6.0,10.0,17.0,21.0,17.0,26.0,12.0,9.0,4.0,1.0,13.0,27.0,62.0,8.0,23.0,12.0,17.0,11.0,22.0,12.0,11.0,2.0,6.0,18.0,-11,0,4,5,1
2003,138,1181,86,1141,60,0,32.0,52.0,10.0,15.0,12.0,16.0,4.0,23.0,14.0,11.0,15.0,9.0,18.0,21.0,57.0,8.0,17.0,10.0,14.0,14.0,19.0,8.0,21.0,4.0,2.0,14.0,-26,0,11,3,-8
2003,138,1242,108,1113,76,0,40.0,59.0,5.0,9.0,23.0,34.0,12.0,28.0,21.0,13.0,6.0,6.0,20.0,28.0,69.0,4.0,15.0,16.0,23.0,17.0,14.0,11.0,11.0,7.0,5.0,21.0,-32,0,10,2,-8
2003,138,1266,101,1281,92,1,31.11111111111111,55.11111111111112,10.666666666666666,16.0,16.88888888888889,17.77777777777778,7.111111111111111,22.22222222222222,16.0,10.666666666666666,5.333333333333333,0.0,17.77777777777778,27.55555555555556,64.0,13.333333333333334,32.0,13.333333333333334,16.88888888888889,16.0,17.77777777777778,16.88888888888889,10.666666666666666,3.555555555555556,3.555555555555556,15.11111111111111,-9,0,6,3,-3
2003,138,1323,68,1228,60,0,25.0,61.0,13.0,24.0,5.0,5.0,5.0,32.0,12.0,11.0,5.0,4.0,13.0,22.0,63.0,5.0,17.0,11.0,16.0,10.0,31.0,12.0,9.0,6.0,3.0,10.0,-8,0,4,5,1
2003,138,1328,74,1143,65,0,26.0,51.0,7.0,13.0,15.0,24.0,13.0,23.0,16.0,12.0,2.0,2.0,15.0,27.0,52.0,5.0,16.0,6.0,12.0,6.0,18.0,6.0,9.0,5.0,4.0,23.0,-9,0,8,1,-7
2003,138,1458,61,1409,60,0,22.0,57.0,6.0,22.0,11.0,17.0,10.0,22.0,12.0,5.0,5.0,3.0,11.0,26.0,59.0,3.0,11.0,5.0,5.0,11.0,30.0,12.0,11.0,1.0,3.0,16.0,-1,0,13,5,-8
2003,139,1120,68,1448,62,0,24.0,56.0,4.0,19.0,16.0,20.0,12.0,21.0,11.0,14.0,9.0,6.0,18.0,18.0,49.0,8.0,23.0,18.0,21.0,12.0,23.0,5.0,18.0,7.0,7.0,23.0,-6,0,2,10,8
2003,139,1139,79,1257,71,0,27.0,52.0,14.0,22.0,11.0,19.0,10.0,18.0,21.0,12.0,6.0,2.0,11.0,28.0,54.0,11.0,25.0,4.0,4.0,8.0,19.0,13.0,14.0,8.0,2.0,21.0,-8,0,4,12,8
2003,139,1246,74,1428,54,0,26.0,55.0,4.0,13.0,18.0,18.0,13.0,22.0,11.0,13.0,4.0,3.0,16.0,19.0,48.0,4.0,14.0,12.0,16.0,8.0,14.0,8.0,16.0,7.0,2.0,19.0,-20,0,9,1,-8
2003,139,1268,77,1462,64,0,30.0,58.0,3.0,13.0,14.0,17.0,7.0,32.0,19.0,8.0,2.0,6.0,21.0,20.0,57.0,7.0,18.0,17.0,24.0,8.0,20.0,12.0,7.0,2.0,0.0,16.0,-13,0,3,6,3
2003,139,1277,68,1196,46,0,25.0,45.0,6.0,16.0,12.0,18.0,9.0,21.0,15.0,10.0,5.0,0.0,18.0,16.0,43.0,5.0,21.0,9.0,12.0,8.0,14.0,9.0,14.0,2.0,1.0,20.0,-22,0,2,7,5
2003,139,1338,74,1231,52,0,25.0,47.0,4.0,9.0,20.0,28.0,10.0,21.0,15.0,11.0,9.0,1.0,14.0,19.0,44.0,6.0,17.0,8.0,10.0,5.0,15.0,13.0,16.0,3.0,2.0,18.0,-22,0,7,2,-5
2003,139,1393,68,1329,56,0,26.0,57.0,5.0,12.0,11.0,18.0,5.0,33.0,16.0,17.0,11.0,9.0,19.0,22.0,63.0,3.0,19.0,9.0,19.0,11.0,27.0,16.0,22.0,8.0,4.0,19.0,-12,0,6,3,-3
2003,139,1400,77,1345,67,0,25.0,62.0,5.0,11.0,22.0,26.0,13.0,27.0,8.0,13.0,4.0,0.0,21.0,23.0,62.0,5.0,16.0,16.0,24.0,13.0,22.0,10.0,13.0,7.0,2.0,24.0,-10,0,9,1,-8
2003,143,1112,88,1323,71,0,36.0,76.0,7.0,14.0,9.0,11.0,14.0,30.0,19.0,10.0,12.0,5.0,17.0,25.0,59.0,10.0,23.0,11.0,18.0,9.0,27.0,15.0,19.0,6.0,4.0,16.0,-17,0,5,1,-4
2003,143,1242,69,1181,65,0,29.0,67.0,1.0,12.0,10.0,17.0,18.0,29.0,14.0,17.0,4.0,5.0,16.0,25.0,65.0,10.0,26.0,5.0,8.0,11.0,22.0,11.0,14.0,6.0,7.0,18.0,-4,0,3,2,-1
2003,143,1246,63,1458,57,0,24.0,49.0,1.0,5.0,14.0,24.0,12.0,21.0,9.0,14.0,10.0,4.0,17.0,19.0,45.0,8.0,21.0,11.0,16.0,7.0,19.0,9.0,15.0,7.0,1.0,20.0,-6,0,5,1,-4
2003,143,1266,77,1338,74,0,28.0,54.0,6.0,12.0,15.0,22.0,10.0,18.0,16.0,10.0,7.0,3.0,18.0,29.0,55.0,4.0,14.0,12.0,15.0,10.0,20.0,18.0,12.0,6.0,4.0,19.0,-3,0,2,3,1
2003,144,1277,60,1268,58,0,22.0,56.0,6.0,17.0,10.0,12.0,11.0,26.0,10.0,18.0,8.0,3.0,20.0,20.0,54.0,2.0,16.0,16.0,18.0,9.0,24.0,8.0,15.0,12.0,4.0,15.0,-2,0,6,7,1
2003,144,1328,65,1139,54,0,27.0,55.0,4.0,10.0,7.0,12.0,19.0,20.0,15.0,13.0,6.0,1.0,18.0,19.0,43.0,4.0,13.0,12.0,17.0,7.0,14.0,10.0,13.0,7.0,2.0,18.0,-11,0,12,1,-11
2003,144,1393,79,1120,78,0,29.0,66.0,5.0,14.0,16.0,21.0,15.0,21.0,14.0,10.0,9.0,7.0,17.0,27.0,63.0,10.0,22.0,14.0,17.0,14.0,26.0,15.0,17.0,5.0,5.0,19.0,-1,0,10,3,-7
2003,144,1400,82,1163,78,0,24.0,69.0,5.0,18.0,29.0,36.0,21.0,31.0,13.0,10.0,5.0,5.0,21.0,30.0,71.0,4.0,13.0,14.0,25.0,14.0,27.0,13.0,11.0,7.0,8.0,21.0,-4,0,5,1,-4
2003,145,1242,78,1112,75,0,29.0,67.0,8.0,26.0,12.0,18.0,15.0,22.0,16.0,15.0,13.0,5.0,20.0,23.0,55.0,10.0,22.0,19.0,23.0,11.0,26.0,16.0,19.0,8.0,2.0,17.0,-3,0,1,2,1
2003,145,1266,83,1246,69,0,31.0,55.0,10.0,19.0,11.0,15.0,10.0,26.0,21.0,15.0,6.0,6.0,22.0,25.0,64.0,4.0,16.0,15.0,24.0,20.0,16.0,14.0,11.0,10.0,2.0,19.0,-14,0,1,3,2
2003,146,1393,63,1328,47,0,25.0,48.0,2.0,12.0,11.0,19.0,12.0,28.0,16.0,24.0,13.0,2.0,13.0,18.0,58.0,5.0,28.0,6.0,11.0,14.0,14.0,10.0,19.0,13.0,4.0,16.0,-16,0,1,3,2
2003,146,1400,85,1277,76,0,25.0,51.0,6.0,14.0,29.0,38.0,8.0,20.0,16.0,4.0,6.0,4.0,22.0,25.0,54.0,8.0,16.0,18.0,26.0,12.0,26.0,11.0,12.0,1.0,2.0,28.0,-9,0,7,1,-6
2003,152,1242,94,1266,61,0,38.0,71.0,8.0,19.0,10.0,17.0,19.0,33.0,22.0,12.0,8.0,5.0,15.0,23.0,74.0,3.0,16.0,12.0,18.0,21.0,18.0,7.0,11.0,7.0,3.0,17.0,-33,0,3,2,-1
2003,152,1393,95,1400,84,0,32.0,56.0,7.0,13.0,24.0,31.0,9.0,28.0,14.0,13.0,9.0,2.0,21.0,27.0,63.0,10.0,21.0,20.0,32.0,17.0,17.0,20.0,14.0,6.0,2.0,26.0,-11,0,1,3,2
2003,154,1393,81,1242,78,0,30.0,63.0,11.0,18.0,10.0,17.0,11.0,25.0,13.0,17.0,10.0,7.0,22.0,31.0,71.0,4.0,20.0,12.0,30.0,26.0,26.0,18.0,18.0,9.0,4.0,16.0,-3,0,2,3,1
2004,134,1197,72,1250,57,0,25.0,63.0,6.0,20.0,16.0,23.0,19.0,25.0,11.0,12.0,8.0,2.0,15.0,18.0,61.0,7.0,30.0,14.0,19.0,21.0,21.0,12.0,17.0,7.0,3.0,20.0,-15,0,16,16,0
2004,136,1104,65,1356,64,0,24.0,53.0,7.0,16.0,10.0,16.0,11.0,24.0,7.0,12.0,7.0,2.0,7.0,24.0,59.0,12.0,22.0,4.0,5.0,10.0,20.0,15.0,10.0,4.0,1.0,14.0,-1,0,9,8,-1
2004,136,1163,70,1436,53,0,26.0,52.0,6.0,14.0,12.0,23.0,11.0,31.0,14.0,13.0,6.0,3.0,8.0,19.0,60.0,11.0,32.0,4.0,6.0,11.0,18.0,10.0,12.0,7.0,1.0,19.0,-17,0,15,2,-13
2004,136,1177,76,1173,69,2,19.2,47.2,4.0,10.4,18.4,32.0,8.8,30.4,10.4,8.8,3.2,2.4,15.2,21.6,63.2,2.4,16.0,9.6,18.4,14.4,25.6,8.8,8.0,4.0,2.4,23.2,-7,0,10,7,-3
2004,136,1181,96,1106,61,0,32.0,66.0,9.0,26.0,23.0,31.0,17.0,29.0,19.0,14.0,14.0,4.0,19.0,22.0,57.0,7.0,20.0,10.0,17.0,9.0,22.0,7.0,21.0,7.0,1.0,20.0,-35,0,16,1,-15
2004,136,1211,76,1434,49,0,29.0,54.0,3.0,13.0,15.0,25.0,10.0,36.0,19.0,15.0,6.0,5.0,14.0,18.0,63.0,6.0,23.0,7.0,11.0,10.0,21.0,8.0,13.0,6.0,0.0,20.0,-27,0,15,2,-13
2004,136,1264,75,1196,60,0,26.0,60.0,6.0,15.0,17.0,21.0,13.0,23.0,10.0,10.0,8.0,4.0,21.0,21.0,45.0,3.0,13.0,15.0,22.0,4.0,22.0,4.0,14.0,4.0,4.0,18.0,-15,0,5,12,7
2004,136,1268,86,1431,83,0,29.0,59.0,8.0,18.0,20.0,31.0,16.0,21.0,17.0,14.0,7.0,6.0,20.0,29.0,56.0,5.0,17.0,20.0,24.0,9.0,20.0,13.0,14.0,2.0,2.0,25.0,-3,0,13,4,-9
2004,136,1305,72,1277,66,0,20.0,46.0,7.0,22.0,25.0,29.0,5.0,23.0,10.0,17.0,6.0,2.0,16.0,23.0,55.0,5.0,16.0,15.0,18.0,6.0,20.0,14.0,14.0,9.0,0.0,25.0,-6,0,7,10,3
2004,136,1314,63,1102,52,0,22.0,53.0,4.0,13.0,15.0,18.0,14.0,21.0,12.0,13.0,10.0,1.0,15.0,17.0,39.0,8.0,25.0,10.0,13.0,2.0,19.0,15.0,16.0,7.0,2.0,15.0,-11,0,11,6,-5
2004,136,1371,80,1112,76,0,27.0,58.0,8.0,22.0,18.0,24.0,12.0,21.0,12.0,10.0,6.0,0.0,19.0,28.0,53.0,5.0,11.0,15.0,19.0,7.0,22.0,12.0,14.0,4.0,3.0,15.0,-4,0,9,8,-1
2004,136,1386,82,1251,63,0,27.0,60.0,8.0,23.0,20.0,28.0,10.0,26.0,16.0,14.0,15.0,3.0,17.0,22.0,51.0,6.0,20.0,13.0,18.0,7.0,29.0,15.0,26.0,7.0,1.0,22.0,-19,0,16,1,-15
2004,136,1390,71,1427,45,0,27.0,54.0,6.0,14.0,11.0,15.0,11.0,29.0,11.0,20.0,11.0,9.0,20.0,15.0,63.0,2.0,15.0,13.0,21.0,22.0,17.0,2.0,19.0,8.0,3.0,15.0,-26,0,16,1,-15
2004,136,1393,80,1140,75,0,24.0,46.0,11.0,16.0,21.0,28.0,5.0,18.0,12.0,7.0,2.0,4.0,15.0,26.0,55.0,10.0,26.0,13.0,19.0,15.0,21.0,19.0,9.0,2.0,1.0,23.0,-5,0,12,5,-7
2004,136,1400,66,1343,49,0,23.0,50.0,11.0,15.0,9.0,14.0,17.0,26.0,10.0,13.0,3.0,1.0,16.0,18.0,51.0,5.0,26.0,8.0,12.0,9.0,14.0,11.0,7.0,5.0,0.0,18.0,-17,0,14,3,-11
2004,136,1403,76,1150,73,0,29.0,59.0,4.0,11.0,14.0,18.0,14.0,22.0,17.0,16.0,7.0,2.0,16.0,25.0,58.0,6.0,24.0,17.0,21.0,13.0,20.0,14.0,14.0,11.0,4.0,20.0,-3,0,9,8,-1
2004,136,1448,79,1433,78,0,28.0,54.0,6.0,16.0,17.0,27.0,9.0,23.0,16.0,11.0,7.0,2.0,16.0,29.0,57.0,11.0,20.0,9.0,13.0,7.0,20.0,17.0,17.0,7.0,4.0,22.0,-1,0,13,4,-9
2004,137,1130,58,1428,51,0,23.0,44.0,3.0,4.0,9.0,11.0,4.0,21.0,20.0,8.0,4.0,3.0,13.0,19.0,50.0,3.0,18.0,10.0,10.0,9.0,17.0,12.0,8.0,2.0,0.0,12.0,-7,0,11,6,-5
2004,137,1153,80,1190,77,0,29.0,62.0,13.0,32.0,9.0,11.0,12.0,33.0,22.0,17.0,3.0,11.0,19.0,29.0,74.0,6.0,23.0,13.0,20.0,17.0,21.0,14.0,6.0,11.0,3.0,14.0,-3,0,13,4,-9
2004,137,1210,65,1320,60,0,25.0,55.0,6.0,18.0,9.0,12.0,8.0,29.0,10.0,12.0,4.0,3.0,14.0,21.0,54.0,10.0,27.0,8.0,10.0,3.0,25.0,15.0,10.0,2.0,1.0,16.0,-5,0,14,3,-11
2004,137,1228,72,1293,53,0,27.0,60.0,9.0,24.0,9.0,13.0,16.0,28.0,19.0,8.0,5.0,5.0,17.0,17.0,49.0,8.0,20.0,11.0,17.0,9.0,18.0,8.0,10.0,4.0,2.0,13.0,-19,0,12,5,-7
2004,137,1242,78,1227,53,0,24.0,39.0,5.0,12.0,25.0,40.0,6.0,35.0,18.0,25.0,6.0,8.0,19.0,20.0,64.0,3.0,16.0,10.0,14.0,11.0,15.0,10.0,15.0,9.0,0.0,25.0,-25,0,13,4,-9
2004,137,1246,96,1197,76,0,35.0,62.0,11.0,28.0,15.0,23.0,13.0,29.0,23.0,17.0,8.0,5.0,15.0,30.0,66.0,11.0,30.0,5.0,12.0,12.0,17.0,13.0,17.0,13.0,1.0,19.0,-20,0,16,1,-15
2004,137,1272,59,1376,43,0,23.0,59.0,9.0,27.0,4.0,7.0,14.0,22.0,16.0,9.0,3.0,4.0,15.0,15.0,42.0,2.0,13.0,11.0,16.0,4.0,21.0,9.0,12.0,5.0,4.0,14.0,-16,0,10,7,-3
2004,137,1280,85,1284,52,0,30.0,56.0,8.0,22.0,17.0,23.0,13.0,34.0,19.0,17.0,12.0,3.0,13.0,18.0,51.0,9.0,27.0,7.0,15.0,3.0,17.0,12.0,17.0,7.0,0.0,18.0,-33,0,15,2,-13
2004,137,1301,61,1418,52,0,18.0,49.0,5.0,17.0,20.0,24.0,13.0,24.0,10.0,15.0,5.0,0.0,20.0,16.0,49.0,5.0,22.0,15.0,23.0,11.0,21.0,9.0,15.0,9.0,2.0,21.0,-9,0,14,3,-11
2004,137,1329,75,1186,56,0,30.0,55.0,2.0,6.0,13.0,16.0,11.0,26.0,15.0,15.0,12.0,5.0,16.0,21.0,59.0,3.0,19.0,11.0,13.0,12.0,15.0,19.0,14.0,8.0,2.0,15.0,-19,0,15,2,-13
2004,137,1334,66,1344,58,0,24.0,50.0,6.0,14.0,12.0,18.0,7.0,22.0,17.0,12.0,7.0,1.0,11.0,23.0,61.0,6.0,26.0,6.0,6.0,15.0,21.0,12.0,15.0,4.0,2.0,18.0,-8,0,5,12,7
2004,137,1338,53,1416,44,0,13.0,44.0,5.0,16.0,22.0,31.0,10.0,27.0,7.0,13.0,8.0,1.0,15.0,16.0,52.0,5.0,20.0,7.0,10.0,9.0,24.0,10.0,14.0,6.0,0.0,22.0,-9,0,14,3,-11
2004,137,1412,102,1449,100,0,30.0,65.0,9.0,26.0,33.0,44.0,11.0,26.0,23.0,12.0,8.0,2.0,26.0,35.0,64.0,6.0,20.0,24.0,34.0,10.0,31.0,19.0,16.0,6.0,5.0,30.0,-2,0,8,9,1
2004,137,1435,71,1444,58,0,26.0,46.0,11.0,19.0,8.0,18.0,8.0,25.0,16.0,17.0,9.0,5.0,15.0,22.0,63.0,2.0,19.0,12.0,16.0,18.0,18.0,10.0,12.0,13.0,1.0,19.0,-13,0,11,6,-5
2004,137,1458,76,1350,64,0,25.0,51.0,8.0,18.0,18.0,24.0,11.0,18.0,14.0,9.0,7.0,3.0,11.0,25.0,54.0,7.0,16.0,7.0,13.0,13.0,16.0,17.0,14.0,8.0,3.0,19.0,-12,0,11,6,-5
2004,137,1462,80,1257,70,0,23.0,46.0,9.0,18.0,25.0,29.0,12.0,27.0,15.0,15.0,6.0,1.0,12.0,25.0,63.0,10.0,32.0,10.0,13.0,13.0,13.0,18.0,10.0,7.0,1.0,23.0,-10,0,10,7,-3
2004,138,1104,70,1390,67,0,16.0,43.0,4.0,19.0,34.0,44.0,5.0,24.0,8.0,8.0,6.0,8.0,16.0,26.0,73.0,7.0,24.0,8.0,11.0,22.0,27.0,12.0,12.0,2.0,0.0,31.0,-3,0,1,8,7
2004,138,1163,72,1177,55,0,26.0,60.0,5.0,16.0,15.0,23.0,13.0,31.0,15.0,5.0,5.0,5.0,15.0,20.0,59.0,5.0,15.0,10.0,13.0,9.0,26.0,12.0,8.0,1.0,0.0,20.0,-17,0,7,2,-5
2004,138,1181,90,1371,62,0,26.0,48.0,4.0,11.0,34.0,38.0,11.0,29.0,16.0,10.0,3.0,3.0,18.0,24.0,57.0,3.0,17.0,11.0,16.0,8.0,14.0,11.0,10.0,4.0,0.0,27.0,-28,0,8,1,-7
2004,138,1305,91,1211,72,0,30.0,64.0,8.0,17.0,23.0,29.0,14.0,29.0,18.0,8.0,4.0,4.0,18.0,28.0,75.0,3.0,22.0,13.0,18.0,19.0,20.0,9.0,10.0,4.0,1.0,23.0,-19,0,2,10,8
2004,138,1386,70,1403,65,0,27.0,57.0,12.0,31.0,4.0,5.0,11.0,20.0,13.0,13.0,4.0,0.0,16.0,25.0,53.0,3.0,12.0,12.0,14.0,9.0,20.0,16.0,9.0,7.0,2.0,11.0,-5,0,8,1,-7
2004,138,1393,72,1268,70,0,22.0,55.0,4.0,12.0,24.0,38.0,12.0,26.0,11.0,12.0,7.0,5.0,25.0,20.0,52.0,3.0,12.0,27.0,38.0,12.0,28.0,13.0,17.0,5.0,6.0,26.0,-2,0,4,5,1
2004,138,1400,78,1314,75,0,27.0,55.0,5.0,13.0,19.0,23.0,9.0,26.0,10.0,11.0,6.0,1.0,19.0,25.0,65.0,9.0,28.0,16.0,19.0,16.0,20.0,14.0,11.0,6.0,1.0,21.0,-3,0,6,3,-3
2004,138,1448,84,1264,80,0,29.0,57.0,8.0,20.0,18.0,24.0,8.0,29.0,15.0,10.0,5.0,2.0,18.0,29.0,63.0,7.0,20.0,15.0,20.0,8.0,24.0,15.0,8.0,5.0,3.0,23.0,-4,0,12,4,-8
2004,139,1210,57,1130,54,0,23.0,51.0,6.0,18.0,5.0,6.0,8.0,16.0,15.0,17.0,12.0,1.0,17.0,20.0,44.0,5.0,13.0,9.0,15.0,11.0,19.0,14.0,22.0,11.0,2.0,14.0,-3,0,6,3,-3
2004,139,1228,92,1153,68,0,35.0,55.0,11.0,19.0,11.0,14.0,2.0,19.0,26.0,4.0,9.0,1.0,14.0,27.0,58.0,7.0,16.0,7.0,11.0,14.0,20.0,14.0,13.0,1.0,5.0,14.0,-24,0,4,5,1
2004,139,1242,78,1334,63,0,29.0,60.0,5.0,15.0,15.0,21.0,15.0,25.0,17.0,13.0,11.0,3.0,15.0,23.0,54.0,6.0,20.0,11.0,15.0,9.0,18.0,19.0,14.0,6.0,1.0,18.0,-15,0,12,4,-8
2004,139,1329,70,1272,53,0,28.0,47.0,5.0,12.0,9.0,17.0,14.0,20.0,18.0,17.0,8.0,1.0,16.0,20.0,50.0,6.0,17.0,7.0,14.0,11.0,11.0,9.0,12.0,6.0,3.0,15.0,-17,0,7,2,-5
2004,139,1338,59,1458,55,0,21.0,59.0,2.0,10.0,15.0,19.0,15.0,25.0,10.0,9.0,7.0,3.0,17.0,17.0,48.0,8.0,18.0,13.0,17.0,7.0,24.0,9.0,13.0,4.0,3.0,20.0,-4,0,6,3,-3
2004,139,1412,76,1246,75,0,30.0,67.0,8.0,18.0,8.0,13.0,18.0,15.0,19.0,12.0,9.0,1.0,19.0,27.0,61.0,7.0,20.0,14.0,18.0,20.0,21.0,13.0,16.0,4.0,4.0,16.0,-1,0,1,9,8
2004,139,1435,75,1301,73,0,23.0,49.0,10.0,25.0,19.0,21.0,10.0,17.0,15.0,8.0,4.0,2.0,13.0,27.0,57.0,13.0,31.0,6.0,8.0,13.0,18.0,13.0,6.0,1.0,1.0,20.0,-2,0,3,6,3
2004,139,1462,89,1280,74,0,30.0,55.0,13.0,19.0,16.0,23.0,6.0,32.0,14.0,13.0,3.0,9.0,14.0,26.0,72.0,9.0,26.0,13.0,21.0,18.0,22.0,14.0,8.0,11.0,3.0,21.0,-15,0,2,7,5
2004,143,1104,80,1393,71,0,26.0,52.0,9.0,22.0,19.0,23.0,10.0,17.0,22.0,9.0,11.0,6.0,17.0,26.0,55.0,5.0,14.0,14.0,20.0,16.0,19.0,12.0,18.0,5.0,4.0,20.0,-9,0,5,8,3
2004,143,1163,73,1435,53,0,27.0,51.0,6.0,17.0,13.0,15.0,11.0,33.0,14.0,18.0,6.0,4.0,10.0,20.0,57.0,8.0,24.0,5.0,8.0,6.0,15.0,11.0,11.0,8.0,0.0,14.0,-20,0,6,2,-4
2004,143,1329,63,1338,51,0,22.0,45.0,4.0,8.0,15.0,16.0,6.0,24.0,13.0,10.0,6.0,5.0,16.0,21.0,58.0,3.0,17.0,6.0,10.0,16.0,17.0,8.0,12.0,5.0,1.0,18.0,-12,0,3,2,-1
2004,143,1386,84,1448,80,0,29.0,58.0,12.0,24.0,14.0,23.0,10.0,20.0,15.0,11.0,8.0,4.0,21.0,27.0,51.0,8.0,16.0,18.0,25.0,7.0,21.0,15.0,15.0,6.0,0.0,22.0,-4,0,4,1,-3
2004,144,1181,72,1228,62,0,28.0,51.0,6.0,18.0,10.0,15.0,5.0,24.0,19.0,13.0,10.0,5.0,14.0,26.0,64.0,4.0,13.0,6.0,11.0,14.0,22.0,17.0,12.0,5.0,2.0,15.0,-10,0,5,1,-4
2004,144,1210,72,1305,67,0,27.0,63.0,6.0,18.0,12.0,22.0,13.0,36.0,10.0,16.0,9.0,5.0,22.0,22.0,69.0,5.0,20.0,18.0,24.0,16.0,29.0,5.0,11.0,4.0,3.0,22.0,-5,0,10,3,-7
2004,144,1242,100,1412,74,0,30.0,56.0,4.0,10.0,36.0,44.0,10.0,35.0,21.0,17.0,9.0,3.0,19.0,23.0,71.0,8.0,33.0,20.0,24.0,14.0,19.0,12.0,12.0,13.0,4.0,27.0,-26,0,9,4,-5
2004,144,1462,79,1400,71,0,23.0,58.0,8.0,25.0,25.0,35.0,16.0,23.0,13.0,7.0,6.0,3.0,20.0,26.0,62.0,7.0,16.0,12.0,17.0,14.0,21.0,12.0,8.0,1.0,6.0,25.0,-8,0,3,7,4
2004,145,1163,87,1104,71,0,29.0,60.0,10.0,17.0,19.0,29.0,15.0,25.0,17.0,7.0,3.0,7.0,18.0,25.0,60.0,6.0,19.0,15.0,18.0,12.0,21.0,14.0,9.0,2.0,5.0,23.0,-16,0,8,2,-6
2004,145,1329,64,1386,62,0,25.0,53.0,4.0,17.0,10.0,15.0,12.0,30.0,13.0,13.0,2.0,6.0,16.0,22.0,57.0,8.0,26.0,10.0,13.0,6.0,18.0,15.0,5.0,8.0,3.0,14.0,-2,0,1,2,1
2004,146,1181,66,1462,63,0,21.0,54.0,8.0,20.0,16.0,20.0,10.0,29.0,15.0,11.0,6.0,7.0,23.0,22.0,63.0,3.0,15.0,16.0,23.0,16.0,24.0,8.0,10.0,5.0,0.0,21.0,-3,0,7,1,-6
2004,146,1210,79,1242,71,1,22.22222222222222,49.77777777777778,2.6666666666666665,14.22222222222222,23.11111111111111,30.22222222222222,9.77777777777778,26.666666666666668,12.444444444444445,10.666666666666666,11.555555555555555,2.6666666666666665,15.11111111111111,23.11111111111111,57.77777777777778,5.333333333333333,16.88888888888889,11.555555555555555,16.88888888888889,10.666666666666666,23.11111111111111,13.333333333333334,13.333333333333334,7.111111111111111,2.6666666666666665,23.11111111111111,-8,0,4,3,-1
2004,152,1163,79,1181,78,0,26.0,52.0,6.0,11.0,21.0,32.0,13.0,31.0,9.0,18.0,5.0,6.0,20.0,29.0,71.0,6.0,22.0,14.0,23.0,17.0,20.0,11.0,9.0,8.0,3.0,24.0,-1,0,1,2,1
2004,152,1210,67,1329,65,0,24.0,49.0,7.0,17.0,12.0,16.0,7.0,22.0,16.0,12.0,7.0,4.0,19.0,22.0,50.0,4.0,15.0,17.0,25.0,12.0,21.0,10.0,13.0,3.0,0.0,15.0,-2,0,2,3,1
2004,154,1163,82,1210,73,0,26.0,61.0,5.0,17.0,25.0,39.0,18.0,32.0,10.0,16.0,5.0,2.0,18.0,27.0,71.0,7.0,22.0,12.0,21.0,18.0,25.0,9.0,14.0,10.0,1.0,26.0,-9,0,3,2,-1
2005,134,1324,79,1105,69,0,29.0,57.0,7.0,15.0,14.0,20.0,14.0,29.0,14.0,17.0,2.0,2.0,14.0,23.0,59.0,10.0,28.0,13.0,18.0,10.0,19.0,16.0,14.0,6.0,3.0,17.0,-10,0,16,16,0
2005,136,1112,66,1429,53,0,23.0,49.0,6.0,14.0,14.0,18.0,9.0,24.0,9.0,11.0,3.0,6.0,12.0,20.0,55.0,7.0,19.0,6.0,10.0,12.0,20.0,15.0,12.0,6.0,3.0,16.0,-13,0,14,3,-11
2005,136,1130,85,1335,65,0,30.0,52.0,8.0,12.0,17.0,25.0,8.0,33.0,24.0,19.0,8.0,6.0,14.0,25.0,71.0,10.0,30.0,5.0,10.0,16.0,18.0,17.0,17.0,11.0,2.0,19.0,-20,0,13,4,-9
2005,136,1153,76,1234,64,0,27.0,57.0,9.0,18.0,13.0,22.0,9.0,27.0,18.0,8.0,5.0,8.0,19.0,20.0,59.0,5.0,17.0,19.0,25.0,16.0,27.0,5.0,11.0,6.0,1.0,20.0,-12,0,10,7,-3
2005,136,1211,74,1457,64,0,27.0,59.0,5.0,16.0,15.0,22.0,11.0,29.0,13.0,10.0,5.0,5.0,14.0,22.0,60.0,10.0,26.0,10.0,12.0,10.0,26.0,16.0,13.0,4.0,0.0,19.0,-10,0,14,3,-11
2005,136,1228,67,1192,55,0,23.0,54.0,6.0,21.0,15.0,21.0,8.0,22.0,16.0,8.0,8.0,2.0,13.0,23.0,57.0,4.0,16.0,5.0,11.0,15.0,27.0,11.0,17.0,6.0,3.0,19.0,-12,0,16,1,-15
2005,136,1246,72,1184,64,0,26.0,51.0,2.0,11.0,18.0,26.0,9.0,22.0,11.0,14.0,9.0,4.0,11.0,26.0,59.0,6.0,18.0,6.0,11.0,13.0,22.0,14.0,17.0,5.0,1.0,20.0,-8,0,15,2,-13
2005,136,1305,61,1400,57,0,23.0,62.0,3.0,14.0,12.0,18.0,16.0,33.0,11.0,8.0,4.0,7.0,14.0,24.0,68.0,5.0,10.0,4.0,6.0,13.0,27.0,2.0,5.0,5.0,6.0,16.0,-4,0,8,9,1
2005,136,1328,84,1310,67,0,34.0,74.0,3.0,13.0,13.0,15.0,14.0,34.0,16.0,14.0,9.0,3.0,14.0,24.0,68.0,6.0,28.0,13.0,15.0,11.0,26.0,12.0,16.0,8.0,2.0,16.0,-17,0,14,3,-11
2005,136,1334,79,1338,71,0,26.0,55.0,10.0,20.0,17.0,23.0,10.0,25.0,15.0,12.0,2.0,1.0,18.0,25.0,59.0,8.0,23.0,13.0,18.0,10.0,20.0,10.0,10.0,7.0,3.0,20.0,-8,0,9,8,-1
2005,136,1403,78,1417,66,0,32.0,52.0,3.0,7.0,11.0,16.0,4.0,28.0,21.0,14.0,7.0,2.0,14.0,26.0,60.0,6.0,20.0,8.0,15.0,9.0,18.0,16.0,13.0,5.0,2.0,15.0,-12,0,11,6,-5
2005,136,1412,82,1261,68,0,27.0,59.0,7.0,16.0,21.0,36.0,11.0,24.0,15.0,15.0,8.0,2.0,23.0,23.0,64.0,6.0,31.0,16.0,22.0,16.0,26.0,10.0,21.0,6.0,5.0,26.0,-14,0,6,11,5
2005,136,1428,60,1431,54,0,21.0,49.0,6.0,24.0,12.0,20.0,15.0,25.0,15.0,18.0,7.0,4.0,13.0,22.0,53.0,2.0,9.0,8.0,9.0,5.0,17.0,13.0,10.0,6.0,1.0,20.0,-6,0,11,6,-5
2005,136,1448,70,1151,54,0,24.0,58.0,8.0,28.0,14.0,21.0,15.0,22.0,16.0,15.0,10.0,2.0,12.0,21.0,52.0,6.0,20.0,6.0,9.0,11.0,24.0,12.0,22.0,5.0,1.0,19.0,-16,0,15,2,-13
2005,136,1449,88,1285,77,0,32.0,58.0,9.0,19.0,15.0,22.0,9.0,23.0,19.0,16.0,9.0,1.0,14.0,33.0,65.0,9.0,20.0,2.0,8.0,12.0,21.0,15.0,18.0,5.0,0.0,16.0,-11,0,16,1,-15
2005,136,1452,63,1166,61,0,22.0,46.0,8.0,20.0,11.0,13.0,8.0,21.0,19.0,16.0,12.0,4.0,15.0,21.0,50.0,8.0,20.0,11.0,13.0,10.0,17.0,12.0,17.0,8.0,3.0,16.0,-2,0,10,7,-3
2005,136,1454,83,1104,73,0,26.0,50.0,12.0,21.0,19.0,28.0,8.0,14.0,20.0,7.0,6.0,1.0,18.0,26.0,50.0,9.0,23.0,12.0,16.0,12.0,22.0,17.0,19.0,3.0,3.0,20.0,-10,0,5,12,7
2005,137,1137,64,1242,63,0,22.0,55.0,8.0,31.0,12.0,16.0,9.0,21.0,17.0,9.0,10.0,1.0,21.0,20.0,46.0,1.0,11.0,22.0,27.0,8.0,26.0,14.0,13.0,5.0,3.0,15.0,-1,0,3,14,11
2005,137,1163,77,1416,71,0,29.0,58.0,3.0,6.0,16.0,25.0,14.0,29.0,17.0,13.0,7.0,6.0,13.0,21.0,61.0,11.0,28.0,18.0,21.0,12.0,17.0,16.0,10.0,10.0,6.0,21.0,-6,0,15,2,-13
2005,137,1181,57,1175,46,0,16.0,39.0,6.0,20.0,19.0,29.0,5.0,27.0,9.0,8.0,5.0,6.0,15.0,19.0,52.0,5.0,15.0,3.0,6.0,9.0,21.0,10.0,11.0,3.0,1.0,23.0,-11,0,16,1,-15
2005,137,1196,67,1325,62,0,21.0,54.0,7.0,23.0,18.0,19.0,11.0,21.0,15.0,16.0,11.0,8.0,21.0,18.0,46.0,9.0,18.0,17.0,26.0,10.0,23.0,8.0,20.0,8.0,5.0,21.0,-5,0,13,4,-9
2005,137,1210,80,1203,68,0,28.0,56.0,7.0,16.0,17.0,22.0,10.0,32.0,11.0,17.0,10.0,3.0,22.0,29.0,65.0,6.0,16.0,4.0,16.0,12.0,22.0,19.0,14.0,9.0,4.0,20.0,-12,0,12,5,-7
2005,137,1235,64,1278,53,0,25.0,57.0,2.0,8.0,12.0,19.0,15.0,24.0,11.0,13.0,12.0,8.0,17.0,21.0,63.0,5.0,23.0,6.0,10.0,20.0,21.0,8.0,17.0,9.0,1.0,18.0,-11,0,8,9,1
2005,137,1257,68,1418,62,0,22.0,57.0,6.0,22.0,18.0,27.0,16.0,20.0,12.0,11.0,5.0,2.0,19.0,24.0,53.0,4.0,12.0,10.0,18.0,13.0,24.0,14.0,18.0,7.0,0.0,21.0,-6,0,13,4,-9
2005,137,1277,89,1330,81,0,29.0,51.0,3.0,14.0,28.0,36.0,5.0,25.0,11.0,13.0,9.0,1.0,22.0,26.0,61.0,7.0,20.0,22.0,26.0,10.0,20.0,13.0,15.0,9.0,1.0,29.0,-8,0,12,5,-7
2005,137,1280,93,1390,70,0,32.0,57.0,9.0,17.0,20.0,26.0,10.0,29.0,13.0,9.0,3.0,6.0,19.0,24.0,63.0,4.0,18.0,18.0,25.0,12.0,18.0,9.0,5.0,6.0,3.0,19.0,-23,0,8,9,1
2005,137,1301,75,1150,63,0,26.0,59.0,4.0,19.0,19.0,22.0,11.0,22.0,14.0,16.0,14.0,8.0,10.0,23.0,58.0,8.0,21.0,9.0,14.0,12.0,24.0,11.0,20.0,8.0,2.0,18.0,-12,0,7,10,3
2005,137,1314,96,1324,68,0,37.0,58.0,12.0,19.0,10.0,19.0,15.0,24.0,27.0,15.0,9.0,3.0,13.0,25.0,58.0,6.0,15.0,12.0,18.0,11.0,11.0,12.0,10.0,9.0,0.0,16.0,-28,0,16,1,-15
2005,137,1329,63,1368,50,0,18.0,37.0,4.0,7.0,23.0,29.0,8.0,22.0,13.0,17.0,11.0,1.0,13.0,20.0,45.0,3.0,10.0,7.0,10.0,5.0,14.0,10.0,17.0,12.0,2.0,22.0,-13,0,15,2,-13
2005,137,1356,65,1388,56,0,25.0,61.0,4.0,12.0,11.0,14.0,12.0,21.0,12.0,10.0,8.0,2.0,22.0,17.0,51.0,4.0,20.0,18.0,22.0,16.0,26.0,3.0,20.0,2.0,2.0,17.0,-9,0,10,7,-3
2005,137,1436,60,1393,57,1,19.55555555555556,52.44444444444444,6.222222222222222,18.666666666666668,8.0,9.77777777777778,11.555555555555555,15.11111111111111,12.444444444444445,14.22222222222222,8.88888888888889,0.0,10.666666666666666,20.444444444444443,48.888888888888886,2.6666666666666665,10.666666666666666,7.111111111111111,8.0,12.444444444444445,20.444444444444443,7.111111111111111,21.33333333333333,8.0,2.6666666666666665,10.666666666666666,-3,0,4,13,9
2005,137,1437,55,1307,47,0,15.0,53.0,8.0,29.0,17.0,24.0,18.0,29.0,9.0,20.0,12.0,4.0,15.0,17.0,57.0,4.0,25.0,9.0,12.0,12.0,23.0,6.0,17.0,9.0,4.0,20.0,-8,0,12,5,-7
2005,137,1458,57,1320,52,0,20.0,48.0,11.0,26.0,6.0,10.0,5.0,25.0,14.0,8.0,3.0,2.0,13.0,22.0,53.0,4.0,17.0,4.0,8.0,8.0,27.0,8.0,8.0,4.0,2.0,15.0,-5,0,11,6,-5
2005,138,1112,85,1412,63,0,30.0,57.0,7.0,22.0,18.0,23.0,11.0,28.0,16.0,16.0,7.0,7.0,14.0,21.0,64.0,6.0,30.0,15.0,18.0,15.0,17.0,15.0,14.0,9.0,2.0,22.0,-22,0,11,3,-8
2005,138,1228,71,1305,59,0,26.0,49.0,2.0,12.0,17.0,20.0,6.0,26.0,18.0,16.0,9.0,3.0,18.0,20.0,54.0,3.0,9.0,16.0,25.0,12.0,20.0,10.0,14.0,10.0,1.0,17.0,-12,0,9,1,-8
2005,138,1246,69,1153,60,0,25.0,49.0,7.0,12.0,12.0,18.0,7.0,29.0,16.0,15.0,7.0,5.0,17.0,20.0,61.0,7.0,26.0,13.0,19.0,16.0,21.0,10.0,10.0,4.0,4.0,19.0,-9,0,7,2,-5
2005,138,1403,71,1211,69,0,29.0,59.0,4.0,11.0,9.0,16.0,8.0,24.0,18.0,7.0,7.0,1.0,14.0,29.0,62.0,2.0,13.0,9.0,18.0,17.0,27.0,14.0,13.0,2.0,1.0,17.0,-2,0,3,6,3
2005,138,1428,67,1328,58,0,22.0,37.0,5.0,8.0,18.0,28.0,9.0,30.0,15.0,20.0,2.0,2.0,19.0,21.0,66.0,2.0,19.0,14.0,19.0,19.0,14.0,3.0,7.0,8.0,3.0,24.0,-9,0,3,6,3
2005,138,1449,97,1334,79,0,36.0,64.0,9.0,23.0,16.0,19.0,12.0,23.0,17.0,7.0,2.0,3.0,20.0,30.0,67.0,8.0,24.0,11.0,17.0,17.0,14.0,13.0,8.0,4.0,1.0,18.0,-18,0,8,1,-7
2005,138,1452,111,1448,105,2,29.6,56.0,5.6,16.8,24.0,31.2,8.0,20.0,16.0,8.8,4.0,4.0,20.8,28.8,56.8,7.2,18.4,19.2,28.8,13.6,23.2,18.4,14.4,5.6,2.4,22.4,-6,0,2,7,5
2005,138,1454,83,1130,75,0,26.0,55.0,11.0,24.0,20.0,22.0,10.0,16.0,17.0,16.0,11.0,5.0,26.0,23.0,50.0,4.0,11.0,25.0,35.0,15.0,21.0,16.0,22.0,6.0,2.0,22.0,-8,0,4,12,8
2005,139,1181,63,1280,55,0,19.0,50.0,8.0,21.0,17.0,21.0,13.0,30.0,8.0,16.0,8.0,6.0,22.0,20.0,62.0,4.0,13.0,11.0,21.0,18.0,21.0,9.0,10.0,7.0,5.0,19.0,-8,0,9,1,-8
2005,139,1257,76,1210,54,0,22.0,42.0,10.0,21.0,22.0,28.0,9.0,28.0,10.0,11.0,1.0,7.0,15.0,20.0,53.0,6.0,16.0,8.0,10.0,7.0,15.0,11.0,7.0,7.0,0.0,21.0,-22,0,5,4,-1
2005,139,1277,72,1436,61,0,27.0,56.0,2.0,12.0,16.0,22.0,12.0,27.0,12.0,9.0,4.0,4.0,16.0,22.0,70.0,7.0,22.0,10.0,14.0,23.0,18.0,5.0,9.0,4.0,0.0,19.0,-11,0,13,5,-8
2005,139,1301,65,1163,62,0,20.0,50.0,10.0,20.0,15.0,17.0,7.0,19.0,13.0,13.0,10.0,4.0,18.0,22.0,52.0,2.0,14.0,16.0,18.0,9.0,22.0,9.0,14.0,3.0,4.0,16.0,-3,0,2,10,8
2005,139,1314,92,1235,65,0,31.0,65.0,8.0,25.0,22.0,37.0,15.0,35.0,20.0,13.0,14.0,4.0,18.0,27.0,76.0,4.0,13.0,7.0,17.0,20.0,27.0,20.0,17.0,8.0,2.0,23.0,-27,0,9,1,-8
2005,139,1329,85,1356,77,0,25.0,46.0,6.0,12.0,29.0,33.0,8.0,22.0,18.0,14.0,3.0,0.0,23.0,23.0,56.0,6.0,19.0,25.0,30.0,12.0,16.0,14.0,11.0,8.0,0.0,28.0,-8,0,7,2,-5
2005,139,1437,76,1196,65,0,24.0,58.0,3.0,11.0,25.0,35.0,17.0,27.0,10.0,14.0,11.0,4.0,23.0,20.0,52.0,7.0,18.0,18.0,25.0,10.0,24.0,9.0,19.0,6.0,4.0,30.0,-11,0,4,5,1
2005,139,1458,71,1137,62,0,21.0,46.0,7.0,17.0,22.0,29.0,8.0,22.0,14.0,7.0,5.0,1.0,12.0,23.0,50.0,5.0,15.0,11.0,14.0,7.0,22.0,13.0,10.0,4.0,2.0,24.0,-9,0,14,6,-8
2005,143,1112,79,1329,78,0,31.0,47.0,7.0,14.0,10.0,17.0,8.0,23.0,17.0,14.0,3.0,5.0,17.0,29.0,66.0,10.0,23.0,10.0,13.0,16.0,11.0,17.0,8.0,10.0,0.0,17.0,-1,0,2,3,1
2005,143,1228,77,1454,63,0,28.0,57.0,9.0,20.0,12.0,15.0,8.0,25.0,20.0,9.0,7.0,2.0,20.0,22.0,57.0,7.0,29.0,12.0,18.0,13.0,22.0,12.0,12.0,4.0,3.0,12.0,-14,0,12,1,-11
2005,143,1257,93,1449,79,0,31.0,56.0,11.0,26.0,20.0,28.0,10.0,34.0,17.0,17.0,8.0,4.0,18.0,28.0,67.0,6.0,25.0,17.0,28.0,13.0,20.0,15.0,11.0,9.0,0.0,25.0,-14,0,1,4,3
2005,143,1452,65,1403,60,0,24.0,51.0,9.0,22.0,8.0,13.0,11.0,20.0,14.0,18.0,5.0,3.0,15.0,24.0,56.0,1.0,8.0,11.0,16.0,15.0,19.0,10.0,16.0,11.0,1.0,15.0,-5,0,6,7,1
2005,144,1246,62,1428,52,0,24.0,39.0,4.0,13.0,10.0,19.0,4.0,21.0,10.0,14.0,6.0,2.0,25.0,17.0,41.0,4.0,10.0,14.0,28.0,9.0,16.0,10.0,12.0,5.0,0.0,20.0,-10,0,6,2,-4
2005,144,1277,78,1181,68,0,27.0,65.0,5.0,14.0,19.0,23.0,16.0,22.0,12.0,16.0,13.0,0.0,22.0,22.0,51.0,7.0,23.0,17.0,24.0,9.0,24.0,8.0,22.0,11.0,2.0,22.0,-10,0,1,5,4
2005,144,1314,67,1437,66,0,20.0,48.0,8.0,19.0,19.0,24.0,12.0,30.0,11.0,17.0,3.0,3.0,24.0,23.0,61.0,8.0,28.0,12.0,19.0,14.0,19.0,7.0,9.0,5.0,5.0,21.0,-1,0,5,1,-4
2005,144,1458,65,1301,56,0,21.0,42.0,4.0,10.0,19.0,25.0,4.0,31.0,7.0,18.0,2.0,0.0,14.0,19.0,50.0,9.0,22.0,9.0,13.0,2.0,19.0,12.0,13.0,10.0,5.0,25.0,-9,0,10,6,-4
2005,145,1228,90,1112,89,1,28.444444444444443,63.11111111111112,14.22222222222222,31.11111111111111,8.88888888888889,13.333333333333334,12.444444444444445,16.0,18.666666666666668,11.555555555555555,10.666666666666666,1.7777777777777777,16.0,28.444444444444443,54.22222222222222,6.222222222222222,16.0,16.0,18.666666666666668,10.666666666666666,22.22222222222222,18.666666666666668,15.11111111111111,9.77777777777778,7.111111111111111,8.88888888888889,-1,0,3,1,-2
2005,145,1257,93,1452,85,1,28.444444444444443,51.55555555555556,9.77777777777778,24.88888888888889,16.0,25.77777777777778,13.333333333333334,16.88888888888889,16.88888888888889,9.77777777777778,7.111111111111111,3.555555555555556,16.0,23.11111111111111,41.77777777777778,16.0,24.0,13.333333333333334,16.88888888888889,3.555555555555556,13.333333333333334,20.444444444444443,12.444444444444445,4.444444444444445,1.7777777777777777,16.88888888888889,-8,0,7,4,-3
2005,146,1277,94,1246,88,2,24.0,51.2,8.0,15.2,19.2,24.0,13.6,18.4,12.0,10.4,4.8,2.4,16.0,24.8,55.2,7.2,15.2,13.6,18.4,12.8,16.8,11.2,8.8,5.6,2.4,20.0,-6,0,2,5,3
2005,146,1314,88,1458,82,0,34.0,64.0,5.0,16.0,15.0,18.0,12.0,21.0,19.0,9.0,5.0,5.0,15.0,30.0,61.0,11.0,24.0,11.0,13.0,10.0,19.0,17.0,12.0,5.0,0.0,17.0,-6,0,6,1,-5
2005,152,1228,72,1257,57,0,27.0,56.0,12.0,30.0,6.0,8.0,10.0,28.0,21.0,7.0,4.0,0.0,12.0,21.0,54.0,6.0,20.0,9.0,12.0,7.0,19.0,10.0,5.0,5.0,4.0,13.0,-15,0,4,1,-3
2005,152,1314,87,1277,71,0,35.0,71.0,6.0,20.0,11.0,17.0,13.0,38.0,18.0,13.0,5.0,6.0,17.0,25.0,74.0,7.0,23.0,14.0,18.0,15.0,27.0,15.0,12.0,10.0,4.0,19.0,-16,0,5,1,-4
2005,154,1314,75,1228,70,0,27.0,52.0,9.0,16.0,12.0,19.0,8.0,26.0,12.0,10.0,4.0,2.0,13.0,27.0,70.0,12.0,40.0,4.0,6.0,17.0,22.0,18.0,8.0,8.0,1.0,18.0,-5,0,1,1,0
2006,134,1284,71,1214,49,0,27.0,61.0,10.0,26.0,7.0,9.0,7.0,31.0,21.0,9.0,2.0,10.0,11.0,19.0,63.0,4.0,15.0,7.0,13.0,15.0,27.0,7.0,13.0,4.0,4.0,11.0,-22,0,16,16,0
2006,136,1104,90,1266,85,0,28.0,55.0,12.0,23.0,22.0,31.0,16.0,16.0,15.0,14.0,4.0,3.0,17.0,32.0,61.0,7.0,22.0,14.0,19.0,13.0,15.0,13.0,12.0,9.0,4.0,22.0,-5,0,7,10,3
2006,136,1130,88,1334,76,2,23.2,45.6,4.8,18.4,19.2,23.2,5.6,18.4,17.6,6.4,9.6,1.6,12.8,20.8,50.4,8.0,20.0,11.2,14.4,11.2,18.4,14.4,12.0,3.2,1.6,17.6,-12,0,13,4,-9
2006,136,1181,70,1380,54,0,24.0,49.0,5.0,15.0,17.0,20.0,9.0,26.0,15.0,20.0,9.0,8.0,11.0,22.0,62.0,4.0,13.0,6.0,10.0,16.0,16.0,8.0,16.0,14.0,4.0,20.0,-16,0,16,1,-15
2006,136,1196,76,1375,50,0,29.0,59.0,10.0,25.0,8.0,10.0,8.0,31.0,21.0,11.0,8.0,7.0,9.0,19.0,55.0,9.0,20.0,3.0,6.0,7.0,24.0,8.0,16.0,7.0,3.0,17.0,-26,0,14,3,-11
2006,136,1203,88,1423,85,1,27.55555555555556,58.66666666666666,8.88888888888889,19.55555555555556,14.22222222222222,19.55555555555556,13.333333333333334,16.88888888888889,14.22222222222222,8.88888888888889,5.333333333333333,0.8888888888888888,17.77777777777778,28.444444444444443,48.0,9.77777777777778,19.55555555555556,8.88888888888889,16.0,7.111111111111111,22.22222222222222,17.77777777777778,13.333333333333334,1.7777777777777777,0.8888888888888888,19.55555555555556,-3,0,9,8,-1
2006,136,1211,79,1462,75,0,26.0,50.0,6.0,12.0,21.0,27.0,8.0,25.0,11.0,10.0,4.0,4.0,25.0,21.0,51.0,10.0,28.0,23.0,33.0,10.0,21.0,14.0,8.0,4.0,1.0,20.0,-4,0,14,3,-11
2006,136,1228,78,1102,69,0,29.0,50.0,8.0,22.0,12.0,14.0,7.0,21.0,17.0,11.0,6.0,1.0,17.0,21.0,41.0,13.0,27.0,14.0,18.0,1.0,14.0,15.0,11.0,7.0,1.0,13.0,-9,0,13,4,-9
2006,136,1231,87,1361,83,0,35.0,71.0,8.0,26.0,9.0,16.0,15.0,16.0,14.0,9.0,11.0,0.0,16.0,31.0,55.0,10.0,18.0,11.0,15.0,10.0,26.0,15.0,16.0,7.0,2.0,19.0,-4,0,11,6,-5
2006,136,1261,80,1233,64,0,27.0,51.0,5.0,10.0,21.0,27.0,9.0,30.0,16.0,18.0,8.0,11.0,17.0,23.0,61.0,3.0,18.0,15.0,25.0,13.0,16.0,6.0,15.0,10.0,3.0,19.0,-16,0,13,4,-9
2006,136,1285,87,1305,79,0,29.0,56.0,6.0,12.0,23.0,27.0,10.0,22.0,18.0,8.0,2.0,2.0,12.0,33.0,70.0,5.0,18.0,8.0,10.0,17.0,19.0,15.0,9.0,5.0,7.0,23.0,-8,0,5,12,7
2006,136,1397,63,1457,61,0,24.0,53.0,5.0,21.0,10.0,14.0,11.0,22.0,12.0,13.0,6.0,6.0,15.0,22.0,56.0,7.0,24.0,10.0,17.0,15.0,20.0,14.0,15.0,7.0,3.0,15.0,-2,0,15,2,-13
2006,136,1401,66,1393,58,0,20.0,56.0,7.0,20.0,19.0,22.0,14.0,24.0,14.0,10.0,8.0,5.0,19.0,20.0,51.0,4.0,19.0,14.0,21.0,11.0,24.0,12.0,12.0,6.0,2.0,16.0,-8,0,5,12,7
2006,136,1417,78,1125,44,0,30.0,56.0,4.0,13.0,14.0,17.0,9.0,36.0,20.0,14.0,11.0,4.0,14.0,17.0,59.0,4.0,19.0,6.0,13.0,9.0,18.0,9.0,14.0,8.0,3.0,16.0,-34,0,15,2,-13
2006,136,1449,75,1429,61,0,28.0,59.0,12.0,27.0,7.0,8.0,5.0,17.0,16.0,7.0,11.0,1.0,14.0,25.0,51.0,3.0,13.0,8.0,10.0,9.0,26.0,14.0,22.0,3.0,2.0,14.0,-14,0,12,5,-7
2006,136,1454,82,1328,74,0,25.0,55.0,6.0,20.0,26.0,32.0,10.0,22.0,13.0,12.0,8.0,1.0,15.0,32.0,61.0,5.0,14.0,5.0,8.0,10.0,25.0,18.0,18.0,8.0,4.0,25.0,-8,0,6,11,5
2006,136,1455,86,1371,66,0,27.0,57.0,10.0,22.0,22.0,32.0,14.0,30.0,19.0,15.0,6.0,3.0,20.0,21.0,61.0,6.0,20.0,18.0,19.0,11.0,25.0,10.0,13.0,10.0,6.0,24.0,-20,0,10,7,-3
2006,137,1112,94,1458,75,0,35.0,59.0,5.0,10.0,19.0,23.0,11.0,25.0,19.0,9.0,9.0,6.0,19.0,25.0,58.0,10.0,20.0,15.0,22.0,12.0,15.0,19.0,10.0,4.0,3.0,17.0,-19,0,9,8,-1
2006,137,1133,77,1242,73,0,23.0,52.0,11.0,21.0,20.0,32.0,11.0,24.0,17.0,16.0,6.0,1.0,17.0,26.0,58.0,7.0,18.0,14.0,19.0,11.0,25.0,11.0,18.0,12.0,1.0,25.0,-4,0,4,13,9
2006,137,1137,59,1116,55,0,17.0,44.0,11.0,21.0,14.0,18.0,8.0,21.0,10.0,14.0,10.0,2.0,17.0,19.0,47.0,2.0,12.0,15.0,24.0,12.0,20.0,13.0,13.0,4.0,4.0,15.0,-4,0,8,9,1
2006,137,1163,72,1107,59,0,27.0,46.0,8.0,16.0,10.0,13.0,7.0,21.0,17.0,16.0,6.0,5.0,9.0,24.0,52.0,4.0,15.0,7.0,8.0,8.0,14.0,12.0,12.0,11.0,1.0,14.0,-13,0,16,1,-15
2006,137,1206,75,1277,65,0,29.0,49.0,5.0,12.0,12.0,26.0,10.0,30.0,7.0,14.0,4.0,6.0,10.0,26.0,60.0,10.0,26.0,3.0,5.0,6.0,18.0,17.0,10.0,2.0,2.0,23.0,-10,0,6,11,5
2006,137,1207,54,1320,49,0,20.0,46.0,5.0,19.0,9.0,14.0,8.0,24.0,15.0,9.0,4.0,4.0,12.0,17.0,48.0,7.0,26.0,8.0,12.0,9.0,22.0,10.0,8.0,4.0,3.0,15.0,-5,0,10,7,-3
2006,137,1246,69,1412,64,0,19.0,61.0,5.0,25.0,26.0,30.0,20.0,27.0,12.0,8.0,2.0,3.0,16.0,25.0,58.0,5.0,24.0,9.0,17.0,13.0,25.0,17.0,10.0,5.0,7.0,20.0,-5,0,9,8,-1
2006,137,1272,94,1331,78,0,37.0,61.0,11.0,22.0,9.0,16.0,12.0,21.0,16.0,13.0,10.0,2.0,21.0,28.0,53.0,7.0,15.0,15.0,20.0,7.0,17.0,14.0,13.0,4.0,4.0,17.0,-16,0,16,1,-15
2006,137,1301,58,1143,52,0,21.0,42.0,5.0,16.0,11.0,17.0,7.0,18.0,10.0,11.0,5.0,1.0,15.0,20.0,47.0,5.0,16.0,7.0,10.0,9.0,17.0,9.0,13.0,7.0,1.0,18.0,-6,0,7,10,3
2006,137,1314,69,1293,65,0,22.0,48.0,5.0,18.0,20.0,25.0,12.0,25.0,15.0,17.0,10.0,3.0,12.0,25.0,65.0,7.0,27.0,8.0,12.0,17.0,16.0,5.0,13.0,9.0,2.0,19.0,-4,0,14,3,-11
2006,137,1322,64,1234,63,0,23.0,60.0,9.0,23.0,9.0,14.0,14.0,17.0,17.0,11.0,9.0,4.0,21.0,18.0,41.0,6.0,18.0,21.0,26.0,9.0,27.0,10.0,19.0,4.0,5.0,17.0,-1,0,3,14,11
2006,137,1326,70,1172,62,0,26.0,65.0,5.0,22.0,13.0,23.0,15.0,28.0,10.0,4.0,2.0,4.0,13.0,26.0,68.0,5.0,22.0,5.0,7.0,14.0,30.0,13.0,9.0,1.0,3.0,20.0,-8,0,15,2,-13
2006,137,1338,79,1245,64,0,31.0,46.0,6.0,14.0,11.0,15.0,4.0,24.0,18.0,12.0,4.0,7.0,13.0,23.0,59.0,9.0,22.0,9.0,13.0,14.0,15.0,12.0,10.0,6.0,1.0,19.0,-15,0,12,5,-7
2006,137,1400,60,1335,52,0,18.0,45.0,2.0,10.0,22.0,26.0,14.0,28.0,7.0,11.0,4.0,6.0,14.0,17.0,53.0,10.0,27.0,8.0,13.0,11.0,10.0,10.0,8.0,4.0,1.0,20.0,-8,0,15,2,-13
2006,137,1437,58,1284,45,0,16.0,52.0,7.0,25.0,19.0,23.0,15.0,25.0,7.0,13.0,13.0,1.0,17.0,14.0,41.0,4.0,17.0,13.0,17.0,6.0,25.0,12.0,18.0,7.0,3.0,17.0,-13,0,16,1,-15
2006,137,1452,64,1356,46,0,22.0,50.0,11.0,32.0,9.0,11.0,9.0,22.0,15.0,11.0,8.0,3.0,10.0,20.0,47.0,4.0,13.0,2.0,4.0,6.0,20.0,12.0,15.0,7.0,2.0,14.0,-18,0,11,6,-5
2006,138,1130,69,1285,56,0,27.0,63.0,8.0,17.0,7.0,9.0,15.0,29.0,16.0,8.0,2.0,9.0,11.0,20.0,55.0,7.0,20.0,9.0,11.0,6.0,23.0,19.0,7.0,3.0,3.0,13.0,-13,0,12,4,-8
2006,138,1181,74,1203,61,0,21.0,44.0,6.0,16.0,26.0,37.0,9.0,30.0,12.0,18.0,4.0,10.0,15.0,21.0,68.0,5.0,18.0,14.0,19.0,19.0,20.0,10.0,14.0,8.0,3.0,29.0,-13,0,8,1,-7
2006,138,1196,82,1454,60,0,30.0,56.0,8.0,20.0,14.0,19.0,10.0,31.0,17.0,10.0,6.0,7.0,19.0,22.0,61.0,7.0,20.0,9.0,17.0,14.0,19.0,10.0,11.0,6.0,3.0,18.0,-22,0,11,3,-8
2006,138,1211,90,1231,80,0,28.0,61.0,2.0,11.0,32.0,41.0,14.0,27.0,13.0,7.0,9.0,2.0,14.0,31.0,69.0,16.0,36.0,2.0,6.0,14.0,24.0,18.0,13.0,2.0,3.0,29.0,-10,0,6,3,-3
2006,138,1261,58,1401,57,0,19.0,54.0,2.0,12.0,18.0,23.0,12.0,23.0,5.0,13.0,4.0,6.0,12.0,22.0,53.0,6.0,13.0,7.0,12.0,10.0,26.0,9.0,17.0,7.0,3.0,22.0,-1,0,12,4,-8
2006,138,1417,62,1104,59,0,24.0,47.0,9.0,25.0,5.0,13.0,7.0,14.0,17.0,11.0,5.0,4.0,20.0,19.0,39.0,2.0,11.0,19.0,25.0,10.0,20.0,10.0,15.0,7.0,3.0,15.0,-3,0,10,2,-8
2006,138,1449,67,1228,64,0,17.0,45.0,5.0,15.0,28.0,39.0,8.0,27.0,8.0,11.0,5.0,5.0,17.0,25.0,63.0,5.0,18.0,9.0,11.0,10.0,25.0,15.0,12.0,4.0,0.0,28.0,-3,0,4,5,1
2006,138,1455,80,1397,73,0,24.0,48.0,9.0,15.0,23.0,29.0,9.0,25.0,16.0,13.0,3.0,2.0,12.0,27.0,67.0,10.0,29.0,9.0,13.0,18.0,20.0,15.0,10.0,9.0,7.0,20.0,-7,0,2,7,5
2006,139,1133,72,1338,66,0,22.0,59.0,2.0,6.0,26.0,32.0,16.0,24.0,14.0,8.0,8.0,2.0,16.0,25.0,61.0,6.0,20.0,10.0,11.0,12.0,26.0,11.0,14.0,2.0,2.0,23.0,-6,0,5,13,8
2006,139,1163,87,1246,83,0,31.0,62.0,4.0,13.0,21.0,30.0,13.0,22.0,16.0,12.0,7.0,1.0,16.0,29.0,62.0,8.0,24.0,17.0,18.0,11.0,23.0,15.0,14.0,7.0,1.0,21.0,-4,0,8,1,-7
2006,139,1206,65,1314,60,0,23.0,58.0,4.0,16.0,15.0,19.0,11.0,27.0,14.0,8.0,7.0,2.0,8.0,23.0,64.0,10.0,30.0,4.0,4.0,13.0,27.0,16.0,13.0,3.0,10.0,15.0,-5,0,3,11,8
2006,139,1207,70,1326,52,0,27.0,58.0,6.0,14.0,10.0,12.0,12.0,25.0,18.0,8.0,6.0,5.0,10.0,19.0,47.0,5.0,16.0,9.0,9.0,3.0,21.0,10.0,11.0,4.0,4.0,14.0,-18,0,2,7,5
2006,139,1272,72,1137,56,0,23.0,48.0,7.0,16.0,19.0,26.0,7.0,18.0,15.0,9.0,10.0,2.0,20.0,15.0,41.0,2.0,12.0,24.0,29.0,11.0,22.0,8.0,19.0,4.0,0.0,20.0,-16,0,9,1,-8
2006,139,1400,75,1301,54,0,26.0,56.0,8.0,19.0,15.0,19.0,9.0,29.0,17.0,10.0,8.0,3.0,14.0,22.0,56.0,3.0,22.0,7.0,12.0,6.0,22.0,10.0,13.0,7.0,3.0,17.0,-21,0,10,2,-8
2006,139,1437,82,1112,78,0,28.0,52.0,9.0,19.0,17.0,20.0,12.0,19.0,13.0,13.0,6.0,4.0,19.0,28.0,65.0,5.0,17.0,17.0,20.0,20.0,14.0,15.0,10.0,7.0,2.0,19.0,-4,0,8,1,-7
2006,139,1452,67,1322,54,0,18.0,46.0,7.0,22.0,24.0,33.0,8.0,20.0,11.0,14.0,13.0,2.0,15.0,21.0,55.0,6.0,20.0,6.0,11.0,17.0,24.0,13.0,24.0,7.0,3.0,24.0,-13,0,14,6,-8
2006,143,1261,62,1181,54,0,24.0,61.0,2.0,7.0,12.0,23.0,16.0,29.0,14.0,15.0,7.0,9.0,16.0,18.0,65.0,5.0,26.0,13.0,16.0,17.0,27.0,12.0,16.0,9.0,5.0,18.0,-8,0,1,4,3
2006,143,1272,80,1133,64,0,31.0,60.0,6.0,15.0,12.0,18.0,11.0,30.0,11.0,13.0,10.0,7.0,18.0,20.0,60.0,5.0,16.0,19.0,27.0,14.0,21.0,6.0,17.0,4.0,3.0,18.0,-16,0,13,1,-12
2006,143,1400,74,1452,71,0,28.0,58.0,4.0,19.0,14.0,20.0,17.0,28.0,19.0,13.0,8.0,1.0,12.0,25.0,55.0,15.0,33.0,6.0,8.0,3.0,13.0,19.0,8.0,3.0,1.0,14.0,-3,0,6,2,-4
2006,143,1417,73,1211,71,0,23.0,57.0,6.0,21.0,21.0,30.0,12.0,20.0,12.0,10.0,5.0,4.0,22.0,24.0,51.0,3.0,10.0,20.0,26.0,11.0,26.0,14.0,17.0,3.0,4.0,22.0,-2,0,3,2,-1
2006,144,1163,98,1449,92,1,24.0,45.333333333333336,8.88888888888889,16.88888888888889,30.22222222222222,41.77777777777778,8.88888888888889,28.444444444444443,13.333333333333334,23.11111111111111,6.222222222222222,4.444444444444445,17.77777777777778,30.22222222222222,71.11111111111111,5.333333333333333,17.77777777777778,16.0,20.444444444444443,15.11111111111111,18.666666666666668,8.0,15.11111111111111,16.88888888888889,2.6666666666666665,29.33333333333333,-6,0,5,1,-4
2006,144,1196,57,1207,53,0,19.0,45.0,5.0,13.0,14.0,17.0,9.0,22.0,7.0,12.0,4.0,8.0,14.0,21.0,54.0,5.0,21.0,6.0,8.0,13.0,19.0,15.0,12.0,8.0,4.0,16.0,-4,0,7,3,-4
2006,144,1206,63,1455,55,0,20.0,44.0,8.0,16.0,15.0,23.0,2.0,30.0,12.0,9.0,5.0,5.0,16.0,20.0,64.0,3.0,24.0,12.0,17.0,17.0,26.0,8.0,9.0,4.0,1.0,21.0,-8,0,7,11,4
2006,144,1437,60,1130,59,1,18.666666666666668,53.333333333333336,3.555555555555556,16.88888888888889,12.444444444444445,17.77777777777778,13.333333333333334,18.666666666666668,8.0,9.77777777777778,9.77777777777778,1.7777777777777777,18.666666666666668,20.444444444444443,43.55555555555556,4.444444444444445,16.88888888888889,7.111111111111111,15.11111111111111,9.77777777777778,24.88888888888889,16.0,18.666666666666668,4.444444444444445,5.333333333333333,18.666666666666668,-1,0,4,1,-3
2006,145,1261,70,1400,60,1,24.88888888888889,58.66666666666666,2.6666666666666665,16.0,9.77777777777778,14.22222222222222,8.0,29.33333333333333,16.0,8.88888888888889,7.111111111111111,6.222222222222222,11.555555555555555,18.666666666666668,61.333333333333336,8.88888888888889,25.77777777777778,7.111111111111111,9.77777777777778,12.444444444444445,27.55555555555556,12.444444444444445,10.666666666666666,6.222222222222222,6.222222222222222,14.22222222222222,-10,0,2,4,2
2006,145,1417,50,1272,45,0,14.0,40.0,2.0,8.0,20.0,39.0,13.0,23.0,7.0,17.0,4.0,2.0,14.0,17.0,54.0,2.0,17.0,9.0,15.0,16.0,25.0,5.0,18.0,8.0,1.0,29.0,-5,0,1,2,1
2006,146,1196,75,1437,62,0,22.0,54.0,4.0,17.0,27.0,31.0,19.0,34.0,14.0,16.0,2.0,8.0,22.0,18.0,73.0,4.0,23.0,22.0,27.0,26.0,14.0,8.0,6.0,6.0,6.0,24.0,-13,0,1,3,2
2006,146,1206,86,1163,84,1,26.666666666666668,53.333333333333336,8.0,16.0,15.11111111111111,22.22222222222222,13.333333333333334,19.55555555555556,11.555555555555555,9.77777777777778,5.333333333333333,1.7777777777777777,15.11111111111111,27.55555555555556,58.66666666666666,6.222222222222222,19.55555555555556,13.333333333333334,16.88888888888889,12.444444444444445,17.77777777777778,13.333333333333334,8.0,5.333333333333333,6.222222222222222,17.77777777777778,-2,0,1,11,10
2006,152,1196,73,1206,58,0,23.0,53.0,12.0,25.0,15.0,19.0,16.0,24.0,8.0,15.0,5.0,4.0,12.0,23.0,56.0,2.0,11.0,10.0,14.0,11.0,16.0,6.0,11.0,8.0,2.0,15.0,-15,0,11,3,-8
2006,152,1417,59,1261,45,0,21.0,51.0,5.0,18.0,12.0,17.0,15.0,27.0,10.0,17.0,10.0,5.0,24.0,16.0,50.0,0.0,6.0,13.0,28.0,14.0,19.0,4.0,15.0,9.0,7.0,18.0,-14,0,4,2,-2
2006,154,1196,73,1417,57,0,26.0,58.0,6.0,19.0,15.0,20.0,9.0,26.0,21.0,6.0,7.0,10.0,13.0,22.0,61.0,3.0,17.0,10.0,14.0,14.0,26.0,11.0,12.0,3.0,1.0,22.0,-16,0,2,3,1
2007,134,1310,77,1197,69,0,24.0,62.0,8.0,27.0,21.0,28.0,17.0,25.0,10.0,11.0,5.0,2.0,17.0,29.0,64.0,4.0,17.0,7.0,18.0,15.0,27.0,13.0,13.0,6.0,3.0,26.0,-8,0,16,16,0
2007,136,1130,84,1403,75,0,30.0,57.0,8.0,20.0,16.0,20.0,11.0,24.0,16.0,8.0,3.0,9.0,10.0,30.0,65.0,7.0,17.0,8.0,9.0,11.0,16.0,11.0,6.0,4.0,0.0,15.0,-9,0,10,7,-3
2007,136,1139,57,1330,46,0,19.0,46.0,9.0,24.0,10.0,16.0,9.0,26.0,11.0,11.0,6.0,3.0,15.0,18.0,55.0,4.0,20.0,6.0,7.0,12.0,22.0,4.0,11.0,8.0,4.0,21.0,-11,0,12,5,-7
2007,136,1207,80,1125,55,0,29.0,53.0,7.0,16.0,15.0,20.0,12.0,27.0,17.0,12.0,9.0,4.0,16.0,20.0,56.0,6.0,26.0,9.0,17.0,15.0,15.0,10.0,12.0,6.0,1.0,16.0,-25,0,15,2,-13
2007,136,1231,70,1211,57,0,23.0,58.0,9.0,25.0,15.0,16.0,12.0,33.0,15.0,13.0,3.0,2.0,14.0,19.0,56.0,7.0,19.0,12.0,16.0,6.0,24.0,14.0,10.0,6.0,5.0,17.0,-13,0,10,7,-3
2007,136,1257,78,1390,58,0,25.0,51.0,7.0,17.0,21.0,28.0,8.0,18.0,12.0,13.0,11.0,1.0,25.0,21.0,51.0,3.0,12.0,13.0,27.0,17.0,20.0,10.0,21.0,2.0,1.0,22.0,-20,0,11,6,-5
2007,136,1268,82,1172,70,0,31.0,68.0,6.0,17.0,14.0,19.0,19.0,35.0,19.0,22.0,8.0,4.0,15.0,24.0,70.0,10.0,37.0,12.0,14.0,13.0,22.0,17.0,17.0,13.0,2.0,17.0,-12,0,13,4,-9
2007,136,1277,61,1266,49,0,22.0,41.0,4.0,10.0,13.0,15.0,4.0,24.0,17.0,15.0,6.0,3.0,18.0,15.0,47.0,10.0,29.0,9.0,15.0,12.0,17.0,7.0,15.0,6.0,4.0,19.0,-12,0,8,9,1
2007,136,1314,86,1184,65,0,37.0,57.0,6.0,13.0,6.0,11.0,11.0,27.0,24.0,22.0,7.0,6.0,8.0,28.0,59.0,6.0,22.0,3.0,6.0,6.0,10.0,14.0,16.0,12.0,1.0,13.0,-21,0,16,1,-15
2007,136,1326,78,1148,57,0,28.0,54.0,11.0,20.0,11.0,18.0,9.0,26.0,14.0,10.0,5.0,2.0,5.0,19.0,53.0,10.0,26.0,9.0,10.0,6.0,21.0,8.0,12.0,4.0,3.0,12.0,-21,0,16,1,-15
2007,136,1338,79,1460,58,0,30.0,55.0,10.0,21.0,9.0,14.0,8.0,36.0,21.0,17.0,3.0,7.0,12.0,23.0,69.0,5.0,20.0,7.0,12.0,13.0,17.0,12.0,8.0,9.0,1.0,15.0,-21,0,14,3,-11
2007,136,1401,68,1335,52,0,24.0,51.0,5.0,13.0,15.0,27.0,11.0,29.0,10.0,8.0,4.0,5.0,13.0,21.0,58.0,4.0,20.0,6.0,8.0,8.0,19.0,8.0,10.0,2.0,1.0,19.0,-16,0,14,3,-11
2007,136,1417,70,1451,42,0,27.0,58.0,10.0,19.0,6.0,9.0,13.0,22.0,18.0,13.0,6.0,5.0,18.0,13.0,38.0,1.0,6.0,15.0,22.0,6.0,19.0,8.0,17.0,5.0,3.0,13.0,-28,0,15,2,-13
2007,136,1433,79,1181,77,0,26.0,61.0,9.0,16.0,18.0,24.0,14.0,17.0,14.0,11.0,13.0,1.0,26.0,27.0,58.0,3.0,11.0,20.0,32.0,18.0,24.0,11.0,17.0,5.0,6.0,19.0,-2,0,6,11,5
2007,136,1435,77,1203,44,0,26.0,61.0,12.0,31.0,13.0,16.0,15.0,26.0,22.0,11.0,6.0,3.0,22.0,13.0,48.0,3.0,14.0,15.0,25.0,14.0,22.0,6.0,20.0,3.0,5.0,16.0,-33,0,11,6,-5
2007,136,1450,70,1331,54,0,27.0,57.0,5.0,13.0,11.0,12.0,11.0,25.0,12.0,6.0,3.0,8.0,16.0,19.0,53.0,6.0,21.0,10.0,16.0,14.0,20.0,11.0,12.0,3.0,4.0,13.0,-16,0,14,3,-11
2007,136,1462,79,1140,77,0,24.0,56.0,8.0,17.0,23.0,29.0,13.0,24.0,12.0,10.0,3.0,4.0,19.0,29.0,67.0,9.0,19.0,10.0,13.0,15.0,21.0,10.0,10.0,2.0,2.0,23.0,-2,0,8,9,1
2007,137,1196,112,1238,69,0,43.0,73.0,10.0,28.0,16.0,27.0,24.0,38.0,27.0,12.0,5.0,6.0,13.0,25.0,69.0,6.0,22.0,13.0,14.0,7.0,12.0,10.0,8.0,8.0,1.0,20.0,-43,0,16,1,-15
2007,137,1242,107,1310,67,0,40.0,74.0,13.0,22.0,14.0,26.0,13.0,37.0,29.0,12.0,14.0,7.0,26.0,21.0,66.0,2.0,19.0,23.0,34.0,16.0,27.0,9.0,21.0,12.0,1.0,17.0,-40,0,16,1,-15
2007,137,1246,67,1437,58,0,20.0,44.0,5.0,19.0,22.0,31.0,10.0,27.0,12.0,11.0,5.0,5.0,18.0,18.0,55.0,7.0,21.0,15.0,20.0,10.0,20.0,8.0,8.0,5.0,2.0,22.0,-9,0,9,8,-1
2007,137,1272,73,1317,58,0,25.0,62.0,4.0,16.0,19.0,27.0,20.0,25.0,12.0,16.0,6.0,8.0,19.0,19.0,53.0,4.0,10.0,16.0,22.0,11.0,23.0,12.0,19.0,6.0,5.0,25.0,-15,0,15,2,-13
2007,137,1305,77,1166,71,1,24.88888888888889,55.11111111111112,6.222222222222222,17.77777777777778,12.444444444444445,15.11111111111111,13.333333333333334,29.33333333333333,14.22222222222222,16.88888888888889,1.7777777777777777,8.0,14.22222222222222,26.666666666666668,63.11111111111112,2.6666666666666665,16.88888888888889,7.111111111111111,10.666666666666666,9.77777777777778,17.77777777777778,10.666666666666666,5.333333333333333,8.88888888888889,0.8888888888888888,15.11111111111111,-6,0,10,7,-3
2007,137,1332,58,1275,56,0,19.0,44.0,5.0,16.0,15.0,17.0,4.0,20.0,10.0,5.0,3.0,1.0,12.0,21.0,44.0,7.0,20.0,7.0,10.0,3.0,21.0,10.0,7.0,1.0,4.0,15.0,-2,0,14,3,-11
2007,137,1345,72,1112,63,0,24.0,63.0,5.0,17.0,19.0,29.0,19.0,20.0,10.0,8.0,12.0,1.0,18.0,21.0,51.0,4.0,15.0,17.0,18.0,9.0,23.0,16.0,17.0,6.0,6.0,23.0,-9,0,8,9,1
2007,137,1356,61,1221,51,0,18.0,41.0,2.0,12.0,23.0,30.0,9.0,19.0,11.0,18.0,9.0,3.0,21.0,14.0,42.0,1.0,11.0,22.0,31.0,11.0,19.0,10.0,20.0,9.0,0.0,23.0,-10,0,13,4,-9
2007,137,1397,121,1253,86,0,43.0,73.0,14.0,27.0,21.0,30.0,16.0,27.0,25.0,6.0,11.0,4.0,20.0,32.0,65.0,12.0,21.0,10.0,14.0,9.0,19.0,11.0,13.0,2.0,3.0,23.0,-35,0,12,5,-7
2007,137,1400,79,1308,67,0,25.0,51.0,4.0,16.0,25.0,26.0,9.0,21.0,11.0,15.0,8.0,4.0,14.0,25.0,62.0,7.0,25.0,10.0,12.0,16.0,18.0,14.0,17.0,5.0,0.0,22.0,-12,0,13,4,-9
2007,137,1424,67,1210,63,0,19.0,60.0,8.0,30.0,21.0,27.0,24.0,20.0,15.0,9.0,5.0,5.0,20.0,25.0,61.0,3.0,11.0,10.0,17.0,21.0,20.0,11.0,11.0,6.0,4.0,23.0,-4,0,10,7,-3
2007,137,1425,77,1116,60,0,25.0,50.0,4.0,13.0,23.0,25.0,9.0,30.0,10.0,12.0,8.0,5.0,18.0,21.0,57.0,3.0,20.0,15.0,20.0,10.0,16.0,5.0,11.0,5.0,3.0,20.0,-17,0,12,5,-7
2007,137,1438,84,1107,57,0,30.0,56.0,9.0,17.0,15.0,18.0,15.0,26.0,16.0,8.0,3.0,5.0,14.0,22.0,58.0,8.0,26.0,5.0,7.0,12.0,13.0,16.0,9.0,2.0,4.0,19.0,-27,0,13,4,-9
2007,137,1439,54,1228,52,0,15.0,42.0,6.0,14.0,18.0,28.0,4.0,18.0,11.0,9.0,11.0,4.0,12.0,19.0,45.0,6.0,17.0,8.0,15.0,9.0,28.0,12.0,21.0,3.0,1.0,22.0,-2,0,12,5,-7
2007,137,1457,74,1323,64,0,28.0,62.0,8.0,21.0,10.0,19.0,10.0,33.0,20.0,13.0,5.0,6.0,16.0,28.0,67.0,4.0,22.0,4.0,13.0,12.0,29.0,10.0,13.0,10.0,2.0,22.0,-10,0,6,11,5
2007,137,1458,76,1394,63,0,22.0,55.0,7.0,20.0,25.0,30.0,11.0,23.0,13.0,10.0,8.0,4.0,21.0,20.0,46.0,6.0,12.0,17.0,25.0,7.0,27.0,16.0,17.0,5.0,5.0,26.0,-13,0,15,2,-13
2007,138,1139,62,1268,59,0,23.0,52.0,12.0,26.0,4.0,6.0,8.0,15.0,14.0,12.0,10.0,0.0,15.0,23.0,49.0,6.0,11.0,7.0,15.0,14.0,23.0,13.0,17.0,4.0,8.0,13.0,-3,0,4,5,1
2007,138,1207,62,1130,55,0,22.0,52.0,4.0,16.0,14.0,19.0,17.0,21.0,12.0,10.0,6.0,7.0,14.0,21.0,55.0,6.0,21.0,7.0,11.0,16.0,17.0,9.0,9.0,6.0,3.0,17.0,-7,0,7,2,-5
2007,138,1314,81,1277,67,0,25.0,52.0,6.0,16.0,25.0,34.0,14.0,26.0,12.0,10.0,6.0,3.0,17.0,22.0,59.0,8.0,20.0,15.0,17.0,11.0,18.0,15.0,10.0,5.0,0.0,27.0,-14,0,9,1,-8
2007,138,1326,78,1462,71,1,23.11111111111111,56.0,8.0,18.666666666666668,15.11111111111111,17.77777777777778,10.666666666666666,29.33333333333333,8.88888888888889,12.444444444444445,4.444444444444445,5.333333333333333,16.88888888888889,23.11111111111111,54.22222222222222,7.111111111111111,20.444444444444443,9.77777777777778,14.22222222222222,4.444444444444445,20.444444444444443,11.555555555555555,8.0,3.555555555555556,1.7777777777777777,18.666666666666668,-7,0,9,1,-8
2007,138,1338,84,1433,79,1,27.55555555555556,50.66666666666666,5.333333333333333,10.666666666666666,14.22222222222222,24.0,12.444444444444445,24.88888888888889,17.77777777777778,14.22222222222222,4.444444444444445,5.333333333333333,15.11111111111111,25.77777777777778,63.11111111111112,6.222222222222222,20.444444444444443,12.444444444444445,15.11111111111111,13.333333333333334,16.88888888888889,11.555555555555555,6.222222222222222,8.0,2.6666666666666665,19.55555555555556,-5,0,11,3,-8
2007,138,1401,72,1257,69,0,19.0,41.0,5.0,8.0,29.0,39.0,6.0,19.0,9.0,11.0,6.0,1.0,23.0,20.0,45.0,5.0,18.0,24.0,31.0,8.0,22.0,5.0,14.0,3.0,7.0,28.0,-3,0,6,3,-3
2007,138,1417,54,1231,49,0,17.0,47.0,2.0,9.0,18.0,24.0,9.0,29.0,10.0,10.0,6.0,2.0,19.0,17.0,52.0,5.0,16.0,10.0,21.0,13.0,25.0,8.0,12.0,4.0,4.0,19.0,-5,0,7,2,-5
2007,138,1435,78,1450,74,2,21.6,50.4,8.0,21.6,11.2,14.4,8.8,22.4,10.4,13.6,9.6,1.6,13.6,21.6,48.0,5.6,15.2,10.4,13.6,7.2,21.6,12.8,15.2,8.0,3.2,12.8,-4,0,3,6,3
2007,139,1196,74,1345,67,0,21.0,42.0,5.0,18.0,27.0,31.0,7.0,24.0,11.0,15.0,7.0,4.0,14.0,28.0,59.0,5.0,17.0,6.0,13.0,11.0,17.0,15.0,12.0,12.0,1.0,23.0,-7,0,9,1,-8
2007,139,1242,88,1246,76,0,30.0,53.0,10.0,16.0,18.0,23.0,9.0,21.0,19.0,11.0,7.0,5.0,21.0,24.0,58.0,10.0,26.0,18.0,23.0,15.0,17.0,17.0,12.0,5.0,2.0,22.0,-12,0,8,1,-7
2007,139,1272,78,1305,62,0,23.0,59.0,6.0,17.0,26.0,34.0,16.0,24.0,10.0,10.0,7.0,5.0,16.0,21.0,57.0,5.0,21.0,15.0,17.0,10.0,20.0,16.0,14.0,5.0,5.0,22.0,-16,0,7,2,-5
2007,139,1332,75,1457,61,0,27.0,56.0,11.0,23.0,10.0,12.0,10.0,21.0,8.0,10.0,4.0,0.0,13.0,24.0,61.0,8.0,31.0,5.0,8.0,18.0,20.0,13.0,15.0,4.0,3.0,14.0,-14,0,11,3,-8
2007,139,1356,63,1439,48,0,19.0,43.0,12.0,21.0,13.0,23.0,6.0,24.0,11.0,9.0,5.0,3.0,19.0,19.0,46.0,2.0,13.0,8.0,16.0,5.0,24.0,3.0,11.0,3.0,2.0,21.0,-15,0,5,4,-1
2007,139,1397,77,1438,74,0,22.0,54.0,11.0,26.0,22.0,32.0,12.0,27.0,12.0,16.0,7.0,0.0,25.0,18.0,48.0,7.0,26.0,31.0,36.0,6.0,23.0,5.0,12.0,5.0,5.0,26.0,-3,0,4,5,1
2007,139,1424,74,1458,68,0,24.0,52.0,10.0,20.0,16.0,20.0,6.0,27.0,12.0,9.0,3.0,2.0,22.0,21.0,51.0,5.0,21.0,21.0,27.0,7.0,24.0,14.0,8.0,6.0,1.0,21.0,-6,0,2,7,5
2007,139,1425,87,1400,68,0,27.0,59.0,6.0,16.0,27.0,38.0,13.0,30.0,13.0,10.0,6.0,2.0,16.0,24.0,64.0,7.0,28.0,13.0,16.0,11.0,24.0,10.0,14.0,3.0,3.0,27.0,-19,0,4,5,1
2007,143,1242,61,1356,58,0,25.0,42.0,1.0,6.0,10.0,19.0,6.0,20.0,16.0,19.0,9.0,1.0,16.0,21.0,57.0,6.0,25.0,10.0,14.0,17.0,14.0,9.0,15.0,6.0,2.0,21.0,-3,0,4,1,-3
2007,143,1272,65,1401,64,0,23.0,54.0,5.0,17.0,14.0,21.0,11.0,20.0,8.0,8.0,2.0,6.0,15.0,28.0,59.0,3.0,10.0,5.0,10.0,12.0,24.0,14.0,8.0,4.0,0.0,20.0,-1,0,3,2,-1
2007,143,1326,85,1397,84,0,27.0,51.0,8.0,22.0,23.0,35.0,8.0,25.0,13.0,8.0,3.0,5.0,17.0,30.0,62.0,16.0,31.0,8.0,17.0,10.0,24.0,14.0,7.0,4.0,1.0,24.0,-1,0,5,1,-4
2007,143,1417,64,1338,55,0,18.0,42.0,5.0,13.0,23.0,26.0,6.0,27.0,10.0,14.0,1.0,2.0,18.0,20.0,55.0,7.0,16.0,8.0,14.0,8.0,19.0,13.0,10.0,5.0,2.0,23.0,-9,0,3,2,-1
2007,144,1196,65,1139,57,0,17.0,34.0,8.0,19.0,23.0,28.0,6.0,21.0,9.0,13.0,1.0,6.0,16.0,20.0,50.0,7.0,19.0,10.0,13.0,11.0,14.0,8.0,9.0,7.0,0.0,25.0,-8,0,5,1,-4
2007,144,1207,66,1435,65,0,25.0,56.0,8.0,19.0,8.0,14.0,16.0,24.0,14.0,11.0,3.0,3.0,18.0,21.0,51.0,9.0,27.0,14.0,20.0,8.0,18.0,17.0,5.0,5.0,4.0,16.0,-1,0,6,2,-4
2007,144,1314,74,1425,64,0,30.0,77.0,2.0,14.0,12.0,17.0,20.0,26.0,11.0,9.0,6.0,4.0,14.0,26.0,61.0,5.0,18.0,7.0,9.0,10.0,29.0,13.0,18.0,5.0,7.0,19.0,-10,0,5,1,-4
2007,144,1332,76,1424,72,0,23.0,48.0,13.0,23.0,17.0,22.0,7.0,30.0,11.0,17.0,4.0,3.0,20.0,28.0,74.0,9.0,33.0,7.0,12.0,19.0,19.0,13.0,8.0,8.0,3.0,21.0,-4,0,7,3,-4
2007,145,1326,92,1272,76,0,26.0,51.0,5.0,17.0,35.0,41.0,9.0,25.0,9.0,8.0,8.0,2.0,15.0,26.0,65.0,10.0,22.0,14.0,20.0,15.0,20.0,10.0,11.0,5.0,3.0,29.0,-16,0,2,1,-1
2007,145,1417,68,1242,55,0,24.0,45.0,8.0,17.0,12.0,18.0,10.0,21.0,12.0,25.0,15.0,3.0,14.0,23.0,56.0,4.0,8.0,5.0,11.0,14.0,14.0,17.0,21.0,17.0,6.0,19.0,-13,0,1,2,1
2007,146,1196,85,1332,77,0,23.0,48.0,11.0,24.0,28.0,43.0,15.0,24.0,10.0,18.0,5.0,5.0,14.0,27.0,58.0,8.0,22.0,15.0,16.0,8.0,16.0,13.0,13.0,8.0,2.0,30.0,-8,0,3,1,-2
2007,146,1207,96,1314,84,1,33.77777777777778,58.66666666666666,7.111111111111111,12.444444444444445,10.666666666666666,16.0,9.77777777777778,24.0,23.11111111111111,8.88888888888889,3.555555555555556,9.77777777777778,16.0,22.22222222222222,63.11111111111112,4.444444444444445,17.77777777777778,25.77777777777778,30.22222222222222,18.666666666666668,19.55555555555556,13.333333333333334,8.0,4.444444444444445,3.555555555555556,16.88888888888889,-12,0,1,2,1
2007,152,1196,76,1417,66,0,24.0,45.0,9.0,22.0,19.0,31.0,8.0,35.0,10.0,16.0,2.0,6.0,17.0,25.0,64.0,5.0,23.0,11.0,13.0,6.0,20.0,12.0,3.0,6.0,0.0,26.0,-10,0,2,1,-1
2007,152,1326,67,1207,60,0,25.0,57.0,4.0,14.0,13.0,19.0,16.0,21.0,13.0,8.0,8.0,3.0,10.0,25.0,51.0,7.0,21.0,3.0,8.0,9.0,21.0,17.0,14.0,3.0,3.0,15.0,-7,0,2,1,-1
2007,154,1196,84,1326,75,0,26.0,53.0,10.0,18.0,22.0,25.0,10.0,28.0,11.0,15.0,5.0,3.0,19.0,30.0,64.0,4.0,23.0,11.0,17.0,10.0,18.0,10.0,7.0,11.0,4.0,20.0,-9,0,1,1,0
2008,134,1291,69,1164,60,0,19.0,55.0,5.0,20.0,26.0,32.0,13.0,28.0,10.0,11.0,7.0,3.0,16.0,25.0,57.0,4.0,17.0,6.0,13.0,8.0,26.0,9.0,11.0,2.0,6.0,22.0,-9,0,16,16,0
2008,136,1181,71,1125,70,0,25.0,58.0,6.0,21.0,15.0,21.0,13.0,27.0,9.0,15.0,11.0,2.0,17.0,26.0,59.0,8.0,23.0,10.0,15.0,9.0,24.0,12.0,14.0,7.0,2.0,21.0,-1,0,15,2,-13
2008,136,1242,85,1340,61,0,33.0,61.0,12.0,25.0,7.0,15.0,15.0,23.0,21.0,11.0,10.0,3.0,15.0,21.0,55.0,9.0,25.0,10.0,14.0,13.0,18.0,11.0,16.0,8.0,3.0,18.0,-24,0,16,1,-15
2008,136,1243,80,1425,67,0,29.0,60.0,7.0,16.0,15.0,26.0,21.0,23.0,15.0,13.0,7.0,1.0,21.0,21.0,50.0,6.0,12.0,19.0,27.0,9.0,18.0,12.0,11.0,6.0,4.0,24.0,-13,0,6,11,5
2008,136,1266,74,1246,66,0,23.0,52.0,5.0,13.0,23.0,29.0,15.0,19.0,10.0,7.0,5.0,3.0,18.0,23.0,48.0,8.0,20.0,12.0,17.0,9.0,17.0,13.0,12.0,4.0,5.0,22.0,-8,0,11,6,-5
2008,136,1277,72,1396,61,0,26.0,54.0,4.0,15.0,16.0,18.0,10.0,27.0,19.0,12.0,4.0,2.0,18.0,21.0,56.0,6.0,23.0,13.0,19.0,11.0,18.0,13.0,11.0,7.0,2.0,12.0,-11,0,12,5,-7
2008,136,1323,68,1206,50,0,26.0,57.0,9.0,21.0,7.0,11.0,11.0,31.0,14.0,13.0,4.0,5.0,15.0,19.0,57.0,3.0,17.0,9.0,14.0,11.0,23.0,8.0,11.0,5.0,2.0,14.0,-18,0,12,5,-7
2008,136,1338,82,1331,63,0,32.0,69.0,8.0,22.0,10.0,13.0,16.0,34.0,17.0,9.0,5.0,1.0,13.0,22.0,63.0,9.0,22.0,10.0,15.0,11.0,22.0,10.0,10.0,6.0,5.0,11.0,-19,0,13,4,-9
2008,136,1345,90,1124,79,0,33.0,67.0,9.0,20.0,15.0,18.0,16.0,27.0,14.0,13.0,6.0,6.0,18.0,28.0,69.0,8.0,28.0,15.0,20.0,16.0,21.0,11.0,11.0,9.0,1.0,15.0,-11,0,11,6,-5
2008,136,1390,77,1165,53,0,31.0,56.0,8.0,18.0,7.0,10.0,13.0,34.0,20.0,19.0,5.0,7.0,15.0,18.0,59.0,8.0,26.0,9.0,13.0,10.0,15.0,7.0,11.0,8.0,3.0,17.0,-24,0,14,3,-11
2008,136,1401,67,1140,62,0,25.0,46.0,8.0,16.0,9.0,17.0,9.0,28.0,18.0,13.0,2.0,0.0,15.0,24.0,54.0,7.0,22.0,7.0,14.0,8.0,17.0,13.0,7.0,6.0,1.0,15.0,-5,0,8,9,1
2008,136,1417,70,1290,29,0,27.0,57.0,8.0,20.0,8.0,11.0,12.0,40.0,20.0,12.0,7.0,13.0,9.0,13.0,66.0,1.0,14.0,2.0,6.0,15.0,19.0,7.0,11.0,7.0,5.0,9.0,-41,0,16,1,-15
2008,136,1424,71,1245,58,0,29.0,57.0,6.0,18.0,7.0,9.0,7.0,29.0,16.0,19.0,11.0,7.0,16.0,21.0,59.0,5.0,17.0,11.0,15.0,12.0,22.0,9.0,20.0,10.0,1.0,14.0,-13,0,9,8,-1
2008,136,1450,71,1457,40,0,29.0,49.0,4.0,13.0,9.0,13.0,8.0,32.0,20.0,10.0,4.0,3.0,11.0,16.0,52.0,6.0,19.0,2.0,8.0,6.0,15.0,7.0,7.0,5.0,4.0,13.0,-31,0,13,4,-9
2008,136,1452,75,1112,65,0,28.0,55.0,11.0,19.0,8.0,9.0,6.0,21.0,16.0,9.0,6.0,3.0,17.0,21.0,46.0,6.0,15.0,17.0,21.0,6.0,21.0,12.0,12.0,3.0,3.0,14.0,-10,0,10,7,-3
2008,136,1458,71,1168,56,0,25.0,59.0,3.0,16.0,18.0,25.0,18.0,32.0,13.0,17.0,8.0,7.0,11.0,21.0,58.0,7.0,21.0,7.0,13.0,7.0,20.0,7.0,14.0,9.0,0.0,25.0,-15,0,14,3,-11
2008,136,1462,73,1208,61,0,20.0,47.0,6.0,18.0,27.0,33.0,6.0,23.0,11.0,8.0,9.0,1.0,12.0,26.0,55.0,6.0,18.0,3.0,5.0,6.0,24.0,10.0,14.0,4.0,3.0,22.0,-12,0,14,3,-11
2008,137,1116,86,1231,72,0,26.0,48.0,8.0,17.0,26.0,33.0,9.0,25.0,14.0,12.0,5.0,4.0,18.0,28.0,64.0,10.0,24.0,6.0,12.0,14.0,16.0,14.0,10.0,8.0,3.0,23.0,-14,0,8,9,1
2008,137,1139,81,1375,61,0,27.0,53.0,15.0,28.0,12.0,13.0,7.0,21.0,18.0,10.0,9.0,1.0,21.0,21.0,48.0,6.0,20.0,13.0,27.0,13.0,17.0,8.0,13.0,5.0,4.0,19.0,-20,0,10,7,-3
2008,137,1172,82,1211,76,0,28.0,57.0,11.0,22.0,15.0,21.0,10.0,19.0,18.0,14.0,9.0,1.0,18.0,28.0,55.0,12.0,27.0,8.0,14.0,11.0,23.0,14.0,19.0,11.0,1.0,19.0,-6,0,7,10,3
2008,137,1207,66,1420,47,0,26.0,51.0,8.0,23.0,6.0,14.0,11.0,29.0,14.0,15.0,6.0,2.0,12.0,16.0,50.0,8.0,26.0,7.0,13.0,9.0,20.0,8.0,12.0,12.0,0.0,16.0,-19,0,15,2,-13
2008,137,1257,79,1129,61,0,29.0,52.0,12.0,24.0,9.0,18.0,7.0,20.0,15.0,16.0,10.0,6.0,17.0,26.0,54.0,4.0,17.0,5.0,12.0,11.0,20.0,15.0,19.0,5.0,0.0,13.0,-18,0,14,3,-11
2008,137,1272,87,1426,63,0,28.0,54.0,9.0,20.0,22.0,35.0,16.0,23.0,18.0,12.0,7.0,5.0,18.0,24.0,55.0,4.0,13.0,11.0,21.0,12.0,17.0,16.0,14.0,5.0,3.0,23.0,-24,0,16,1,-15
2008,137,1274,78,1388,64,0,28.0,63.0,5.0,13.0,17.0,21.0,13.0,34.0,14.0,16.0,4.0,4.0,20.0,22.0,59.0,8.0,23.0,12.0,23.0,10.0,23.0,15.0,14.0,3.0,4.0,20.0,-14,0,10,7,-3
2008,137,1280,76,1332,69,0,24.0,51.0,4.0,17.0,24.0,36.0,8.0,32.0,16.0,12.0,5.0,6.0,15.0,22.0,64.0,9.0,38.0,16.0,19.0,11.0,25.0,13.0,10.0,6.0,2.0,26.0,-7,0,9,8,-1
2008,137,1314,113,1291,74,0,43.0,71.0,7.0,16.0,20.0,25.0,18.0,30.0,25.0,9.0,11.0,4.0,16.0,28.0,65.0,7.0,22.0,11.0,14.0,9.0,13.0,16.0,15.0,7.0,1.0,18.0,-39,0,16,1,-15
2008,137,1328,72,1386,64,0,24.0,42.0,6.0,14.0,18.0,26.0,6.0,19.0,14.0,9.0,5.0,2.0,18.0,24.0,49.0,6.0,14.0,10.0,14.0,9.0,15.0,11.0,12.0,4.0,0.0,22.0,-8,0,11,6,-5
2008,137,1360,70,1163,69,1,27.55555555555556,57.77777777777778,3.555555555555556,10.666666666666666,3.555555555555556,6.222222222222222,10.666666666666666,16.88888888888889,11.555555555555555,9.77777777777778,9.77777777777778,3.555555555555556,18.666666666666668,22.22222222222222,51.55555555555556,2.6666666666666665,5.333333333333333,14.22222222222222,17.77777777777778,14.22222222222222,22.22222222222222,12.444444444444445,13.333333333333334,4.444444444444445,3.555555555555556,14.22222222222222,-1,0,4,13,9
2008,137,1373,83,1435,62,0,26.0,46.0,9.0,20.0,22.0,25.0,5.0,24.0,16.0,17.0,10.0,0.0,11.0,25.0,61.0,4.0,20.0,8.0,12.0,14.0,17.0,12.0,16.0,9.0,0.0,19.0,-21,0,4,13,9
2008,137,1397,72,1110,57,0,22.0,45.0,6.0,19.0,22.0,31.0,6.0,21.0,13.0,14.0,12.0,3.0,16.0,21.0,58.0,9.0,25.0,6.0,12.0,18.0,21.0,9.0,22.0,5.0,3.0,26.0,-15,0,15,2,-13
2008,137,1400,74,1122,54,0,27.0,55.0,10.0,22.0,10.0,18.0,15.0,29.0,17.0,11.0,2.0,6.0,16.0,17.0,59.0,6.0,23.0,14.0,21.0,18.0,17.0,10.0,7.0,4.0,1.0,19.0,-20,0,15,2,-13
2008,137,1437,75,1155,69,0,22.0,44.0,7.0,13.0,24.0,29.0,5.0,31.0,8.0,19.0,6.0,1.0,15.0,23.0,60.0,9.0,33.0,14.0,23.0,12.0,19.0,9.0,14.0,8.0,3.0,24.0,-6,0,5,12,7
2008,137,1443,101,1179,99,1,32.888888888888886,60.44444444444444,12.444444444444445,24.88888888888889,11.555555555555555,16.88888888888889,11.555555555555555,24.88888888888889,16.0,19.55555555555556,4.444444444444445,3.555555555555556,25.77777777777778,23.11111111111111,61.333333333333336,14.22222222222222,37.333333333333336,27.55555555555556,33.77777777777778,16.88888888888889,17.77777777777778,16.0,13.333333333333334,7.111111111111111,3.555555555555556,18.666666666666668,-2,0,5,12,7
2008,138,1242,75,1424,56,0,29.0,50.0,5.0,13.0,12.0,19.0,7.0,29.0,9.0,10.0,7.0,1.0,26.0,12.0,45.0,5.0,22.0,27.0,34.0,9.0,17.0,6.0,10.0,6.0,1.0,20.0,-19,0,8,1,-7
2008,138,1277,65,1338,54,0,25.0,52.0,6.0,10.0,9.0,9.0,10.0,27.0,12.0,15.0,1.0,3.0,17.0,17.0,52.0,2.0,17.0,18.0,19.0,9.0,17.0,4.0,9.0,8.0,9.0,16.0,-11,0,4,5,1
2008,138,1390,82,1266,81,1,24.88888888888889,53.333333333333336,6.222222222222222,12.444444444444445,16.88888888888889,24.88888888888889,9.77777777777778,24.0,20.444444444444443,7.111111111111111,3.555555555555556,3.555555555555556,12.444444444444445,27.55555555555556,64.88888888888889,8.88888888888889,26.666666666666668,8.0,10.666666666666666,15.11111111111111,24.88888888888889,13.333333333333334,8.0,2.6666666666666665,2.6666666666666665,21.33333333333333,-1,0,6,3,-3
2008,138,1417,51,1401,49,0,19.0,44.0,6.0,18.0,7.0,11.0,8.0,21.0,7.0,14.0,7.0,11.0,16.0,22.0,51.0,2.0,10.0,3.0,7.0,10.0,19.0,12.0,11.0,2.0,2.0,15.0,-2,0,9,1,-8
2008,138,1450,61,1323,41,0,24.0,54.0,4.0,17.0,9.0,14.0,8.0,29.0,14.0,7.0,8.0,2.0,15.0,13.0,53.0,3.0,17.0,12.0,13.0,12.0,26.0,7.0,13.0,3.0,3.0,16.0,-20,0,5,4,-1
2008,138,1452,73,1181,67,0,25.0,62.0,4.0,11.0,19.0,22.0,19.0,28.0,12.0,17.0,1.0,5.0,25.0,19.0,50.0,5.0,22.0,24.0,32.0,7.0,20.0,6.0,13.0,6.0,3.0,23.0,-6,0,2,7,5
2008,138,1458,72,1243,55,0,24.0,46.0,9.0,22.0,15.0,24.0,4.0,22.0,10.0,10.0,3.0,0.0,18.0,21.0,53.0,0.0,13.0,13.0,16.0,12.0,24.0,4.0,13.0,4.0,1.0,23.0,-17,0,11,3,-8
2008,138,1462,85,1345,78,0,27.0,50.0,5.0,12.0,26.0,33.0,5.0,29.0,12.0,14.0,5.0,3.0,17.0,26.0,67.0,8.0,21.0,18.0,23.0,13.0,24.0,9.0,10.0,8.0,4.0,26.0,-7,0,6,3,-3
2008,139,1172,74,1207,70,0,22.0,57.0,6.0,28.0,24.0,30.0,12.0,16.0,10.0,5.0,6.0,0.0,20.0,26.0,41.0,10.0,18.0,8.0,17.0,7.0,23.0,11.0,20.0,2.0,3.0,27.0,-4,0,2,10,8
2008,139,1257,78,1328,48,0,32.0,54.0,9.0,17.0,5.0,15.0,10.0,23.0,24.0,12.0,7.0,3.0,18.0,15.0,47.0,5.0,18.0,13.0,19.0,10.0,18.0,9.0,16.0,3.0,3.0,18.0,-30,0,6,3,-3
2008,139,1272,77,1280,74,0,28.0,63.0,6.0,16.0,15.0,32.0,19.0,26.0,19.0,5.0,3.0,11.0,16.0,26.0,60.0,8.0,19.0,14.0,20.0,11.0,26.0,9.0,8.0,2.0,7.0,23.0,-3,0,8,1,-7
2008,139,1314,108,1116,77,0,44.0,65.0,8.0,16.0,12.0,17.0,11.0,21.0,28.0,7.0,3.0,5.0,18.0,28.0,59.0,5.0,18.0,16.0,23.0,14.0,13.0,11.0,9.0,5.0,3.0,13.0,-31,0,9,1,-8
2008,139,1397,76,1139,71,1,23.11111111111111,52.44444444444444,4.444444444444445,16.88888888888889,16.88888888888889,25.77777777777778,14.22222222222222,26.666666666666668,10.666666666666666,17.77777777777778,4.444444444444445,2.6666666666666665,21.33333333333333,19.55555555555556,54.22222222222222,8.0,23.11111111111111,16.0,24.88888888888889,13.333333333333334,21.33333333333333,9.77777777777778,12.444444444444445,9.77777777777778,0.8888888888888888,22.22222222222222,-5,0,7,2,-5
2008,139,1400,75,1274,72,0,25.0,57.0,13.0,26.0,12.0,21.0,16.0,25.0,17.0,13.0,3.0,7.0,19.0,22.0,55.0,9.0,22.0,19.0,22.0,8.0,22.0,10.0,9.0,4.0,3.0,19.0,-3,0,7,2,-5
2008,139,1437,84,1373,72,0,30.0,56.0,6.0,13.0,18.0,24.0,6.0,31.0,15.0,15.0,8.0,2.0,27.0,20.0,56.0,6.0,21.0,26.0,39.0,10.0,24.0,9.0,13.0,8.0,4.0,19.0,-12,0,13,12,-1
2008,139,1443,72,1360,63,0,25.0,52.0,6.0,16.0,16.0,21.0,8.0,23.0,11.0,14.0,13.0,6.0,19.0,21.0,47.0,4.0,15.0,17.0,28.0,8.0,22.0,11.0,17.0,8.0,2.0,20.0,-9,0,13,12,-1
2008,143,1257,79,1397,60,0,26.0,50.0,4.0,14.0,23.0,30.0,9.0,34.0,14.0,20.0,6.0,7.0,23.0,19.0,56.0,5.0,20.0,17.0,25.0,8.0,20.0,12.0,17.0,11.0,1.0,26.0,-19,0,2,3,1
2008,143,1314,68,1450,47,0,25.0,58.0,5.0,15.0,13.0,19.0,14.0,32.0,11.0,13.0,5.0,5.0,16.0,18.0,57.0,2.0,16.0,9.0,15.0,9.0,23.0,9.0,10.0,6.0,5.0,18.0,-21,0,4,1,-3
2008,143,1417,88,1443,78,0,29.0,58.0,4.0,9.0,26.0,35.0,17.0,34.0,17.0,19.0,6.0,8.0,22.0,25.0,72.0,9.0,24.0,19.0,26.0,18.0,18.0,12.0,11.0,11.0,4.0,24.0,-10,0,12,1,-11
2008,143,1462,79,1452,75,1,24.88888888888889,52.44444444444444,9.77777777777778,16.88888888888889,10.666666666666666,18.666666666666668,13.333333333333334,23.11111111111111,14.22222222222222,10.666666666666666,2.6666666666666665,4.444444444444445,22.22222222222222,24.88888888888889,58.66666666666666,0.8888888888888888,9.77777777777778,16.0,24.0,15.11111111111111,18.666666666666668,14.22222222222222,7.111111111111111,4.444444444444445,5.333333333333333,18.666666666666668,-4,0,7,3,-4
2008,144,1172,73,1458,56,0,26.0,53.0,12.0,24.0,9.0,12.0,11.0,17.0,18.0,7.0,9.0,0.0,19.0,17.0,46.0,8.0,23.0,14.0,21.0,14.0,17.0,9.0,12.0,2.0,3.0,13.0,-17,0,3,10,7
2008,144,1242,72,1437,57,0,24.0,45.0,8.0,19.0,16.0,20.0,7.0,26.0,16.0,18.0,8.0,5.0,18.0,21.0,59.0,3.0,17.0,12.0,18.0,15.0,15.0,5.0,14.0,10.0,2.0,17.0,-15,0,12,1,-11
2008,144,1272,92,1277,74,0,31.0,59.0,4.0,13.0,26.0,35.0,17.0,22.0,13.0,9.0,9.0,7.0,16.0,29.0,59.0,5.0,18.0,11.0,17.0,11.0,17.0,18.0,12.0,2.0,3.0,28.0,-18,0,5,1,-4
2008,144,1400,82,1390,62,0,32.0,65.0,7.0,22.0,11.0,18.0,14.0,28.0,16.0,6.0,7.0,5.0,14.0,22.0,65.0,6.0,17.0,12.0,18.0,19.0,23.0,13.0,10.0,5.0,4.0,14.0,-20,0,3,2,-1
2008,145,1314,83,1257,73,0,31.0,58.0,3.0,11.0,18.0,21.0,15.0,18.0,16.0,14.0,9.0,0.0,17.0,29.0,55.0,6.0,19.0,9.0,16.0,13.0,14.0,15.0,19.0,7.0,5.0,19.0,-10,0,3,1,-2
2008,145,1417,76,1462,57,0,28.0,52.0,7.0,15.0,13.0,18.0,13.0,24.0,17.0,14.0,6.0,6.0,19.0,21.0,58.0,4.0,19.0,11.0,16.0,14.0,14.0,12.0,9.0,6.0,1.0,15.0,-19,0,3,1,-2
2008,146,1242,59,1172,57,0,23.0,52.0,5.0,14.0,8.0,14.0,10.0,28.0,12.0,14.0,5.0,5.0,16.0,22.0,57.0,8.0,27.0,5.0,12.0,9.0,21.0,17.0,9.0,7.0,2.0,15.0,-2,0,10,1,-9
2008,146,1272,85,1400,67,0,26.0,52.0,3.0,11.0,30.0,36.0,7.0,32.0,18.0,7.0,4.0,5.0,13.0,25.0,69.0,9.0,28.0,8.0,9.0,13.0,23.0,13.0,8.0,5.0,4.0,25.0,-18,0,2,1,-1
2008,152,1242,84,1314,66,0,34.0,64.0,5.0,15.0,11.0,14.0,11.0,31.0,17.0,19.0,10.0,9.0,21.0,24.0,67.0,5.0,24.0,13.0,15.0,13.0,20.0,7.0,18.0,7.0,3.0,14.0,-18,0,1,1,0
2008,152,1272,78,1417,63,0,27.0,64.0,4.0,12.0,20.0,23.0,15.0,28.0,10.0,9.0,7.0,6.0,14.0,24.0,64.0,4.0,13.0,11.0,13.0,12.0,24.0,8.0,12.0,6.0,4.0,17.0,-15,0,1,1,0
2008,154,1242,75,1272,68,1,25.77777777777778,48.888888888888886,2.6666666666666665,10.666666666666666,12.444444444444445,13.333333333333334,8.0,26.666666666666668,12.444444444444445,15.11111111111111,9.77777777777778,0.8888888888888888,16.0,22.22222222222222,55.11111111111112,5.333333333333333,19.55555555555556,10.666666666666666,16.88888888888889,9.77777777777778,15.11111111111111,12.444444444444445,11.555555555555555,9.77777777777778,2.6666666666666665,15.11111111111111,-7,0,1,1,0
2009,134,1287,58,1106,43,0,18.0,50.0,4.0,15.0,18.0,24.0,16.0,34.0,13.0,21.0,6.0,2.0,14.0,18.0,58.0,2.0,15.0,5.0,11.0,9.0,18.0,4.0,13.0,7.0,6.0,18.0,-15,0,16,16,0
2009,136,1163,103,1151,47,0,37.0,71.0,6.0,24.0,23.0,39.0,17.0,41.0,28.0,10.0,12.0,6.0,11.0,17.0,66.0,5.0,25.0,8.0,10.0,9.0,25.0,11.0,19.0,5.0,2.0,27.0,-56,0,16,1,-15
2009,136,1181,86,1127,62,0,28.0,57.0,9.0,20.0,21.0,25.0,17.0,21.0,21.0,15.0,6.0,3.0,14.0,27.0,51.0,7.0,15.0,1.0,5.0,6.0,14.0,9.0,18.0,9.0,4.0,21.0,-24,0,15,2,-13
2009,136,1211,77,1103,64,0,23.0,44.0,5.0,15.0,26.0,31.0,7.0,27.0,15.0,8.0,5.0,5.0,18.0,21.0,57.0,10.0,23.0,12.0,18.0,11.0,15.0,15.0,8.0,0.0,1.0,23.0,-13,0,13,4,-9
2009,136,1261,75,1139,71,0,27.0,55.0,6.0,14.0,15.0,21.0,9.0,21.0,14.0,11.0,11.0,8.0,20.0,22.0,52.0,8.0,23.0,19.0,26.0,13.0,21.0,12.0,15.0,3.0,1.0,20.0,-4,0,9,8,-1
2009,136,1268,84,1143,71,0,31.0,63.0,6.0,16.0,16.0,24.0,16.0,20.0,18.0,9.0,5.0,1.0,17.0,25.0,59.0,7.0,24.0,14.0,19.0,14.0,21.0,12.0,14.0,2.0,2.0,22.0,-13,0,7,10,3
2009,136,1272,81,1169,70,0,29.0,59.0,11.0,28.0,12.0,21.0,12.0,23.0,19.0,14.0,14.0,3.0,16.0,24.0,54.0,7.0,18.0,15.0,20.0,10.0,22.0,10.0,17.0,8.0,2.0,18.0,-11,0,15,2,-13
2009,136,1276,62,1155,59,0,20.0,51.0,10.0,26.0,12.0,15.0,9.0,24.0,16.0,14.0,5.0,3.0,11.0,21.0,65.0,5.0,22.0,12.0,14.0,21.0,23.0,14.0,11.0,8.0,7.0,19.0,-3,0,7,10,3
2009,136,1314,101,1347,58,0,38.0,84.0,5.0,14.0,20.0,24.0,20.0,39.0,17.0,12.0,11.0,8.0,13.0,22.0,80.0,5.0,17.0,9.0,14.0,20.0,28.0,9.0,18.0,9.0,6.0,17.0,-43,0,16,1,-15
2009,136,1328,82,1288,54,0,29.0,48.0,4.0,12.0,20.0,32.0,7.0,38.0,15.0,15.0,5.0,6.0,11.0,22.0,77.0,6.0,23.0,4.0,8.0,20.0,16.0,10.0,7.0,9.0,1.0,24.0,-28,0,15,2,-13
2009,136,1345,61,1320,56,0,21.0,52.0,3.0,15.0,16.0,22.0,10.0,22.0,11.0,10.0,8.0,3.0,13.0,20.0,54.0,7.0,22.0,9.0,11.0,9.0,21.0,13.0,14.0,6.0,3.0,20.0,-5,0,12,5,-7
2009,136,1400,76,1278,62,0,27.0,57.0,11.0,20.0,11.0,19.0,14.0,27.0,12.0,14.0,6.0,1.0,18.0,22.0,54.0,4.0,13.0,14.0,19.0,8.0,22.0,12.0,12.0,6.0,2.0,20.0,-14,0,10,7,-3
2009,136,1401,79,1140,66,0,30.0,52.0,6.0,17.0,13.0,19.0,7.0,28.0,20.0,14.0,2.0,6.0,15.0,23.0,59.0,7.0,16.0,13.0,18.0,7.0,19.0,15.0,10.0,11.0,1.0,20.0,-13,0,8,9,1
2009,136,1417,65,1433,64,0,21.0,52.0,6.0,12.0,17.0,19.0,9.0,24.0,9.0,12.0,9.0,1.0,20.0,20.0,49.0,6.0,15.0,18.0,25.0,10.0,21.0,14.0,12.0,5.0,4.0,17.0,-1,0,11,6,-5
2009,136,1437,80,1110,67,0,24.0,50.0,6.0,18.0,26.0,29.0,10.0,28.0,15.0,16.0,8.0,8.0,12.0,27.0,62.0,10.0,31.0,3.0,5.0,7.0,17.0,16.0,12.0,8.0,1.0,24.0,-13,0,14,3,-11
2009,136,1443,76,1228,72,0,27.0,56.0,9.0,19.0,13.0,22.0,9.0,28.0,13.0,15.0,8.0,4.0,12.0,31.0,63.0,5.0,18.0,5.0,7.0,5.0,24.0,14.0,12.0,9.0,3.0,24.0,-4,0,5,12,7
2009,136,1449,71,1280,58,0,27.0,62.0,2.0,9.0,15.0,21.0,17.0,28.0,13.0,15.0,5.0,0.0,21.0,20.0,58.0,5.0,18.0,13.0,19.0,14.0,21.0,5.0,17.0,5.0,5.0,22.0,-13,0,13,4,-9
2009,137,1112,84,1428,71,0,30.0,55.0,4.0,12.0,20.0,28.0,11.0,23.0,11.0,14.0,13.0,2.0,15.0,27.0,64.0,8.0,32.0,9.0,13.0,16.0,19.0,16.0,20.0,7.0,3.0,22.0,-13,0,5,12,7
2009,137,1113,66,1396,57,0,20.0,39.0,8.0,14.0,18.0,24.0,3.0,24.0,12.0,11.0,4.0,1.0,14.0,19.0,51.0,6.0,17.0,13.0,17.0,9.0,20.0,13.0,9.0,5.0,4.0,16.0,-9,0,11,6,-5
2009,137,1156,84,1448,69,0,31.0,65.0,6.0,15.0,16.0,22.0,14.0,18.0,15.0,6.0,9.0,1.0,17.0,26.0,50.0,5.0,13.0,12.0,17.0,10.0,23.0,10.0,18.0,4.0,13.0,20.0,-15,0,4,13,9
2009,137,1173,68,1452,60,0,25.0,54.0,4.0,10.0,14.0,23.0,13.0,19.0,14.0,9.0,5.0,2.0,22.0,18.0,49.0,5.0,20.0,19.0,25.0,15.0,22.0,10.0,11.0,2.0,4.0,21.0,-8,0,6,11,5
2009,137,1242,84,1295,74,0,32.0,64.0,4.0,12.0,16.0,20.0,10.0,29.0,17.0,5.0,5.0,2.0,17.0,26.0,62.0,10.0,24.0,12.0,15.0,9.0,25.0,9.0,9.0,3.0,4.0,21.0,-10,0,14,3,-11
2009,137,1257,74,1287,54,0,29.0,50.0,10.0,24.0,6.0,11.0,8.0,21.0,19.0,19.0,9.0,4.0,16.0,20.0,52.0,4.0,11.0,10.0,14.0,13.0,14.0,12.0,20.0,4.0,1.0,10.0,-20,0,16,1,-15
2009,137,1266,58,1429,57,0,17.0,47.0,5.0,19.0,19.0,23.0,10.0,22.0,7.0,9.0,4.0,2.0,14.0,22.0,53.0,7.0,23.0,6.0,8.0,7.0,19.0,11.0,9.0,2.0,3.0,21.0,-1,0,11,6,-5
2009,137,1277,77,1352,62,0,28.0,61.0,4.0,13.0,17.0,23.0,17.0,32.0,15.0,10.0,6.0,4.0,15.0,25.0,61.0,5.0,17.0,7.0,13.0,8.0,20.0,16.0,6.0,8.0,7.0,17.0,-15,0,15,2,-13
2009,137,1281,78,1165,59,0,28.0,59.0,5.0,20.0,17.0,19.0,9.0,28.0,19.0,4.0,4.0,1.0,11.0,23.0,64.0,6.0,21.0,7.0,12.0,17.0,23.0,11.0,9.0,1.0,0.0,15.0,-19,0,14,3,-11
2009,137,1329,77,1397,75,0,30.0,53.0,7.0,21.0,10.0,13.0,8.0,23.0,13.0,12.0,5.0,0.0,19.0,24.0,56.0,11.0,33.0,16.0,21.0,11.0,17.0,16.0,11.0,4.0,1.0,16.0,-2,0,9,8,-1
2009,137,1338,72,1190,62,0,24.0,55.0,7.0,19.0,17.0,23.0,9.0,38.0,16.0,18.0,5.0,3.0,16.0,23.0,75.0,4.0,22.0,12.0,24.0,20.0,24.0,12.0,9.0,6.0,3.0,17.0,-10,0,16,1,-15
2009,137,1373,74,1326,72,2,19.2,57.6,4.8,19.2,16.0,22.4,18.4,24.0,10.4,17.6,7.2,2.4,14.4,19.2,48.0,5.6,20.0,13.6,18.4,7.2,22.4,12.0,16.0,4.0,5.6,16.8,-2,0,8,9,1
2009,137,1393,59,1372,44,0,25.0,55.0,2.0,16.0,7.0,10.0,12.0,43.0,14.0,21.0,3.0,11.0,12.0,18.0,73.0,2.0,21.0,6.0,10.0,14.0,20.0,10.0,6.0,10.0,1.0,11.0,-15,0,14,3,-11
2009,137,1425,72,1130,55,0,27.0,51.0,4.0,9.0,14.0,19.0,11.0,24.0,19.0,13.0,7.0,6.0,18.0,18.0,55.0,6.0,23.0,13.0,14.0,13.0,17.0,13.0,15.0,5.0,3.0,21.0,-17,0,7,10,3
2009,137,1458,61,1199,59,1,19.55555555555556,48.0,8.0,24.0,7.111111111111111,10.666666666666666,4.444444444444445,18.666666666666668,8.88888888888889,8.0,3.555555555555556,1.7777777777777777,14.22222222222222,17.77777777777778,40.888888888888886,3.555555555555556,11.555555555555555,13.333333333333334,16.0,3.555555555555556,25.77777777777778,5.333333333333333,13.333333333333334,5.333333333333333,3.555555555555556,14.22222222222222,-2,0,5,12,7
2009,137,1462,77,1340,59,0,29.0,54.0,8.0,19.0,11.0,18.0,10.0,24.0,12.0,7.0,5.0,2.0,17.0,22.0,46.0,8.0,21.0,7.0,16.0,4.0,17.0,12.0,11.0,6.0,2.0,18.0,-18,0,13,4,-9
2009,138,1163,92,1401,66,0,33.0,57.0,5.0,10.0,21.0,27.0,12.0,27.0,20.0,9.0,3.0,5.0,16.0,26.0,63.0,3.0,15.0,11.0,17.0,12.0,16.0,17.0,7.0,3.0,3.0,21.0,-26,0,9,1,-8
2009,138,1181,74,1400,69,0,23.0,53.0,7.0,14.0,21.0,27.0,12.0,19.0,9.0,9.0,8.0,2.0,20.0,25.0,50.0,3.0,12.0,16.0,25.0,13.0,23.0,8.0,15.0,5.0,3.0,23.0,-5,0,7,2,-5
2009,138,1211,83,1443,81,0,30.0,60.0,9.0,21.0,14.0,19.0,9.0,22.0,18.0,11.0,4.0,4.0,12.0,32.0,62.0,12.0,25.0,5.0,14.0,10.0,21.0,14.0,11.0,4.0,5.0,20.0,-2,0,12,4,-8
2009,138,1272,89,1268,70,0,31.0,53.0,10.0,19.0,17.0,22.0,8.0,27.0,21.0,13.0,6.0,3.0,17.0,27.0,62.0,5.0,14.0,11.0,19.0,11.0,16.0,9.0,7.0,8.0,3.0,17.0,-19,0,10,2,-8
2009,138,1314,84,1261,70,0,32.0,59.0,6.0,13.0,14.0,18.0,11.0,21.0,13.0,10.0,11.0,5.0,9.0,29.0,64.0,9.0,22.0,3.0,6.0,16.0,17.0,12.0,15.0,5.0,4.0,16.0,-14,0,8,1,-7
2009,138,1328,73,1276,63,0,25.0,51.0,6.0,19.0,17.0,27.0,13.0,22.0,18.0,11.0,5.0,4.0,13.0,22.0,56.0,10.0,27.0,9.0,11.0,14.0,20.0,12.0,14.0,5.0,1.0,23.0,-10,0,10,2,-8
2009,138,1345,76,1449,74,0,25.0,64.0,7.0,16.0,19.0,23.0,15.0,25.0,15.0,11.0,5.0,7.0,21.0,28.0,67.0,4.0,12.0,14.0,19.0,16.0,24.0,13.0,9.0,4.0,3.0,20.0,-2,0,4,5,1
2009,138,1437,89,1417,69,0,31.0,67.0,8.0,25.0,19.0,27.0,16.0,25.0,20.0,11.0,11.0,1.0,22.0,20.0,47.0,9.0,24.0,20.0,30.0,7.0,21.0,14.0,20.0,7.0,3.0,21.0,-20,0,6,3,-3
2009,139,1112,71,1156,57,0,22.0,44.0,3.0,11.0,24.0,28.0,6.0,27.0,12.0,11.0,8.0,3.0,19.0,22.0,59.0,3.0,23.0,10.0,14.0,12.0,18.0,3.0,11.0,7.0,1.0,18.0,-14,0,13,12,-1
2009,139,1242,60,1173,43,0,23.0,53.0,3.0,16.0,11.0,22.0,11.0,39.0,9.0,17.0,5.0,12.0,11.0,16.0,72.0,4.0,19.0,7.0,8.0,17.0,26.0,7.0,11.0,13.0,6.0,23.0,-17,0,11,3,-8
2009,139,1257,79,1373,72,0,32.0,65.0,9.0,20.0,6.0,13.0,19.0,28.0,18.0,17.0,3.0,7.0,13.0,29.0,69.0,7.0,24.0,7.0,10.0,13.0,19.0,17.0,9.0,8.0,1.0,14.0,-7,0,9,1,-8
2009,139,1277,74,1425,69,0,22.0,51.0,6.0,13.0,24.0,31.0,12.0,24.0,20.0,16.0,5.0,1.0,18.0,23.0,57.0,1.0,10.0,22.0,26.0,12.0,18.0,10.0,11.0,10.0,5.0,21.0,-5,0,10,2,-8
2009,139,1281,83,1266,79,0,31.0,64.0,7.0,22.0,14.0,20.0,10.0,20.0,14.0,7.0,6.0,4.0,23.0,23.0,60.0,5.0,14.0,28.0,33.0,16.0,25.0,8.0,12.0,4.0,0.0,17.0,-4,0,6,3,-3
2009,139,1338,84,1329,76,0,28.0,57.0,11.0,28.0,17.0,26.0,19.0,22.0,18.0,14.0,2.0,5.0,12.0,26.0,54.0,12.0,28.0,12.0,12.0,5.0,16.0,18.0,9.0,8.0,1.0,21.0,-8,0,8,1,-7
2009,139,1393,78,1113,67,0,26.0,47.0,9.0,20.0,17.0,21.0,4.0,29.0,18.0,10.0,4.0,0.0,15.0,20.0,49.0,13.0,35.0,14.0,22.0,7.0,17.0,17.0,10.0,2.0,2.0,17.0,-11,0,6,3,-3
2009,139,1462,60,1458,49,0,18.0,46.0,6.0,14.0,18.0,26.0,7.0,30.0,12.0,14.0,4.0,5.0,20.0,16.0,56.0,3.0,20.0,14.0,17.0,7.0,23.0,5.0,7.0,5.0,2.0,23.0,-11,0,12,4,-8
2009,143,1163,72,1345,60,0,25.0,56.0,3.0,8.0,19.0,30.0,14.0,34.0,19.0,13.0,6.0,6.0,12.0,24.0,66.0,6.0,23.0,6.0,11.0,9.0,24.0,12.0,9.0,7.0,2.0,26.0,-12,0,5,1,-4
2009,143,1281,102,1272,91,0,33.0,62.0,6.0,16.0,30.0,45.0,12.0,25.0,17.0,12.0,9.0,3.0,24.0,35.0,69.0,3.0,15.0,18.0,32.0,15.0,25.0,16.0,14.0,8.0,6.0,25.0,-11,0,2,3,1
2009,143,1338,60,1462,55,0,22.0,65.0,4.0,15.0,12.0,19.0,18.0,26.0,9.0,9.0,9.0,3.0,13.0,21.0,64.0,5.0,23.0,8.0,10.0,17.0,27.0,9.0,10.0,4.0,7.0,17.0,-5,0,4,1,-3
2009,143,1437,77,1181,54,0,27.0,64.0,4.0,18.0,19.0,23.0,13.0,36.0,9.0,12.0,5.0,5.0,23.0,16.0,60.0,5.0,27.0,17.0,24.0,8.0,26.0,7.0,11.0,8.0,2.0,24.0,-23,0,2,3,1
2009,144,1257,103,1112,64,0,38.0,66.0,14.0,29.0,13.0,14.0,11.0,25.0,29.0,9.0,10.0,3.0,15.0,24.0,63.0,7.0,24.0,9.0,13.0,15.0,17.0,15.0,14.0,5.0,1.0,13.0,-39,0,12,1,-11
2009,144,1277,67,1242,62,0,23.0,59.0,5.0,15.0,16.0,17.0,13.0,18.0,17.0,13.0,13.0,2.0,16.0,24.0,53.0,3.0,12.0,11.0,13.0,13.0,24.0,11.0,19.0,7.0,4.0,17.0,-5,0,3,2,-1
2009,144,1314,98,1211,77,0,36.0,68.0,11.0,19.0,15.0,27.0,11.0,31.0,23.0,9.0,8.0,4.0,17.0,27.0,58.0,7.0,23.0,16.0,23.0,4.0,27.0,10.0,12.0,6.0,5.0,19.0,-21,0,4,1,-3
2009,144,1328,84,1393,71,0,32.0,59.0,9.0,21.0,11.0,18.0,15.0,21.0,19.0,18.0,11.0,3.0,14.0,27.0,60.0,7.0,24.0,10.0,14.0,14.0,15.0,13.0,18.0,10.0,2.0,10.0,-13,0,3,2,-1
2009,145,1163,82,1281,75,0,27.0,53.0,2.0,12.0,26.0,32.0,11.0,36.0,15.0,17.0,3.0,8.0,13.0,32.0,76.0,5.0,18.0,6.0,12.0,12.0,20.0,21.0,6.0,10.0,1.0,24.0,-7,0,3,1,-2
2009,145,1437,78,1338,76,0,25.0,56.0,6.0,20.0,22.0,23.0,13.0,20.0,9.0,13.0,6.0,5.0,24.0,25.0,52.0,5.0,18.0,21.0,29.0,10.0,18.0,14.0,11.0,4.0,3.0,18.0,-2,0,1,3,2
2009,146,1277,64,1257,52,0,24.0,52.0,8.0,16.0,8.0,11.0,13.0,24.0,19.0,12.0,7.0,1.0,22.0,18.0,47.0,6.0,16.0,10.0,18.0,11.0,18.0,12.0,12.0,7.0,5.0,15.0,-12,0,1,2,1
2009,146,1314,72,1328,60,0,26.0,51.0,5.0,14.0,15.0,16.0,6.0,21.0,13.0,12.0,9.0,2.0,19.0,24.0,54.0,2.0,19.0,10.0,16.0,12.0,19.0,9.0,16.0,6.0,0.0,20.0,-12,0,2,1,-1
2009,152,1277,82,1163,73,0,31.0,72.0,6.0,19.0,14.0,20.0,18.0,24.0,18.0,11.0,11.0,3.0,25.0,25.0,59.0,2.0,6.0,21.0,33.0,16.0,26.0,8.0,16.0,5.0,7.0,18.0,-9,0,1,2,1
2009,152,1314,83,1437,69,0,25.0,62.0,11.0,22.0,22.0,37.0,14.0,34.0,16.0,12.0,6.0,6.0,20.0,26.0,79.0,5.0,27.0,12.0,16.0,22.0,31.0,8.0,12.0,7.0,3.0,26.0,-14,0,3,1,-2
2009,154,1314,89,1277,72,0,28.0,61.0,5.0,12.0,28.0,40.0,11.0,24.0,13.0,7.0,9.0,0.0,22.0,22.0,55.0,7.0,23.0,21.0,29.0,13.0,29.0,13.0,21.0,1.0,5.0,28.0,-17,0,2,1,-1
2010,134,1115,61,1457,44,0,17.0,44.0,6.0,16.0,21.0,28.0,10.0,29.0,12.0,10.0,3.0,7.0,16.0,16.0,55.0,2.0,21.0,10.0,18.0,14.0,20.0,5.0,7.0,3.0,5.0,22.0,-17,0,16,16,0
2010,136,1124,68,1358,59,0,26.0,59.0,5.0,20.0,11.0,17.0,8.0,39.0,18.0,14.0,8.0,2.0,18.0,23.0,68.0,6.0,31.0,7.0,13.0,8.0,29.0,20.0,11.0,7.0,1.0,20.0,-9,0,14,3,-11
2010,136,1139,77,1431,59,0,23.0,50.0,13.0,31.0,18.0,28.0,8.0,24.0,14.0,10.0,6.0,1.0,13.0,24.0,57.0,4.0,18.0,7.0,9.0,6.0,24.0,15.0,14.0,8.0,1.0,24.0,-18,0,12,5,-7
2010,136,1140,99,1196,92,2,25.6,52.0,8.0,18.4,20.0,25.6,8.0,18.4,8.8,9.6,9.6,1.6,13.6,27.2,62.4,8.0,25.6,11.2,15.2,16.0,20.0,12.0,16.8,5.6,3.2,19.2,-7,0,10,7,-3
2010,136,1242,90,1250,74,0,38.0,69.0,9.0,21.0,5.0,10.0,14.0,27.0,17.0,14.0,10.0,11.0,18.0,25.0,62.0,7.0,19.0,17.0,21.0,13.0,20.0,11.0,13.0,6.0,4.0,16.0,-16,0,16,1,-15
2010,136,1243,82,1317,62,0,31.0,61.0,7.0,18.0,13.0,20.0,17.0,23.0,12.0,11.0,9.0,10.0,25.0,17.0,55.0,5.0,19.0,23.0,31.0,19.0,17.0,8.0,16.0,2.0,0.0,17.0,-20,0,15,2,-13
2010,136,1246,100,1190,71,0,31.0,60.0,15.0,33.0,23.0,34.0,11.0,33.0,27.0,14.0,8.0,11.0,24.0,23.0,64.0,4.0,17.0,21.0,37.0,15.0,25.0,11.0,14.0,11.0,1.0,23.0,-29,0,16,1,-15
2010,136,1293,66,1435,65,0,25.0,60.0,7.0,15.0,9.0,17.0,15.0,24.0,13.0,11.0,4.0,4.0,21.0,22.0,50.0,4.0,12.0,17.0,29.0,10.0,23.0,15.0,10.0,4.0,4.0,17.0,-1,0,4,13,9
2010,136,1307,62,1285,57,0,22.0,53.0,5.0,20.0,13.0,23.0,10.0,21.0,14.0,6.0,8.0,3.0,14.0,22.0,54.0,6.0,21.0,7.0,12.0,11.0,26.0,17.0,12.0,5.0,2.0,21.0,-5,0,14,3,-11
2010,136,1320,69,1424,66,0,20.0,45.0,9.0,19.0,20.0,23.0,13.0,22.0,11.0,16.0,7.0,2.0,16.0,25.0,58.0,9.0,22.0,7.0,12.0,15.0,13.0,12.0,8.0,9.0,2.0,20.0,-3,0,8,9,1
2010,136,1325,97,1207,83,0,32.0,55.0,13.0,23.0,20.0,26.0,8.0,18.0,15.0,12.0,6.0,3.0,18.0,31.0,61.0,8.0,22.0,13.0,19.0,14.0,17.0,14.0,18.0,5.0,5.0,21.0,-14,0,3,14,11
2010,136,1330,51,1323,50,0,20.0,48.0,3.0,13.0,8.0,12.0,9.0,22.0,11.0,8.0,7.0,2.0,9.0,21.0,59.0,6.0,26.0,2.0,3.0,16.0,22.0,12.0,10.0,6.0,2.0,14.0,-1,0,6,11,5
2010,136,1388,80,1350,71,0,26.0,53.0,8.0,19.0,20.0,28.0,19.0,21.0,11.0,13.0,5.0,3.0,15.0,25.0,53.0,10.0,21.0,11.0,13.0,4.0,13.0,10.0,9.0,6.0,2.0,23.0,-9,0,7,10,3
2010,136,1397,62,1361,59,0,20.0,52.0,8.0,17.0,14.0,18.0,13.0,19.0,10.0,11.0,3.0,3.0,19.0,20.0,52.0,3.0,18.0,16.0,21.0,11.0,22.0,10.0,10.0,3.0,6.0,16.0,-3,0,11,6,-5
2010,136,1437,73,1352,70,1,16.0,45.333333333333336,5.333333333333333,19.55555555555556,27.55555555555556,35.55555555555556,9.77777777777778,16.0,8.0,14.22222222222222,11.555555555555555,8.88888888888889,16.88888888888889,19.55555555555556,48.888888888888886,4.444444444444445,17.77777777777778,18.666666666666668,23.11111111111111,9.77777777777778,21.33333333333333,7.111111111111111,18.666666666666668,8.88888888888889,1.7777777777777777,27.55555555555556,-3,0,15,2,-13
2010,136,1448,81,1400,80,1,26.666666666666668,62.22222222222222,5.333333333333333,16.0,13.333333333333334,21.33333333333333,17.77777777777778,34.666666666666664,13.333333333333334,17.77777777777778,1.7777777777777777,3.555555555555556,21.33333333333333,23.11111111111111,61.333333333333336,7.111111111111111,21.33333333333333,17.77777777777778,29.33333333333333,8.88888888888889,21.33333333333333,9.77777777777778,4.444444444444445,9.77777777777778,3.555555555555556,17.77777777777778,-1,0,8,9,1
2010,136,1449,80,1266,78,0,30.0,55.0,9.0,14.0,11.0,16.0,7.0,21.0,21.0,12.0,4.0,6.0,15.0,27.0,51.0,12.0,19.0,12.0,15.0,5.0,17.0,16.0,13.0,8.0,1.0,17.0,-2,0,6,11,5
2010,137,1143,77,1257,62,0,26.0,51.0,8.0,15.0,17.0,22.0,7.0,21.0,17.0,14.0,8.0,3.0,14.0,26.0,60.0,5.0,19.0,5.0,9.0,15.0,22.0,13.0,15.0,9.0,1.0,19.0,-15,0,9,8,-1
2010,137,1165,78,1396,65,0,27.0,48.0,9.0,23.0,15.0,19.0,10.0,20.0,10.0,11.0,7.0,2.0,12.0,27.0,52.0,5.0,17.0,6.0,9.0,7.0,13.0,14.0,11.0,3.0,4.0,20.0,-13,0,5,12,7
2010,137,1181,73,1115,44,0,24.0,47.0,6.0,13.0,19.0,28.0,13.0,28.0,12.0,14.0,5.0,4.0,12.0,17.0,53.0,4.0,19.0,6.0,7.0,9.0,15.0,8.0,16.0,7.0,4.0,19.0,-29,0,16,1,-15
2010,137,1210,64,1329,59,0,19.0,44.0,2.0,10.0,24.0,25.0,10.0,22.0,11.0,13.0,8.0,1.0,15.0,22.0,44.0,6.0,22.0,9.0,13.0,3.0,14.0,12.0,11.0,8.0,1.0,20.0,-5,0,7,10,3
2010,137,1211,67,1199,60,0,21.0,42.0,3.0,10.0,22.0,30.0,6.0,32.0,11.0,15.0,5.0,5.0,19.0,21.0,59.0,6.0,20.0,12.0,20.0,11.0,21.0,15.0,8.0,7.0,4.0,22.0,-7,0,9,8,-1
2010,137,1268,89,1222,77,0,32.0,68.0,4.0,17.0,21.0,25.0,17.0,33.0,18.0,10.0,2.0,4.0,20.0,25.0,60.0,7.0,20.0,20.0,32.0,9.0,20.0,7.0,6.0,6.0,1.0,19.0,-12,0,13,4,-9
2010,137,1277,70,1308,67,0,20.0,53.0,7.0,19.0,23.0,33.0,14.0,26.0,16.0,9.0,5.0,4.0,22.0,23.0,57.0,8.0,21.0,13.0,22.0,15.0,25.0,8.0,11.0,7.0,3.0,23.0,-3,0,12,5,-7
2010,137,1281,86,1155,78,0,30.0,58.0,5.0,17.0,21.0,29.0,9.0,21.0,21.0,9.0,15.0,3.0,16.0,28.0,63.0,12.0,24.0,10.0,14.0,18.0,23.0,14.0,20.0,2.0,1.0,22.0,-8,0,7,10,3
2010,137,1326,68,1364,51,0,21.0,52.0,10.0,22.0,16.0,18.0,8.0,30.0,14.0,9.0,5.0,12.0,12.0,20.0,62.0,6.0,19.0,5.0,7.0,12.0,23.0,11.0,9.0,6.0,2.0,16.0,-17,0,15,2,-13
2010,137,1338,89,1324,66,0,30.0,56.0,4.0,12.0,25.0,36.0,9.0,29.0,18.0,15.0,10.0,1.0,26.0,19.0,57.0,4.0,21.0,24.0,32.0,11.0,21.0,8.0,17.0,8.0,1.0,25.0,-23,0,14,3,-11
2010,137,1345,72,1373,64,0,27.0,59.0,5.0,17.0,13.0,19.0,6.0,32.0,21.0,14.0,8.0,7.0,14.0,23.0,70.0,3.0,12.0,15.0,18.0,15.0,30.0,9.0,14.0,7.0,1.0,16.0,-8,0,13,4,-9
2010,137,1393,79,1436,56,0,30.0,55.0,10.0,22.0,9.0,11.0,13.0,27.0,24.0,16.0,8.0,8.0,14.0,23.0,66.0,5.0,22.0,5.0,10.0,16.0,13.0,13.0,9.0,8.0,1.0,11.0,-23,0,16,1,-15
2010,137,1401,69,1429,53,0,25.0,51.0,8.0,18.0,11.0,14.0,7.0,32.0,12.0,11.0,4.0,1.0,13.0,24.0,62.0,5.0,20.0,0.0,4.0,10.0,21.0,8.0,9.0,4.0,3.0,18.0,-16,0,12,5,-7
2010,137,1452,77,1288,50,0,24.0,58.0,4.0,15.0,25.0,31.0,14.0,35.0,20.0,9.0,7.0,4.0,16.0,18.0,61.0,3.0,19.0,11.0,20.0,13.0,25.0,3.0,12.0,6.0,7.0,22.0,-27,0,15,2,-13
2010,137,1458,53,1459,49,0,20.0,54.0,1.0,9.0,12.0,19.0,10.0,20.0,3.0,4.0,7.0,0.0,14.0,20.0,48.0,3.0,7.0,6.0,13.0,11.0,26.0,7.0,11.0,1.0,2.0,15.0,-4,0,13,4,-9
2010,137,1462,65,1278,54,0,23.0,67.0,7.0,20.0,12.0,19.0,20.0,30.0,15.0,6.0,6.0,3.0,16.0,19.0,62.0,7.0,26.0,9.0,14.0,16.0,25.0,14.0,8.0,2.0,11.0,18.0,-11,0,11,6,-5
2010,138,1124,76,1330,68,0,28.0,54.0,8.0,20.0,12.0,17.0,11.0,19.0,15.0,13.0,8.0,6.0,19.0,23.0,53.0,6.0,13.0,16.0,22.0,14.0,17.0,16.0,14.0,9.0,3.0,18.0,-8,0,11,3,-8
2010,138,1139,54,1293,52,0,18.0,50.0,7.0,20.0,11.0,19.0,7.0,15.0,10.0,6.0,6.0,1.0,14.0,19.0,44.0,9.0,14.0,5.0,12.0,11.0,28.0,12.0,18.0,3.0,3.0,17.0,-2,0,13,5,-8
2010,138,1243,84,1140,72,0,23.0,56.0,11.0,27.0,27.0,30.0,15.0,24.0,14.0,15.0,7.0,3.0,20.0,21.0,53.0,5.0,16.0,25.0,28.0,9.0,20.0,12.0,13.0,7.0,2.0,24.0,-12,0,7,2,-5
2010,138,1246,90,1448,60,0,38.0,63.0,7.0,21.0,7.0,17.0,14.0,28.0,21.0,11.0,6.0,6.0,21.0,21.0,64.0,2.0,15.0,16.0,26.0,19.0,15.0,12.0,11.0,6.0,3.0,17.0,-30,0,9,1,-8
2010,138,1320,69,1242,67,0,22.0,55.0,9.0,26.0,16.0,19.0,11.0,19.0,11.0,9.0,9.0,1.0,16.0,24.0,54.0,6.0,23.0,13.0,18.0,14.0,24.0,9.0,15.0,5.0,3.0,19.0,-2,0,1,9,8
2010,138,1388,75,1437,68,0,24.0,48.0,7.0,19.0,20.0,26.0,6.0,27.0,6.0,12.0,2.0,3.0,12.0,25.0,69.0,7.0,19.0,11.0,11.0,15.0,17.0,9.0,7.0,5.0,2.0,18.0,-7,0,2,10,8
2010,138,1397,83,1325,68,0,34.0,60.0,5.0,14.0,10.0,18.0,11.0,30.0,21.0,16.0,8.0,3.0,22.0,22.0,58.0,10.0,26.0,14.0,26.0,14.0,19.0,15.0,14.0,9.0,1.0,17.0,-15,0,14,6,-8
2010,138,1449,82,1307,64,0,32.0,66.0,8.0,17.0,10.0,20.0,12.0,28.0,21.0,5.0,6.0,7.0,18.0,26.0,66.0,5.0,17.0,7.0,17.0,13.0,25.0,7.0,11.0,1.0,1.0,18.0,-18,0,3,11,8
2010,139,1165,87,1458,69,0,33.0,54.0,8.0,15.0,13.0,16.0,9.0,20.0,14.0,8.0,8.0,1.0,14.0,24.0,49.0,8.0,25.0,13.0,17.0,8.0,13.0,13.0,10.0,6.0,1.0,16.0,-18,0,4,12,8
2010,139,1181,68,1143,53,0,27.0,57.0,3.0,17.0,11.0,17.0,11.0,23.0,11.0,5.0,4.0,5.0,15.0,19.0,48.0,3.0,12.0,12.0,16.0,9.0,24.0,6.0,11.0,3.0,1.0,18.0,-15,0,8,1,-7
2010,139,1277,85,1268,83,0,32.0,58.0,10.0,18.0,11.0,14.0,13.0,29.0,18.0,19.0,3.0,5.0,19.0,29.0,66.0,9.0,19.0,16.0,20.0,10.0,14.0,20.0,6.0,8.0,0.0,14.0,-2,0,4,5,1
2010,139,1326,75,1210,66,0,25.0,51.0,8.0,21.0,17.0,23.0,7.0,22.0,17.0,18.0,8.0,3.0,17.0,24.0,58.0,4.0,20.0,14.0,19.0,12.0,21.0,14.0,21.0,12.0,0.0,24.0,-9,0,10,2,-8
2010,139,1345,63,1401,61,1,23.11111111111111,56.0,5.333333333333333,15.11111111111111,4.444444444444445,5.333333333333333,4.444444444444445,30.22222222222222,9.77777777777778,10.666666666666666,10.666666666666666,5.333333333333333,16.0,20.444444444444443,57.77777777777778,4.444444444444445,15.11111111111111,8.88888888888889,15.11111111111111,12.444444444444445,27.55555555555556,12.444444444444445,12.444444444444445,7.111111111111111,2.6666666666666665,11.555555555555555,-2,0,5,4,-1
2010,139,1393,87,1211,65,0,29.0,53.0,12.0,25.0,17.0,23.0,8.0,30.0,17.0,15.0,4.0,2.0,17.0,25.0,60.0,3.0,21.0,12.0,20.0,11.0,16.0,14.0,11.0,8.0,3.0,18.0,-22,0,8,1,-7
2010,139,1452,68,1281,59,0,19.0,47.0,5.0,15.0,25.0,33.0,13.0,28.0,12.0,10.0,4.0,5.0,16.0,20.0,61.0,7.0,21.0,12.0,20.0,17.0,21.0,13.0,7.0,6.0,8.0,23.0,-9,0,10,2,-8
2010,139,1462,71,1338,68,0,24.0,50.0,8.0,16.0,15.0,23.0,5.0,26.0,9.0,7.0,4.0,3.0,16.0,25.0,64.0,7.0,21.0,11.0,18.0,15.0,25.0,12.0,9.0,4.0,4.0,18.0,-3,0,3,6,3
2010,143,1139,63,1393,59,0,21.0,52.0,6.0,24.0,15.0,21.0,5.0,23.0,9.0,7.0,13.0,2.0,15.0,21.0,48.0,7.0,19.0,10.0,14.0,8.0,30.0,12.0,18.0,4.0,1.0,16.0,-4,0,1,5,4
2010,143,1243,101,1462,96,2,29.6,62.4,6.4,15.2,15.2,23.2,12.8,19.2,15.2,9.6,4.0,8.8,20.0,24.8,57.6,9.6,22.4,17.6,23.2,15.2,25.6,9.6,12.8,6.4,3.2,22.4,-5,0,6,2,-4
2010,143,1246,62,1165,45,0,22.0,50.0,2.0,16.0,16.0,26.0,13.0,28.0,15.0,13.0,12.0,6.0,17.0,16.0,48.0,5.0,21.0,8.0,13.0,7.0,21.0,8.0,15.0,6.0,3.0,22.0,-17,0,12,1,-11
2010,143,1452,69,1449,56,0,26.0,65.0,4.0,15.0,13.0,17.0,23.0,26.0,14.0,23.0,11.0,4.0,15.0,22.0,56.0,3.0,11.0,9.0,14.0,11.0,18.0,11.0,21.0,14.0,8.0,20.0,-13,0,11,2,-9
2010,144,1124,72,1388,49,0,28.0,61.0,8.0,17.0,8.0,10.0,15.0,26.0,14.0,7.0,8.0,1.0,9.0,19.0,54.0,6.0,22.0,5.0,8.0,10.0,19.0,14.0,10.0,1.0,4.0,12.0,-23,0,10,3,-7
2010,144,1181,70,1345,57,0,22.0,55.0,6.0,15.0,20.0,24.0,16.0,32.0,11.0,14.0,4.0,2.0,20.0,20.0,54.0,4.0,15.0,13.0,21.0,7.0,20.0,12.0,7.0,7.0,6.0,21.0,-13,0,4,1,-3
2010,144,1277,59,1320,52,0,19.0,44.0,7.0,19.0,14.0,19.0,6.0,26.0,15.0,10.0,8.0,3.0,19.0,17.0,44.0,4.0,16.0,14.0,21.0,4.0,22.0,4.0,10.0,6.0,3.0,13.0,-7,0,9,5,-4
2010,144,1397,76,1326,73,0,30.0,64.0,4.0,15.0,12.0,15.0,20.0,21.0,15.0,16.0,6.0,3.0,20.0,25.0,58.0,9.0,23.0,14.0,19.0,13.0,16.0,14.0,11.0,6.0,3.0,16.0,-3,0,2,6,4
2010,145,1139,63,1243,56,0,21.0,46.0,7.0,15.0,14.0,20.0,12.0,29.0,9.0,20.0,7.0,1.0,16.0,22.0,57.0,5.0,15.0,7.0,14.0,11.0,18.0,8.0,13.0,11.0,6.0,19.0,-7,0,2,5,3
2010,145,1452,73,1246,66,0,20.0,52.0,10.0,23.0,23.0,34.0,10.0,26.0,14.0,12.0,5.0,6.0,22.0,23.0,67.0,4.0,32.0,16.0,29.0,24.0,27.0,10.0,16.0,6.0,4.0,27.0,-7,0,1,2,1
2010,146,1181,78,1124,71,0,22.0,61.0,11.0,23.0,23.0,29.0,23.0,20.0,15.0,11.0,7.0,0.0,15.0,27.0,59.0,5.0,18.0,12.0,19.0,17.0,20.0,14.0,11.0,8.0,8.0,21.0,-7,0,3,1,-2
2010,146,1277,70,1397,69,0,24.0,52.0,6.0,18.0,16.0,21.0,13.0,14.0,12.0,11.0,8.0,8.0,20.0,24.0,47.0,7.0,16.0,14.0,21.0,10.0,17.0,11.0,10.0,6.0,3.0,15.0,-1,0,6,5,-1
2010,152,1139,52,1277,50,0,15.0,49.0,5.0,21.0,17.0,24.0,11.0,21.0,5.0,8.0,12.0,2.0,17.0,18.0,42.0,4.0,11.0,10.0,18.0,8.0,28.0,11.0,16.0,3.0,4.0,21.0,-2,0,5,5,0
2010,152,1181,78,1452,57,0,29.0,55.0,13.0,25.0,7.0,9.0,11.0,18.0,20.0,6.0,5.0,1.0,16.0,19.0,46.0,5.0,12.0,14.0,19.0,11.0,16.0,11.0,10.0,1.0,4.0,12.0,-21,0,2,1,-1
2010,154,1181,61,1139,59,0,23.0,52.0,5.0,17.0,10.0,16.0,11.0,26.0,12.0,12.0,5.0,7.0,14.0,20.0,58.0,6.0,18.0,13.0,18.0,14.0,21.0,7.0,8.0,4.0,0.0,18.0,-2,0,5,1,-4
2011,134,1155,70,1412,52,0,26.0,50.0,4.0,13.0,14.0,16.0,4.0,25.0,17.0,12.0,10.0,2.0,12.0,18.0,48.0,12.0,24.0,4.0,7.0,7.0,22.0,10.0,19.0,4.0,3.0,10.0,-18,0,12,12,0
2011,134,1421,81,1114,77,1,24.0,48.0,3.555555555555556,10.666666666666666,20.444444444444443,24.88888888888889,5.333333333333333,25.77777777777778,15.11111111111111,13.333333333333334,5.333333333333333,0.8888888888888888,22.22222222222222,21.33333333333333,49.77777777777778,8.0,25.77777777777778,17.77777777777778,23.11111111111111,6.222222222222222,23.11111111111111,16.88888888888889,14.22222222222222,5.333333333333333,1.7777777777777777,21.33333333333333,-4,0,16,16,0
2011,135,1427,70,1106,61,0,23.0,54.0,4.0,16.0,20.0,30.0,10.0,30.0,14.0,13.0,4.0,0.0,14.0,22.0,62.0,7.0,26.0,10.0,12.0,11.0,28.0,13.0,12.0,6.0,3.0,22.0,-9,0,16,16,0
2011,135,1433,59,1425,46,0,20.0,59.0,9.0,24.0,10.0,15.0,17.0,23.0,11.0,9.0,5.0,3.0,24.0,15.0,38.0,1.0,9.0,15.0,25.0,5.0,26.0,4.0,15.0,2.0,6.0,20.0,-13,0,11,11,0
2011,136,1139,60,1330,58,0,22.0,54.0,7.0,26.0,9.0,11.0,18.0,14.0,11.0,15.0,8.0,1.0,21.0,16.0,45.0,5.0,15.0,21.0,27.0,13.0,16.0,8.0,15.0,9.0,2.0,17.0,-2,0,9,8,-1
2011,136,1140,74,1459,66,0,24.0,61.0,6.0,22.0,20.0,24.0,10.0,29.0,14.0,10.0,9.0,1.0,22.0,22.0,56.0,4.0,19.0,18.0,24.0,7.0,29.0,12.0,13.0,4.0,4.0,20.0,-8,0,14,3,-11
2011,136,1153,78,1281,63,0,29.0,54.0,4.0,11.0,16.0,22.0,13.0,23.0,14.0,11.0,3.0,2.0,15.0,24.0,63.0,6.0,19.0,9.0,13.0,15.0,16.0,15.0,9.0,7.0,3.0,18.0,-15,0,11,6,-5
2011,136,1163,81,1137,52,0,32.0,66.0,9.0,24.0,8.0,9.0,13.0,36.0,20.0,6.0,5.0,6.0,13.0,16.0,51.0,7.0,21.0,13.0,15.0,1.0,22.0,6.0,5.0,3.0,1.0,10.0,-29,0,14,3,-11
2011,136,1196,79,1364,51,0,29.0,53.0,8.0,23.0,13.0,17.0,9.0,26.0,22.0,12.0,11.0,2.0,15.0,17.0,47.0,5.0,19.0,12.0,18.0,8.0,18.0,8.0,17.0,7.0,3.0,17.0,-28,0,15,2,-13
2011,136,1211,86,1385,71,0,28.0,52.0,9.0,15.0,21.0,26.0,12.0,31.0,20.0,15.0,6.0,2.0,15.0,27.0,58.0,7.0,15.0,10.0,15.0,5.0,15.0,9.0,10.0,10.0,4.0,22.0,-15,0,6,11,5
2011,136,1243,73,1429,68,0,22.0,54.0,5.0,17.0,24.0,28.0,12.0,21.0,14.0,11.0,2.0,1.0,17.0,23.0,50.0,6.0,18.0,16.0,21.0,8.0,21.0,10.0,12.0,2.0,2.0,25.0,-5,0,12,5,-7
2011,136,1246,59,1343,57,0,24.0,47.0,5.0,11.0,6.0,11.0,6.0,20.0,12.0,9.0,5.0,7.0,8.0,24.0,52.0,3.0,14.0,6.0,7.0,8.0,20.0,8.0,6.0,8.0,2.0,11.0,-2,0,13,4,-9
2011,136,1287,62,1257,61,0,21.0,57.0,9.0,19.0,11.0,18.0,17.0,24.0,11.0,18.0,12.0,1.0,13.0,22.0,48.0,10.0,25.0,7.0,16.0,6.0,23.0,14.0,16.0,14.0,7.0,18.0,-1,0,4,13,9
2011,136,1338,74,1421,51,0,25.0,59.0,8.0,19.0,16.0,25.0,22.0,28.0,18.0,12.0,4.0,1.0,16.0,17.0,55.0,3.0,19.0,14.0,19.0,9.0,18.0,9.0,10.0,7.0,6.0,21.0,-23,0,16,1,-15
2011,136,1350,69,1435,66,0,26.0,56.0,12.0,24.0,5.0,12.0,10.0,17.0,14.0,3.0,4.0,9.0,18.0,23.0,46.0,6.0,13.0,14.0,23.0,11.0,25.0,12.0,7.0,1.0,2.0,14.0,-3,0,5,12,7
2011,136,1361,68,1294,50,0,27.0,66.0,9.0,22.0,5.0,8.0,15.0,30.0,11.0,4.0,5.0,5.0,8.0,19.0,56.0,8.0,22.0,4.0,8.0,9.0,24.0,8.0,9.0,2.0,0.0,7.0,-18,0,15,2,-13
2011,136,1396,66,1336,64,0,24.0,49.0,5.0,18.0,13.0,15.0,8.0,20.0,10.0,10.0,6.0,5.0,13.0,26.0,54.0,8.0,19.0,4.0,6.0,8.0,18.0,12.0,9.0,4.0,0.0,13.0,-2,0,10,7,-3
2011,136,1417,78,1277,76,0,22.0,48.0,4.0,11.0,30.0,47.0,13.0,26.0,13.0,16.0,7.0,8.0,20.0,25.0,62.0,10.0,25.0,16.0,21.0,15.0,21.0,20.0,16.0,9.0,8.0,28.0,-2,0,10,7,-3
2011,136,1452,84,1155,76,0,27.0,55.0,5.0,13.0,25.0,31.0,14.0,23.0,15.0,11.0,6.0,1.0,21.0,25.0,58.0,5.0,21.0,21.0,26.0,13.0,18.0,15.0,9.0,5.0,3.0,24.0,-8,0,12,5,-7
2011,136,1458,72,1125,58,0,20.0,40.0,12.0,22.0,20.0,25.0,6.0,27.0,13.0,13.0,3.0,2.0,17.0,18.0,49.0,6.0,22.0,16.0,22.0,6.0,16.0,12.0,7.0,7.0,0.0,21.0,-14,0,13,4,-9
2011,137,1112,77,1272,75,0,23.0,50.0,5.0,19.0,26.0,31.0,8.0,21.0,11.0,14.0,8.0,2.0,21.0,26.0,53.0,6.0,15.0,17.0,24.0,10.0,23.0,16.0,15.0,7.0,1.0,24.0,-2,0,12,5,-7
2011,137,1181,87,1214,45,0,32.0,60.0,9.0,19.0,14.0,16.0,9.0,29.0,17.0,9.0,9.0,4.0,11.0,19.0,55.0,4.0,14.0,3.0,7.0,9.0,20.0,4.0,17.0,2.0,1.0,17.0,-42,0,16,1,-15
2011,137,1199,57,1401,50,0,20.0,43.0,4.0,15.0,13.0,20.0,6.0,29.0,14.0,13.0,6.0,10.0,17.0,16.0,51.0,9.0,25.0,9.0,19.0,12.0,21.0,12.0,11.0,6.0,1.0,19.0,-7,0,7,10,3
2011,137,1206,61,1437,57,0,21.0,52.0,4.0,14.0,15.0,24.0,12.0,24.0,12.0,9.0,3.0,1.0,15.0,19.0,52.0,7.0,22.0,12.0,17.0,10.0,25.0,10.0,9.0,5.0,5.0,19.0,-4,0,9,8,-1
2011,137,1228,73,1424,62,0,28.0,47.0,7.0,13.0,10.0,14.0,5.0,28.0,21.0,15.0,3.0,2.0,17.0,21.0,54.0,7.0,24.0,13.0,19.0,8.0,17.0,10.0,9.0,8.0,0.0,16.0,-11,0,8,9,1
2011,137,1242,72,1131,53,0,29.0,57.0,9.0,20.0,5.0,8.0,11.0,29.0,19.0,14.0,5.0,1.0,13.0,18.0,51.0,9.0,25.0,8.0,12.0,6.0,19.0,10.0,12.0,6.0,3.0,16.0,-19,0,16,1,-15
2011,137,1266,66,1462,55,0,24.0,45.0,5.0,12.0,13.0,19.0,5.0,21.0,13.0,15.0,6.0,2.0,18.0,21.0,51.0,2.0,13.0,11.0,15.0,11.0,19.0,11.0,15.0,3.0,2.0,19.0,-11,0,6,11,5
2011,137,1276,75,1397,45,0,33.0,64.0,9.0,26.0,0.0,1.0,12.0,24.0,20.0,11.0,5.0,2.0,17.0,15.0,43.0,3.0,18.0,12.0,16.0,6.0,20.0,10.0,18.0,4.0,5.0,13.0,-30,0,9,8,-1
2011,137,1314,102,1254,87,0,34.0,67.0,3.0,17.0,31.0,42.0,12.0,42.0,21.0,18.0,3.0,10.0,19.0,31.0,85.0,8.0,31.0,17.0,25.0,16.0,23.0,19.0,14.0,11.0,1.0,28.0,-15,0,15,2,-13
2011,137,1323,69,1103,56,0,21.0,47.0,7.0,17.0,20.0,26.0,6.0,35.0,16.0,14.0,5.0,5.0,11.0,23.0,64.0,7.0,21.0,3.0,6.0,8.0,24.0,10.0,8.0,6.0,4.0,21.0,-13,0,15,2,-13
2011,137,1326,75,1427,46,0,29.0,52.0,12.0,24.0,5.0,8.0,11.0,24.0,26.0,13.0,5.0,3.0,9.0,18.0,53.0,4.0,17.0,6.0,7.0,11.0,15.0,6.0,13.0,7.0,0.0,13.0,-29,0,16,1,-15
2011,137,1345,65,1389,43,0,23.0,54.0,5.0,15.0,14.0,17.0,14.0,33.0,12.0,16.0,7.0,3.0,13.0,17.0,58.0,5.0,21.0,4.0,6.0,9.0,19.0,9.0,14.0,10.0,2.0,19.0,-22,0,14,3,-11
2011,137,1393,77,1232,60,0,23.0,44.0,7.0,16.0,24.0,31.0,9.0,26.0,17.0,15.0,8.0,4.0,16.0,22.0,55.0,7.0,21.0,9.0,14.0,10.0,15.0,13.0,14.0,7.0,1.0,24.0,-17,0,14,3,-11
2011,137,1400,85,1324,81,0,30.0,63.0,4.0,9.0,21.0,26.0,15.0,27.0,14.0,10.0,4.0,9.0,14.0,33.0,75.0,7.0,29.0,8.0,11.0,17.0,21.0,12.0,7.0,7.0,3.0,17.0,-4,0,13,4,-9
2011,137,1433,74,1207,56,0,18.0,44.0,12.0,25.0,26.0,39.0,8.0,22.0,14.0,6.0,7.0,4.0,16.0,20.0,52.0,5.0,26.0,11.0,13.0,12.0,24.0,12.0,17.0,3.0,1.0,26.0,-18,0,6,11,5
2011,137,1449,68,1208,65,0,26.0,60.0,4.0,18.0,12.0,14.0,11.0,18.0,10.0,5.0,6.0,1.0,19.0,23.0,50.0,5.0,12.0,14.0,19.0,11.0,25.0,9.0,15.0,3.0,1.0,13.0,-3,0,10,7,-3
2011,138,1139,71,1338,70,0,24.0,52.0,12.0,27.0,11.0,14.0,5.0,17.0,12.0,6.0,2.0,2.0,18.0,26.0,46.0,6.0,11.0,12.0,18.0,7.0,26.0,21.0,12.0,2.0,0.0,18.0,-1,0,1,8,7
2011,138,1140,89,1211,67,0,31.0,59.0,14.0,28.0,13.0,15.0,4.0,23.0,17.0,8.0,10.0,6.0,19.0,24.0,57.0,2.0,9.0,17.0,21.0,12.0,24.0,18.0,15.0,4.0,5.0,19.0,-22,0,11,3,-8
2011,138,1163,69,1153,58,0,19.0,44.0,6.0,16.0,25.0,30.0,9.0,26.0,10.0,9.0,3.0,3.0,13.0,22.0,55.0,4.0,14.0,10.0,14.0,9.0,16.0,12.0,8.0,5.0,2.0,19.0,-11,0,6,3,-3
2011,138,1196,73,1417,65,0,27.0,54.0,6.0,14.0,13.0,17.0,8.0,24.0,13.0,8.0,2.0,4.0,18.0,23.0,55.0,3.0,13.0,16.0,25.0,14.0,21.0,12.0,8.0,4.0,5.0,14.0,-8,0,7,2,-5
2011,138,1246,71,1452,63,0,24.0,50.0,6.0,18.0,17.0,24.0,9.0,25.0,12.0,10.0,1.0,6.0,19.0,22.0,53.0,7.0,19.0,12.0,16.0,9.0,21.0,9.0,11.0,5.0,2.0,23.0,-8,0,5,4,-1
2011,138,1350,65,1287,48,0,26.0,55.0,4.0,16.0,9.0,13.0,10.0,22.0,18.0,6.0,5.0,4.0,12.0,18.0,48.0,2.0,14.0,10.0,15.0,12.0,22.0,7.0,9.0,4.0,3.0,16.0,-17,0,13,12,-1
2011,138,1361,71,1396,64,2,22.4,52.0,4.8,8.8,7.2,7.2,10.4,23.2,10.4,10.4,4.8,4.8,11.2,20.0,52.8,4.8,11.2,6.4,8.8,10.4,17.6,10.4,8.8,2.4,0.8,12.0,-7,0,7,2,-5
2011,138,1458,70,1243,65,0,21.0,50.0,9.0,20.0,19.0,23.0,10.0,20.0,12.0,5.0,4.0,2.0,18.0,22.0,48.0,6.0,12.0,15.0,22.0,10.0,22.0,7.0,8.0,3.0,0.0,22.0,-5,0,5,4,-1
2011,139,1112,70,1400,69,0,24.0,54.0,8.0,14.0,14.0,22.0,11.0,21.0,17.0,12.0,8.0,2.0,20.0,24.0,53.0,3.0,11.0,18.0,22.0,10.0,23.0,13.0,13.0,5.0,7.0,17.0,-1,0,4,5,1
2011,139,1181,73,1276,71,0,25.0,49.0,5.0,20.0,18.0,25.0,10.0,23.0,12.0,11.0,1.0,2.0,18.0,27.0,53.0,7.0,21.0,10.0,11.0,4.0,18.0,13.0,7.0,7.0,0.0,23.0,-2,0,8,1,-7
2011,139,1199,71,1323,57,0,22.0,48.0,9.0,19.0,18.0,25.0,9.0,31.0,15.0,12.0,2.0,9.0,18.0,19.0,62.0,7.0,30.0,12.0,19.0,15.0,23.0,12.0,8.0,4.0,5.0,25.0,-14,0,2,10,8
2011,139,1242,73,1228,59,0,27.0,52.0,4.0,12.0,15.0,20.0,7.0,29.0,17.0,12.0,5.0,2.0,11.0,23.0,60.0,6.0,21.0,7.0,9.0,10.0,21.0,16.0,12.0,7.0,2.0,18.0,-14,0,9,1,-8
2011,139,1266,66,1393,62,0,21.0,51.0,5.0,11.0,19.0,23.0,12.0,18.0,15.0,14.0,11.0,1.0,13.0,26.0,47.0,5.0,15.0,5.0,7.0,4.0,20.0,11.0,18.0,7.0,2.0,21.0,-4,0,3,11,8
2011,139,1314,86,1449,83,0,31.0,66.0,6.0,12.0,18.0,23.0,12.0,25.0,18.0,9.0,7.0,5.0,9.0,33.0,72.0,10.0,19.0,7.0,7.0,14.0,26.0,17.0,13.0,6.0,2.0,20.0,-3,0,7,2,-5
2011,139,1326,98,1206,66,0,36.0,59.0,16.0,26.0,10.0,18.0,11.0,22.0,23.0,9.0,8.0,1.0,11.0,26.0,60.0,8.0,18.0,6.0,7.0,13.0,16.0,13.0,17.0,5.0,3.0,17.0,-32,0,8,1,-7
2011,139,1433,94,1345,76,0,37.0,65.0,8.0,21.0,12.0,14.0,9.0,26.0,26.0,4.0,4.0,2.0,13.0,30.0,67.0,8.0,25.0,8.0,11.0,13.0,20.0,20.0,7.0,3.0,6.0,15.0,-18,0,3,11,8
2011,143,1112,93,1181,77,0,34.0,63.0,9.0,15.0,16.0,21.0,16.0,24.0,15.0,12.0,7.0,3.0,21.0,27.0,58.0,5.0,14.0,18.0,22.0,9.0,18.0,10.0,11.0,5.0,6.0,20.0,-16,0,1,5,4
2011,143,1139,61,1458,54,0,19.0,45.0,5.0,18.0,18.0,26.0,10.0,27.0,7.0,14.0,8.0,2.0,19.0,17.0,56.0,7.0,29.0,13.0,19.0,12.0,19.0,9.0,11.0,7.0,3.0,20.0,-7,0,4,8,4
2011,143,1163,74,1361,67,0,27.0,57.0,8.0,16.0,12.0,16.0,9.0,26.0,13.0,9.0,5.0,3.0,16.0,27.0,64.0,7.0,22.0,6.0,13.0,15.0,22.0,14.0,9.0,4.0,1.0,14.0,-7,0,2,3,1
2011,143,1196,83,1140,74,1,27.55555555555556,57.77777777777778,9.77777777777778,30.22222222222222,8.88888888888889,19.55555555555556,8.88888888888889,31.11111111111111,20.444444444444443,13.333333333333334,7.111111111111111,4.444444444444445,10.666666666666666,22.22222222222222,63.11111111111112,8.88888888888889,32.888888888888886,12.444444444444445,14.22222222222222,10.666666666666666,26.666666666666668,11.555555555555555,10.666666666666666,9.77777777777778,0.8888888888888888,16.88888888888889,-9,0,3,2,-1
2011,144,1242,77,1350,57,0,30.0,63.0,9.0,19.0,8.0,10.0,15.0,28.0,20.0,9.0,7.0,3.0,14.0,22.0,65.0,4.0,26.0,9.0,12.0,16.0,19.0,7.0,11.0,3.0,2.0,10.0,-20,0,12,1,-11
2011,144,1246,62,1326,60,0,22.0,48.0,6.0,17.0,12.0,14.0,7.0,25.0,11.0,11.0,3.0,11.0,18.0,19.0,58.0,6.0,16.0,16.0,22.0,16.0,20.0,7.0,7.0,6.0,1.0,14.0,-2,0,1,4,3
2011,144,1314,81,1266,63,0,31.0,74.0,5.0,16.0,14.0,21.0,22.0,26.0,15.0,7.0,11.0,8.0,16.0,23.0,63.0,2.0,16.0,15.0,20.0,18.0,24.0,8.0,18.0,4.0,8.0,17.0,-18,0,11,2,-9
2011,144,1433,72,1199,71,1,21.33333333333333,47.11111111111112,10.666666666666666,23.11111111111111,10.666666666666666,17.77777777777778,6.222222222222222,22.22222222222222,16.0,15.11111111111111,10.666666666666666,0.8888888888888888,17.77777777777778,23.11111111111111,63.11111111111112,6.222222222222222,16.88888888888889,10.666666666666666,16.0,18.666666666666668,23.11111111111111,6.222222222222222,14.22222222222222,7.111111111111111,5.333333333333333,16.88888888888889,-1,0,10,11,1
2011,145,1139,74,1196,71,1,21.33333333333333,53.333333333333336,8.0,29.33333333333333,15.11111111111111,24.0,14.22222222222222,22.22222222222222,7.111111111111111,8.88888888888889,1.7777777777777777,0.8888888888888888,17.77777777777778,22.22222222222222,50.66666666666666,2.6666666666666665,12.444444444444445,16.0,19.55555555555556,7.111111111111111,23.11111111111111,8.88888888888889,6.222222222222222,5.333333333333333,2.6666666666666665,21.33333333333333,-3,0,2,8,6
2011,145,1163,65,1112,63,0,23.0,56.0,5.0,17.0,14.0,18.0,11.0,20.0,10.0,5.0,5.0,6.0,15.0,24.0,61.0,4.0,21.0,11.0,16.0,19.0,23.0,14.0,9.0,3.0,1.0,12.0,-2,0,5,3,-2
2011,146,1246,76,1314,69,0,27.0,56.0,12.0,22.0,10.0,16.0,9.0,25.0,16.0,14.0,10.0,5.0,13.0,27.0,62.0,3.0,16.0,12.0,15.0,11.0,25.0,13.0,13.0,9.0,5.0,17.0,-7,0,2,4,2
2011,146,1433,71,1242,61,0,21.0,53.0,12.0,25.0,17.0,22.0,9.0,26.0,14.0,13.0,7.0,1.0,18.0,22.0,62.0,2.0,21.0,15.0,28.0,19.0,26.0,10.0,14.0,8.0,6.0,20.0,-10,0,1,11,10
2011,152,1139,70,1433,62,0,21.0,59.0,8.0,23.0,20.0,26.0,16.0,32.0,8.0,9.0,5.0,2.0,16.0,23.0,58.0,8.0,22.0,8.0,13.0,6.0,26.0,17.0,10.0,3.0,4.0,24.0,-8,0,11,8,-3
2011,152,1163,56,1246,55,0,23.0,49.0,1.0,12.0,9.0,11.0,6.0,32.0,16.0,15.0,5.0,3.0,13.0,21.0,62.0,9.0,27.0,4.0,12.0,15.0,22.0,12.0,10.0,11.0,3.0,12.0,-1,0,4,3,-1
2011,154,1163,53,1139,41,0,19.0,55.0,1.0,11.0,14.0,16.0,17.0,36.0,6.0,11.0,4.0,10.0,15.0,12.0,64.0,9.0,33.0,8.0,14.0,20.0,21.0,5.0,6.0,8.0,2.0,17.0,-12,0,8,3,-5
2012,134,1140,78,1233,72,0,30.0,62.0,7.0,20.0,11.0,20.0,10.0,33.0,21.0,20.0,9.0,7.0,14.0,31.0,70.0,6.0,25.0,4.0,8.0,8.0,28.0,19.0,18.0,10.0,3.0,19.0,-6,0,14,14,0
2012,134,1443,59,1290,58,0,19.0,62.0,2.0,16.0,19.0,33.0,26.0,34.0,10.0,28.0,7.0,9.0,18.0,22.0,61.0,4.0,22.0,10.0,22.0,10.0,22.0,12.0,17.0,11.0,8.0,24.0,-1,0,16,16,0
2012,135,1378,65,1143,54,0,28.0,49.0,5.0,15.0,4.0,8.0,5.0,27.0,15.0,11.0,3.0,4.0,14.0,21.0,58.0,3.0,14.0,9.0,14.0,12.0,19.0,10.0,7.0,1.0,2.0,14.0,-11,0,12,12,0
2012,135,1436,71,1249,59,0,25.0,50.0,4.0,11.0,17.0,24.0,9.0,25.0,16.0,5.0,3.0,3.0,19.0,20.0,60.0,4.0,13.0,15.0,21.0,19.0,21.0,6.0,7.0,3.0,2.0,17.0,-12,0,16,16,0
2012,136,1124,68,1355,60,0,23.0,52.0,8.0,20.0,14.0,20.0,12.0,23.0,9.0,12.0,6.0,2.0,16.0,21.0,50.0,10.0,30.0,8.0,14.0,7.0,16.0,16.0,13.0,7.0,1.0,17.0,-8,0,14,3,-11
2012,136,1160,68,1424,64,0,22.0,48.0,7.0,12.0,17.0,27.0,9.0,37.0,12.0,23.0,4.0,3.0,18.0,23.0,71.0,9.0,36.0,9.0,17.0,12.0,21.0,13.0,8.0,14.0,8.0,22.0,-4,0,6,11,5
2012,136,1211,77,1452,54,0,28.0,50.0,9.0,17.0,12.0,16.0,6.0,25.0,15.0,10.0,9.0,2.0,25.0,16.0,49.0,3.0,17.0,19.0,28.0,12.0,19.0,10.0,10.0,2.0,3.0,17.0,-23,0,10,7,-3
2012,136,1231,79,1308,66,0,32.0,54.0,7.0,13.0,8.0,10.0,7.0,14.0,15.0,12.0,12.0,0.0,12.0,27.0,49.0,4.0,12.0,8.0,10.0,7.0,16.0,7.0,17.0,5.0,6.0,13.0,-13,0,13,4,-9
2012,136,1235,77,1163,64,0,26.0,54.0,6.0,16.0,19.0,20.0,12.0,29.0,10.0,11.0,2.0,4.0,15.0,21.0,56.0,7.0,19.0,15.0,22.0,8.0,16.0,8.0,4.0,7.0,5.0,17.0,-13,0,9,8,-1
2012,136,1243,70,1379,64,0,21.0,42.0,2.0,12.0,26.0,34.0,5.0,26.0,12.0,11.0,4.0,7.0,18.0,22.0,60.0,8.0,23.0,12.0,17.0,13.0,21.0,8.0,10.0,8.0,0.0,25.0,-6,0,9,8,-1
2012,136,1246,81,1443,66,0,30.0,54.0,3.0,10.0,18.0,25.0,9.0,30.0,14.0,12.0,2.0,9.0,14.0,25.0,63.0,6.0,15.0,10.0,16.0,10.0,20.0,10.0,10.0,6.0,2.0,19.0,-15,0,16,1,-15
2012,136,1257,69,1172,62,0,21.0,52.0,1.0,5.0,26.0,36.0,13.0,27.0,8.0,10.0,5.0,4.0,19.0,21.0,60.0,4.0,19.0,16.0,23.0,13.0,23.0,12.0,10.0,4.0,6.0,23.0,-7,0,13,4,-9
2012,136,1266,88,1140,68,0,30.0,66.0,9.0,20.0,19.0,26.0,16.0,32.0,19.0,16.0,7.0,3.0,20.0,23.0,61.0,7.0,19.0,15.0,22.0,9.0,25.0,16.0,17.0,8.0,6.0,22.0,-20,0,14,3,-11
2012,136,1293,58,1161,41,0,20.0,51.0,5.0,17.0,13.0,26.0,10.0,22.0,9.0,8.0,9.0,5.0,8.0,16.0,48.0,3.0,14.0,6.0,9.0,12.0,28.0,7.0,22.0,6.0,1.0,22.0,-17,0,11,6,-5
2012,136,1307,75,1253,68,0,25.0,50.0,7.0,21.0,18.0,24.0,7.0,24.0,19.0,14.0,6.0,7.0,16.0,28.0,65.0,4.0,16.0,8.0,14.0,16.0,20.0,13.0,15.0,6.0,2.0,19.0,-7,0,12,5,-7
2012,136,1326,78,1259,59,0,26.0,58.0,5.0,14.0,21.0,26.0,16.0,33.0,11.0,18.0,6.0,8.0,19.0,19.0,54.0,4.0,14.0,17.0,22.0,5.0,19.0,9.0,12.0,6.0,8.0,24.0,-19,0,15,2,-13
2012,136,1393,72,1421,65,0,25.0,56.0,5.0,23.0,17.0,24.0,15.0,18.0,16.0,9.0,5.0,5.0,15.0,21.0,49.0,9.0,23.0,14.0,16.0,10.0,22.0,17.0,12.0,3.0,0.0,22.0,-7,0,16,1,-15
2012,136,1433,62,1455,59,0,25.0,59.0,6.0,23.0,6.0,9.0,10.0,27.0,9.0,11.0,8.0,3.0,12.0,24.0,62.0,5.0,16.0,6.0,10.0,12.0,24.0,13.0,12.0,8.0,4.0,12.0,-3,0,5,12,7
2012,136,1435,79,1217,70,0,25.0,46.0,8.0,18.0,21.0,30.0,10.0,25.0,13.0,16.0,8.0,5.0,18.0,25.0,56.0,9.0,24.0,11.0,14.0,8.0,17.0,14.0,10.0,4.0,0.0,21.0,-9,0,12,5,-7
2012,136,1458,73,1285,49,0,23.0,48.0,10.0,19.0,17.0,19.0,11.0,26.0,15.0,10.0,3.0,8.0,15.0,18.0,47.0,3.0,9.0,10.0,15.0,5.0,16.0,8.0,8.0,8.0,2.0,16.0,-24,0,13,4,-9
2012,137,1153,65,1400,59,0,27.0,59.0,3.0,16.0,8.0,16.0,12.0,28.0,17.0,9.0,4.0,4.0,16.0,20.0,57.0,7.0,20.0,12.0,14.0,10.0,24.0,11.0,11.0,6.0,5.0,15.0,-6,0,11,6,-5
2012,137,1166,58,1104,57,0,22.0,50.0,9.0,21.0,5.0,13.0,7.0,24.0,14.0,7.0,4.0,3.0,11.0,22.0,48.0,7.0,17.0,6.0,12.0,6.0,26.0,9.0,9.0,5.0,4.0,18.0,-1,0,9,8,-1
2012,137,1196,71,1438,45,0,28.0,53.0,4.0,23.0,11.0,17.0,9.0,30.0,11.0,12.0,6.0,0.0,10.0,18.0,47.0,3.0,18.0,6.0,10.0,2.0,21.0,12.0,13.0,5.0,1.0,15.0,-26,0,10,7,-3
2012,137,1199,66,1382,63,0,24.0,53.0,7.0,19.0,11.0,14.0,9.0,22.0,13.0,11.0,9.0,9.0,14.0,23.0,57.0,7.0,14.0,10.0,13.0,14.0,23.0,16.0,13.0,9.0,3.0,16.0,-3,0,14,3,-11
2012,137,1207,74,1125,59,0,30.0,49.0,5.0,12.0,9.0,13.0,7.0,25.0,14.0,12.0,2.0,3.0,10.0,21.0,54.0,10.0,27.0,7.0,11.0,10.0,14.0,16.0,9.0,3.0,0.0,15.0,-15,0,14,3,-11
2012,137,1242,65,1178,50,0,23.0,50.0,5.0,16.0,14.0,23.0,7.0,33.0,12.0,14.0,6.0,5.0,17.0,20.0,63.0,3.0,17.0,7.0,14.0,16.0,25.0,9.0,14.0,9.0,3.0,21.0,-15,0,15,2,-13
2012,137,1250,75,1181,70,0,22.0,52.0,6.0,18.0,25.0,37.0,9.0,25.0,12.0,8.0,7.0,1.0,22.0,24.0,58.0,6.0,26.0,16.0,23.0,13.0,29.0,12.0,13.0,4.0,3.0,26.0,-5,0,2,15,13
2012,137,1277,89,1254,67,0,40.0,68.0,3.0,9.0,6.0,9.0,15.0,28.0,21.0,12.0,6.0,0.0,17.0,22.0,50.0,8.0,17.0,15.0,23.0,4.0,16.0,10.0,12.0,6.0,4.0,10.0,-22,0,16,1,-15
2012,137,1301,79,1361,65,0,31.0,53.0,3.0,9.0,14.0,21.0,6.0,32.0,13.0,10.0,3.0,3.0,13.0,23.0,61.0,8.0,23.0,11.0,14.0,8.0,21.0,9.0,9.0,3.0,2.0,17.0,-14,0,6,11,5
2012,137,1313,86,1281,84,0,32.0,59.0,10.0,19.0,12.0,18.0,14.0,23.0,14.0,11.0,2.0,3.0,20.0,29.0,55.0,13.0,29.0,13.0,17.0,7.0,18.0,15.0,8.0,6.0,1.0,19.0,-2,0,2,15,13
2012,137,1314,77,1436,58,0,27.0,65.0,5.0,18.0,18.0,24.0,15.0,22.0,14.0,11.0,14.0,6.0,10.0,25.0,63.0,3.0,18.0,5.0,8.0,16.0,26.0,8.0,20.0,6.0,2.0,19.0,-19,0,16,1,-15
2012,137,1325,65,1276,60,0,22.0,43.0,6.0,16.0,15.0,17.0,4.0,22.0,13.0,9.0,6.0,2.0,12.0,22.0,54.0,7.0,23.0,9.0,11.0,11.0,18.0,11.0,10.0,2.0,0.0,16.0,-5,0,4,13,9
2012,137,1345,72,1388,69,0,26.0,57.0,5.0,16.0,15.0,18.0,7.0,25.0,7.0,10.0,7.0,2.0,17.0,27.0,64.0,4.0,25.0,11.0,13.0,12.0,27.0,11.0,11.0,3.0,3.0,18.0,-3,0,7,10,3
2012,137,1378,58,1396,44,0,17.0,50.0,8.0,17.0,16.0,21.0,14.0,23.0,7.0,12.0,10.0,1.0,16.0,15.0,42.0,2.0,12.0,12.0,16.0,6.0,22.0,9.0,13.0,6.0,5.0,19.0,-14,0,5,12,7
2012,137,1387,61,1272,54,0,21.0,46.0,5.0,13.0,14.0,18.0,8.0,26.0,7.0,17.0,6.0,1.0,12.0,21.0,54.0,2.0,15.0,10.0,17.0,10.0,19.0,4.0,11.0,8.0,3.0,17.0,-7,0,8,9,1
2012,137,1462,67,1323,63,0,22.0,44.0,5.0,10.0,18.0,27.0,10.0,20.0,11.0,10.0,6.0,1.0,14.0,25.0,49.0,9.0,21.0,4.0,9.0,6.0,15.0,19.0,11.0,6.0,1.0,16.0,-4,0,7,10,3
2012,138,1124,80,1160,63,0,28.0,64.0,11.0,20.0,13.0,18.0,17.0,24.0,15.0,11.0,9.0,4.0,12.0,23.0,51.0,5.0,15.0,12.0,18.0,7.0,21.0,13.0,13.0,6.0,3.0,16.0,-17,0,11,3,-8
2012,138,1231,63,1433,61,0,24.0,46.0,6.0,13.0,9.0,11.0,8.0,28.0,13.0,22.0,6.0,2.0,13.0,23.0,57.0,9.0,30.0,6.0,13.0,8.0,15.0,8.0,11.0,10.0,3.0,16.0,-2,0,12,4,-8
2012,138,1246,87,1235,71,0,31.0,56.0,10.0,20.0,15.0,22.0,12.0,28.0,19.0,11.0,2.0,5.0,19.0,25.0,61.0,3.0,22.0,18.0,25.0,12.0,19.0,7.0,7.0,6.0,2.0,18.0,-16,0,8,1,-7
2012,138,1257,59,1307,56,0,22.0,48.0,7.0,15.0,8.0,12.0,7.0,18.0,9.0,11.0,9.0,5.0,14.0,23.0,58.0,5.0,23.0,5.0,8.0,17.0,19.0,13.0,13.0,5.0,2.0,12.0,-3,0,5,4,-1
2012,138,1266,62,1293,53,0,21.0,55.0,4.0,15.0,16.0,21.0,5.0,31.0,11.0,12.0,7.0,4.0,11.0,20.0,64.0,4.0,21.0,9.0,10.0,13.0,30.0,7.0,16.0,6.0,4.0,18.0,-9,0,6,3,-3
2012,138,1326,73,1211,66,0,25.0,53.0,9.0,24.0,14.0,18.0,9.0,22.0,13.0,11.0,6.0,4.0,17.0,22.0,56.0,8.0,23.0,14.0,19.0,13.0,21.0,14.0,9.0,3.0,1.0,19.0,-7,0,7,2,-5
2012,138,1393,75,1243,59,0,23.0,45.0,6.0,9.0,23.0,29.0,9.0,23.0,13.0,14.0,6.0,8.0,18.0,21.0,67.0,4.0,17.0,13.0,19.0,25.0,16.0,8.0,14.0,5.0,0.0,20.0,-16,0,8,1,-7
2012,138,1458,60,1435,57,0,23.0,55.0,10.0,33.0,4.0,8.0,10.0,20.0,13.0,8.0,4.0,1.0,16.0,20.0,46.0,5.0,19.0,12.0,16.0,9.0,26.0,8.0,12.0,4.0,3.0,17.0,-3,0,5,4,-1
2012,139,1153,62,1199,56,0,19.0,50.0,5.0,15.0,19.0,23.0,10.0,23.0,13.0,15.0,13.0,5.0,18.0,19.0,50.0,6.0,17.0,12.0,15.0,10.0,21.0,11.0,17.0,5.0,8.0,20.0,-6,0,3,6,3
2012,139,1196,84,1313,50,0,28.0,53.0,10.0,28.0,18.0,25.0,13.0,35.0,13.0,13.0,4.0,4.0,12.0,18.0,66.0,4.0,24.0,10.0,13.0,14.0,17.0,9.0,8.0,3.0,3.0,21.0,-34,0,15,7,-8
2012,139,1242,63,1345,60,0,21.0,62.0,6.0,24.0,15.0,23.0,21.0,23.0,10.0,7.0,6.0,4.0,18.0,20.0,50.0,8.0,18.0,12.0,19.0,12.0,24.0,11.0,10.0,3.0,1.0,16.0,-3,0,10,2,-8
2012,139,1277,65,1387,61,0,25.0,46.0,4.0,10.0,11.0,17.0,5.0,27.0,12.0,11.0,2.0,1.0,19.0,18.0,51.0,7.0,25.0,18.0,23.0,8.0,20.0,9.0,6.0,5.0,1.0,16.0,-4,0,9,1,-8
2012,139,1301,66,1207,63,0,20.0,54.0,7.0,15.0,19.0,31.0,17.0,24.0,11.0,10.0,4.0,3.0,14.0,21.0,51.0,8.0,25.0,13.0,17.0,8.0,25.0,13.0,12.0,5.0,4.0,23.0,-3,0,3,11,8
2012,139,1314,87,1166,73,0,33.0,65.0,8.0,16.0,13.0,19.0,11.0,33.0,16.0,9.0,4.0,9.0,8.0,28.0,68.0,8.0,20.0,9.0,12.0,9.0,26.0,11.0,9.0,7.0,3.0,18.0,-14,0,8,1,-7
2012,139,1325,62,1378,56,0,17.0,43.0,9.0,18.0,19.0,25.0,7.0,18.0,10.0,9.0,9.0,1.0,19.0,20.0,46.0,2.0,15.0,14.0,19.0,10.0,23.0,10.0,10.0,5.0,6.0,16.0,-6,0,12,13,1
2012,139,1462,70,1250,58,0,24.0,54.0,7.0,15.0,15.0,21.0,12.0,31.0,8.0,14.0,2.0,6.0,15.0,21.0,64.0,3.0,22.0,13.0,20.0,15.0,21.0,4.0,8.0,6.0,5.0,20.0,-12,0,15,10,-5
2012,143,1196,68,1266,58,0,24.0,59.0,7.0,27.0,13.0,15.0,10.0,32.0,15.0,11.0,5.0,9.0,15.0,20.0,65.0,6.0,21.0,12.0,18.0,15.0,26.0,11.0,9.0,8.0,3.0,17.0,-10,0,3,7,4
2012,143,1257,57,1277,44,0,21.0,55.0,9.0,23.0,6.0,11.0,11.0,28.0,15.0,10.0,9.0,7.0,11.0,14.0,49.0,5.0,21.0,11.0,12.0,8.0,28.0,12.0,15.0,8.0,7.0,15.0,-13,0,1,4,3
2012,143,1326,81,1153,66,0,27.0,56.0,8.0,17.0,19.0,27.0,12.0,23.0,14.0,11.0,13.0,1.0,11.0,26.0,56.0,9.0,23.0,5.0,8.0,8.0,21.0,8.0,18.0,5.0,5.0,21.0,-15,0,6,2,-4
2012,143,1393,64,1458,63,0,27.0,49.0,5.0,9.0,5.0,9.0,7.0,19.0,5.0,6.0,4.0,1.0,13.0,21.0,49.0,14.0,27.0,7.0,12.0,8.0,17.0,15.0,6.0,2.0,2.0,12.0,-1,0,4,1,-3
2012,144,1124,75,1462,70,0,29.0,57.0,5.0,15.0,12.0,14.0,10.0,25.0,21.0,13.0,7.0,3.0,17.0,24.0,56.0,3.0,15.0,19.0,24.0,11.0,18.0,10.0,10.0,7.0,4.0,15.0,-5,0,10,3,-7
2012,144,1242,60,1301,57,0,24.0,64.0,1.0,14.0,11.0,20.0,20.0,30.0,13.0,14.0,9.0,11.0,14.0,19.0,67.0,6.0,21.0,13.0,17.0,21.0,26.0,10.0,14.0,7.0,6.0,17.0,-3,0,11,2,-9
2012,144,1246,102,1231,90,0,31.0,64.0,5.0,10.0,35.0,37.0,15.0,24.0,12.0,6.0,3.0,4.0,18.0,36.0,69.0,5.0,18.0,13.0,17.0,12.0,19.0,16.0,8.0,3.0,2.0,27.0,-12,0,4,1,-3
2012,144,1314,73,1325,65,1,23.11111111111111,57.77777777777778,6.222222222222222,19.55555555555556,12.444444444444445,21.33333333333333,19.55555555555556,36.44444444444444,16.0,21.33333333333333,3.555555555555556,7.111111111111111,11.555555555555555,20.444444444444443,63.11111111111112,10.666666666666666,28.444444444444443,6.222222222222222,7.111111111111111,6.222222222222222,20.444444444444443,15.11111111111111,11.555555555555555,11.555555555555555,2.6666666666666665,19.55555555555556,-8,0,13,1,-12
2012,145,1257,72,1196,68,0,27.0,60.0,6.0,16.0,12.0,15.0,8.0,22.0,11.0,6.0,6.0,3.0,21.0,24.0,48.0,8.0,20.0,12.0,18.0,6.0,26.0,17.0,14.0,4.0,3.0,15.0,-4,0,7,4,-3
2012,145,1326,77,1393,70,0,21.0,51.0,4.0,13.0,31.0,42.0,14.0,25.0,10.0,12.0,4.0,3.0,20.0,22.0,53.0,6.0,16.0,20.0,25.0,8.0,18.0,9.0,12.0,6.0,7.0,29.0,-7,0,1,2,1
2012,146,1242,80,1314,67,0,29.0,63.0,4.0,14.0,18.0,24.0,11.0,30.0,14.0,8.0,9.0,3.0,16.0,28.0,64.0,2.0,17.0,9.0,12.0,8.0,27.0,18.0,10.0,5.0,6.0,17.0,-13,0,1,2,1
2012,146,1246,82,1124,70,0,24.0,45.0,4.0,9.0,30.0,44.0,8.0,24.0,15.0,13.0,9.0,9.0,19.0,25.0,64.0,4.0,14.0,16.0,19.0,16.0,18.0,15.0,14.0,5.0,5.0,32.0,-12,0,3,1,-2
2012,152,1242,64,1326,62,0,25.0,56.0,3.0,11.0,11.0,14.0,12.0,30.0,14.0,17.0,5.0,8.0,15.0,20.0,59.0,8.0,22.0,14.0,15.0,10.0,20.0,11.0,12.0,7.0,7.0,17.0,-2,0,2,2,0
2012,152,1246,69,1257,61,0,28.0,49.0,2.0,7.0,11.0,20.0,6.0,27.0,9.0,14.0,7.0,7.0,14.0,24.0,69.0,4.0,11.0,9.0,13.0,19.0,21.0,7.0,12.0,5.0,4.0,16.0,-8,0,4,1,-3
2012,154,1246,67,1242,59,0,23.0,56.0,6.0,14.0,15.0,21.0,12.0,31.0,12.0,11.0,4.0,11.0,15.0,22.0,62.0,5.0,11.0,10.0,15.0,11.0,24.0,9.0,9.0,6.0,5.0,16.0,-8,0,2,1,-1
2013,134,1299,73,1251,72,0,27.0,52.0,8.0,18.0,11.0,19.0,6.0,27.0,10.0,8.0,6.0,4.0,19.0,23.0,54.0,10.0,23.0,16.0,18.0,6.0,24.0,15.0,10.0,4.0,3.0,17.0,-1,0,16,16,0
2013,134,1388,67,1292,54,0,21.0,46.0,8.0,14.0,17.0,25.0,8.0,25.0,9.0,7.0,3.0,0.0,15.0,22.0,52.0,4.0,12.0,6.0,7.0,6.0,22.0,14.0,9.0,4.0,3.0,20.0,-13,0,11,11,0
2013,135,1241,68,1254,55,0,26.0,56.0,8.0,23.0,8.0,12.0,14.0,25.0,17.0,11.0,3.0,10.0,16.0,21.0,59.0,3.0,16.0,10.0,14.0,16.0,19.0,11.0,11.0,7.0,1.0,12.0,-13,0,16,16,0
2013,135,1247,80,1129,71,0,31.0,49.0,11.0,21.0,7.0,12.0,3.0,19.0,16.0,10.0,4.0,1.0,16.0,26.0,53.0,7.0,18.0,12.0,18.0,11.0,18.0,14.0,10.0,3.0,1.0,13.0,-9,0,13,13,0
2013,136,1112,81,1125,64,0,29.0,51.0,9.0,17.0,14.0,20.0,12.0,32.0,13.0,16.0,2.0,5.0,21.0,20.0,51.0,8.0,27.0,16.0,23.0,4.0,14.0,7.0,8.0,7.0,0.0,20.0,-17,0,11,6,-5
2013,136,1139,68,1137,56,0,20.0,55.0,3.0,17.0,25.0,28.0,10.0,31.0,8.0,5.0,6.0,3.0,12.0,23.0,62.0,5.0,16.0,5.0,8.0,9.0,28.0,13.0,9.0,0.0,4.0,20.0,-12,0,11,6,-5
2013,136,1143,64,1424,61,0,26.0,59.0,5.0,11.0,7.0,16.0,8.0,33.0,18.0,11.0,7.0,5.0,19.0,19.0,59.0,6.0,20.0,17.0,26.0,12.0,30.0,11.0,12.0,3.0,6.0,20.0,-3,0,5,12,7
2013,136,1161,84,1281,72,0,25.0,51.0,7.0,14.0,27.0,33.0,12.0,30.0,10.0,14.0,1.0,3.0,17.0,24.0,57.0,7.0,23.0,17.0,19.0,3.0,16.0,13.0,5.0,6.0,3.0,24.0,-12,0,9,8,-1
2013,136,1211,64,1380,58,0,23.0,55.0,8.0,20.0,10.0,15.0,11.0,29.0,14.0,10.0,6.0,0.0,16.0,18.0,46.0,10.0,23.0,12.0,18.0,3.0,24.0,10.0,10.0,4.0,8.0,12.0,-6,0,16,1,-15
2013,136,1217,68,1307,62,0,22.0,42.0,8.0,18.0,16.0,20.0,3.0,23.0,11.0,13.0,3.0,3.0,20.0,21.0,56.0,3.0,14.0,17.0,24.0,16.0,18.0,8.0,11.0,12.0,1.0,17.0,-6,0,3,14,11
2013,136,1257,79,1299,48,0,31.0,54.0,4.0,16.0,13.0,22.0,12.0,19.0,14.0,16.0,20.0,2.0,13.0,17.0,41.0,6.0,16.0,8.0,10.0,5.0,15.0,7.0,27.0,8.0,0.0,18.0,-31,0,16,1,-15
2013,136,1266,59,1172,58,0,20.0,58.0,4.0,15.0,15.0,19.0,17.0,24.0,5.0,9.0,5.0,4.0,20.0,19.0,46.0,6.0,17.0,14.0,22.0,7.0,22.0,12.0,11.0,2.0,4.0,17.0,-1,0,14,3,-11
2013,136,1272,54,1388,52,0,20.0,49.0,5.0,15.0,9.0,18.0,10.0,25.0,12.0,15.0,9.0,12.0,18.0,19.0,58.0,3.0,15.0,11.0,14.0,15.0,24.0,9.0,13.0,4.0,0.0,19.0,-2,0,11,6,-5
2013,136,1276,71,1355,56,0,28.0,55.0,9.0,20.0,6.0,9.0,8.0,21.0,12.0,9.0,6.0,3.0,8.0,23.0,52.0,4.0,19.0,6.0,8.0,8.0,21.0,13.0,12.0,3.0,0.0,10.0,-15,0,13,4,-9
2013,136,1277,65,1434,54,0,26.0,58.0,6.0,15.0,7.0,11.0,20.0,29.0,16.0,17.0,6.0,3.0,16.0,19.0,54.0,7.0,25.0,9.0,14.0,8.0,15.0,10.0,7.0,12.0,5.0,12.0,-11,0,14,3,-11
2013,136,1332,68,1329,55,0,23.0,59.0,8.0,22.0,14.0,21.0,14.0,30.0,12.0,18.0,8.0,3.0,19.0,21.0,52.0,5.0,17.0,8.0,15.0,6.0,26.0,12.0,14.0,8.0,3.0,23.0,-13,0,5,12,7
2013,136,1387,64,1308,44,0,25.0,54.0,4.0,11.0,10.0,14.0,10.0,23.0,17.0,10.0,10.0,3.0,15.0,17.0,61.0,2.0,16.0,8.0,13.0,21.0,21.0,10.0,16.0,9.0,7.0,12.0,-20,0,13,4,-9
2013,136,1393,81,1285,34,0,27.0,52.0,5.0,11.0,22.0,31.0,8.0,32.0,21.0,8.0,12.0,5.0,8.0,11.0,54.0,4.0,31.0,8.0,12.0,11.0,22.0,5.0,17.0,5.0,6.0,22.0,-47,0,13,4,-9
2013,136,1433,88,1103,42,0,35.0,65.0,8.0,16.0,10.0,14.0,13.0,23.0,15.0,7.0,11.0,0.0,17.0,15.0,43.0,1.0,13.0,11.0,19.0,9.0,20.0,5.0,22.0,2.0,6.0,12.0,-46,0,12,5,-7
2013,136,1455,73,1338,55,0,19.0,49.0,2.0,20.0,33.0,41.0,11.0,26.0,11.0,11.0,10.0,1.0,20.0,19.0,54.0,1.0,17.0,16.0,20.0,11.0,21.0,8.0,15.0,5.0,5.0,27.0,-18,0,8,9,1
2013,137,1166,67,1153,63,0,19.0,42.0,7.0,15.0,22.0,25.0,7.0,25.0,16.0,16.0,2.0,2.0,11.0,27.0,64.0,5.0,20.0,4.0,9.0,14.0,17.0,12.0,9.0,9.0,4.0,21.0,-4,0,10,7,-3
2013,137,1181,73,1107,61,0,27.0,46.0,4.0,11.0,15.0,21.0,5.0,23.0,17.0,11.0,9.0,3.0,18.0,19.0,52.0,9.0,15.0,14.0,16.0,10.0,16.0,14.0,13.0,7.0,2.0,19.0,-12,0,15,2,-13
2013,137,1195,78,1207,68,0,21.0,49.0,6.0,15.0,30.0,44.0,7.0,32.0,15.0,13.0,5.0,3.0,18.0,24.0,64.0,7.0,27.0,13.0,20.0,11.0,28.0,15.0,14.0,6.0,4.0,33.0,-10,0,2,15,13
2013,137,1196,79,1322,47,0,29.0,61.0,7.0,21.0,14.0,23.0,16.0,27.0,13.0,8.0,10.0,2.0,12.0,18.0,50.0,3.0,16.0,8.0,11.0,6.0,20.0,9.0,15.0,2.0,3.0,19.0,-32,0,14,3,-11
2013,137,1228,57,1160,49,0,16.0,52.0,8.0,31.0,17.0,24.0,11.0,26.0,10.0,12.0,8.0,4.0,12.0,17.0,51.0,5.0,19.0,10.0,13.0,8.0,28.0,7.0,15.0,5.0,5.0,20.0,-8,0,10,7,-3
2013,137,1231,83,1241,62,0,29.0,55.0,9.0,23.0,16.0,21.0,12.0,26.0,17.0,9.0,3.0,3.0,8.0,26.0,62.0,8.0,20.0,2.0,4.0,11.0,17.0,7.0,10.0,1.0,3.0,21.0,-21,0,16,1,-15
2013,137,1235,76,1323,58,0,29.0,59.0,9.0,21.0,9.0,12.0,5.0,22.0,19.0,6.0,4.0,1.0,13.0,22.0,51.0,4.0,17.0,10.0,13.0,9.0,26.0,9.0,17.0,2.0,2.0,11.0,-18,0,7,10,3
2013,137,1242,64,1443,57,0,20.0,42.0,0.0,6.0,24.0,30.0,4.0,31.0,11.0,17.0,4.0,9.0,15.0,21.0,66.0,3.0,20.0,12.0,18.0,18.0,23.0,8.0,10.0,9.0,0.0,24.0,-7,0,16,1,-15
2013,137,1247,63,1243,61,0,21.0,49.0,7.0,18.0,14.0,16.0,8.0,22.0,12.0,8.0,4.0,5.0,13.0,24.0,57.0,4.0,13.0,9.0,17.0,15.0,21.0,12.0,9.0,6.0,7.0,14.0,-2,0,4,13,9
2013,137,1274,78,1334,49,0,24.0,52.0,12.0,22.0,18.0,21.0,10.0,31.0,12.0,11.0,7.0,4.0,14.0,18.0,54.0,9.0,26.0,4.0,11.0,10.0,18.0,9.0,14.0,2.0,1.0,16.0,-29,0,15,2,-13
2013,137,1278,83,1417,63,0,31.0,61.0,9.0,16.0,12.0,19.0,11.0,25.0,19.0,11.0,7.0,3.0,19.0,20.0,63.0,4.0,22.0,19.0,25.0,19.0,23.0,10.0,15.0,5.0,2.0,19.0,-20,0,6,11,5
2013,137,1279,57,1458,46,0,22.0,57.0,3.0,15.0,10.0,16.0,12.0,31.0,8.0,10.0,6.0,6.0,12.0,15.0,59.0,7.0,30.0,9.0,13.0,15.0,25.0,10.0,11.0,7.0,7.0,16.0,-11,0,5,12,7
2013,137,1314,78,1437,71,0,24.0,49.0,11.0,21.0,19.0,27.0,6.0,22.0,18.0,17.0,10.0,2.0,14.0,27.0,61.0,4.0,21.0,13.0,19.0,15.0,22.0,6.0,16.0,9.0,2.0,22.0,-7,0,9,8,-1
2013,137,1326,95,1233,70,0,34.0,71.0,7.0,15.0,20.0,25.0,13.0,31.0,25.0,10.0,8.0,7.0,17.0,23.0,65.0,6.0,28.0,18.0,21.0,14.0,26.0,13.0,19.0,4.0,2.0,18.0,-25,0,15,2,-13
2013,137,1361,70,1328,55,0,24.0,56.0,6.0,15.0,16.0,17.0,11.0,29.0,15.0,11.0,5.0,3.0,11.0,23.0,58.0,5.0,21.0,4.0,8.0,8.0,21.0,10.0,9.0,6.0,2.0,20.0,-15,0,10,7,-3
2013,137,1396,76,1301,72,0,24.0,50.0,7.0,18.0,21.0,33.0,4.0,20.0,13.0,5.0,5.0,4.0,15.0,29.0,52.0,4.0,13.0,10.0,16.0,7.0,27.0,14.0,13.0,3.0,2.0,24.0,-4,0,8,9,1
2013,138,1112,74,1217,51,0,27.0,49.0,9.0,15.0,11.0,16.0,3.0,36.0,13.0,12.0,4.0,2.0,20.0,16.0,58.0,5.0,18.0,14.0,19.0,11.0,22.0,12.0,8.0,7.0,1.0,14.0,-23,0,14,6,-8
2013,138,1257,82,1161,56,0,31.0,55.0,5.0,9.0,15.0,18.0,10.0,19.0,14.0,9.0,11.0,2.0,24.0,19.0,40.0,5.0,12.0,13.0,21.0,7.0,17.0,4.0,20.0,0.0,4.0,19.0,-26,0,8,1,-7
2013,138,1266,74,1139,72,0,23.0,54.0,5.0,12.0,23.0,27.0,14.0,21.0,9.0,15.0,9.0,4.0,17.0,24.0,56.0,11.0,24.0,13.0,19.0,12.0,21.0,13.0,15.0,7.0,8.0,20.0,-2,0,6,3,-3
2013,138,1276,78,1433,53,0,31.0,60.0,6.0,20.0,10.0,11.0,12.0,29.0,17.0,12.0,7.0,0.0,7.0,23.0,58.0,3.0,16.0,4.0,6.0,7.0,17.0,6.0,11.0,9.0,2.0,14.0,-25,0,5,4,-1
2013,138,1277,70,1272,48,0,26.0,52.0,4.0,16.0,14.0,22.0,14.0,35.0,14.0,18.0,10.0,7.0,14.0,19.0,64.0,5.0,23.0,5.0,10.0,11.0,18.0,8.0,11.0,7.0,5.0,18.0,-22,0,6,3,-3
2013,138,1332,74,1387,57,0,28.0,53.0,8.0,11.0,10.0,16.0,9.0,29.0,18.0,18.0,10.0,4.0,19.0,20.0,53.0,3.0,21.0,14.0,22.0,6.0,21.0,11.0,12.0,10.0,2.0,15.0,-17,0,4,12,8
2013,138,1393,66,1143,60,0,18.0,46.0,4.0,10.0,26.0,41.0,14.0,23.0,7.0,15.0,10.0,3.0,16.0,22.0,56.0,4.0,21.0,12.0,19.0,13.0,21.0,14.0,17.0,6.0,2.0,24.0,-6,0,12,4,-8
2013,138,1455,76,1211,70,0,25.0,50.0,14.0,28.0,12.0,18.0,10.0,20.0,16.0,15.0,8.0,6.0,22.0,21.0,59.0,8.0,23.0,20.0,29.0,21.0,18.0,13.0,13.0,8.0,2.0,17.0,-6,0,1,9,8
2013,139,1181,66,1166,50,0,19.0,49.0,7.0,20.0,21.0,28.0,7.0,31.0,9.0,9.0,7.0,4.0,20.0,16.0,53.0,2.0,19.0,16.0,18.0,7.0,26.0,9.0,10.0,2.0,2.0,26.0,-16,0,7,2,-5
2013,139,1195,81,1361,71,0,33.0,59.0,7.0,18.0,8.0,12.0,9.0,22.0,21.0,13.0,13.0,5.0,13.0,27.0,61.0,8.0,23.0,9.0,13.0,14.0,20.0,16.0,17.0,10.0,6.0,11.0,-10,0,7,15,8
2013,139,1196,78,1278,64,0,21.0,37.0,10.0,20.0,26.0,36.0,6.0,20.0,13.0,14.0,7.0,3.0,18.0,20.0,50.0,8.0,18.0,16.0,22.0,13.0,16.0,11.0,14.0,4.0,1.0,25.0,-14,0,11,3,-8
2013,139,1231,58,1396,52,0,19.0,45.0,4.0,13.0,16.0,20.0,4.0,28.0,9.0,12.0,0.0,2.0,8.0,21.0,62.0,3.0,24.0,7.0,8.0,14.0,21.0,8.0,10.0,5.0,4.0,18.0,-6,0,9,1,-8
2013,139,1242,70,1314,58,0,24.0,55.0,5.0,14.0,17.0,21.0,15.0,35.0,11.0,22.0,7.0,5.0,11.0,22.0,73.0,6.0,21.0,8.0,10.0,16.0,20.0,10.0,11.0,15.0,1.0,20.0,-12,0,8,1,-7
2013,139,1247,76,1279,74,0,27.0,55.0,9.0,23.0,13.0,18.0,9.0,21.0,14.0,12.0,8.0,4.0,19.0,30.0,63.0,4.0,19.0,10.0,21.0,18.0,22.0,14.0,13.0,5.0,4.0,18.0,-2,0,12,13,1
2013,139,1274,63,1228,59,0,22.0,55.0,9.0,25.0,10.0,15.0,13.0,22.0,12.0,6.0,4.0,2.0,10.0,23.0,61.0,7.0,27.0,6.0,7.0,16.0,22.0,7.0,8.0,2.0,3.0,17.0,-4,0,7,2,-5
2013,139,1326,78,1235,75,0,25.0,49.0,9.0,18.0,19.0,26.0,3.0,19.0,12.0,9.0,7.0,2.0,20.0,23.0,52.0,12.0,25.0,17.0,23.0,12.0,24.0,14.0,16.0,4.0,0.0,20.0,-3,0,10,2,-8
2013,143,1266,71,1274,61,0,27.0,50.0,3.0,6.0,14.0,19.0,10.0,26.0,14.0,11.0,3.0,3.0,11.0,22.0,63.0,8.0,26.0,9.0,12.0,15.0,16.0,12.0,8.0,3.0,3.0,15.0,-10,0,2,3,1
2013,143,1326,73,1112,70,0,22.0,52.0,7.0,13.0,22.0,26.0,11.0,21.0,9.0,8.0,4.0,3.0,18.0,23.0,52.0,6.0,18.0,18.0,20.0,9.0,21.0,7.0,11.0,6.0,2.0,20.0,-3,0,6,2,-4
2013,143,1393,61,1231,50,0,21.0,48.0,4.0,10.0,15.0,20.0,7.0,25.0,4.0,14.0,11.0,11.0,17.0,16.0,47.0,3.0,15.0,15.0,24.0,11.0,23.0,8.0,18.0,6.0,2.0,18.0,-11,0,1,4,3
2013,143,1455,72,1247,58,0,30.0,67.0,5.0,12.0,7.0,9.0,17.0,30.0,12.0,8.0,4.0,8.0,13.0,20.0,56.0,7.0,18.0,11.0,16.0,9.0,20.0,8.0,9.0,5.0,2.0,13.0,-14,0,13,9,-4
2013,144,1181,71,1277,61,0,20.0,49.0,7.0,18.0,24.0,26.0,5.0,24.0,8.0,8.0,3.0,5.0,17.0,20.0,50.0,3.0,12.0,18.0,24.0,8.0,25.0,6.0,11.0,6.0,4.0,24.0,-10,0,3,2,-1
2013,144,1196,62,1195,50,0,22.0,57.0,4.0,15.0,14.0,23.0,15.0,20.0,12.0,10.0,11.0,3.0,11.0,20.0,44.0,4.0,11.0,6.0,11.0,6.0,22.0,11.0,20.0,7.0,3.0,20.0,-12,0,15,3,-12
2013,144,1257,77,1332,69,0,28.0,52.0,4.0,13.0,17.0,26.0,9.0,25.0,10.0,13.0,7.0,5.0,19.0,27.0,61.0,5.0,14.0,10.0,17.0,12.0,23.0,12.0,12.0,7.0,3.0,22.0,-8,0,12,1,-11
2013,144,1276,87,1242,85,1,31.11111111111111,63.11111111111112,7.111111111111111,20.444444444444443,8.0,15.11111111111111,12.444444444444445,21.33333333333333,16.0,8.88888888888889,6.222222222222222,0.8888888888888888,10.666666666666666,32.0,58.66666666666666,5.333333333333333,14.22222222222222,6.222222222222222,8.88888888888889,6.222222222222222,24.88888888888889,18.666666666666668,11.555555555555555,4.444444444444445,7.111111111111111,15.11111111111111,-2,0,1,4,3
2013,145,1393,55,1266,39,0,19.0,50.0,5.0,17.0,12.0,19.0,11.0,26.0,8.0,6.0,9.0,8.0,11.0,12.0,53.0,3.0,25.0,12.0,16.0,19.0,25.0,10.0,13.0,5.0,6.0,16.0,-16,0,3,4,1
2013,145,1455,70,1326,66,0,22.0,59.0,8.0,20.0,18.0,23.0,13.0,27.0,9.0,12.0,8.0,9.0,23.0,19.0,61.0,5.0,25.0,23.0,29.0,11.0,26.0,7.0,9.0,5.0,8.0,22.0,-4,0,2,9,7
2013,146,1257,85,1181,63,0,29.0,55.0,2.0,13.0,25.0,36.0,11.0,26.0,8.0,8.0,10.0,9.0,23.0,19.0,52.0,4.0,16.0,21.0,28.0,11.0,20.0,11.0,12.0,4.0,2.0,23.0,-22,0,2,1,-1
2013,146,1276,79,1196,59,0,30.0,65.0,10.0,19.0,9.0,13.0,9.0,26.0,18.0,11.0,13.0,5.0,13.0,23.0,56.0,2.0,10.0,11.0,17.0,9.0,27.0,13.0,15.0,7.0,3.0,11.0,-20,0,3,4,1
2013,152,1257,72,1455,68,0,22.0,49.0,9.0,25.0,19.0,29.0,11.0,22.0,10.0,9.0,8.0,3.0,23.0,22.0,54.0,6.0,20.0,18.0,24.0,14.0,22.0,13.0,11.0,5.0,1.0,20.0,-4,0,9,1,-8
2013,152,1276,61,1393,56,0,21.0,53.0,8.0,24.0,11.0,20.0,13.0,24.0,17.0,10.0,5.0,3.0,11.0,23.0,55.0,3.0,14.0,7.0,11.0,10.0,23.0,13.0,10.0,7.0,4.0,19.0,-5,0,4,4,0
2013,154,1257,82,1276,76,0,28.0,61.0,8.0,16.0,18.0,23.0,15.0,17.0,18.0,9.0,9.0,3.0,22.0,25.0,48.0,8.0,18.0,18.0,25.0,8.0,19.0,12.0,12.0,3.0,2.0,15.0,-6,0,4,1,-3
2014,134,1107,71,1291,64,0,27.0,47.0,2.0,9.0,15.0,19.0,6.0,36.0,12.0,14.0,3.0,1.0,13.0,22.0,60.0,12.0,37.0,8.0,12.0,6.0,17.0,13.0,4.0,3.0,1.0,16.0,-7,0,16,16,0
2014,134,1301,74,1462,59,0,29.0,53.0,4.0,14.0,12.0,16.0,6.0,23.0,16.0,9.0,4.0,9.0,14.0,23.0,55.0,2.0,14.0,11.0,16.0,11.0,20.0,7.0,13.0,3.0,0.0,17.0,-15,0,12,12,0
2014,135,1142,81,1411,69,0,29.0,51.0,6.0,15.0,17.0,22.0,10.0,18.0,15.0,10.0,4.0,4.0,20.0,24.0,50.0,4.0,13.0,17.0,22.0,11.0,16.0,12.0,13.0,3.0,1.0,23.0,-12,0,16,16,0
2014,135,1397,78,1234,65,1,21.33333333333333,48.0,4.444444444444445,18.666666666666668,22.22222222222222,26.666666666666668,8.88888888888889,24.0,11.555555555555555,7.111111111111111,1.7777777777777777,0.8888888888888888,12.444444444444445,21.33333333333333,51.55555555555556,3.555555555555556,14.22222222222222,11.555555555555555,13.333333333333334,6.222222222222222,20.444444444444443,12.444444444444445,5.333333333333333,1.7777777777777777,1.7777777777777777,24.88888888888889,-13,0,11,11,0
2014,136,1163,89,1386,81,1,26.666666666666668,58.66666666666666,9.77777777777778,21.33333333333333,16.0,17.77777777777778,10.666666666666666,19.55555555555556,11.555555555555555,8.0,5.333333333333333,1.7777777777777777,18.666666666666668,24.0,48.0,6.222222222222222,18.666666666666668,17.77777777777778,24.0,8.0,21.33333333333333,10.666666666666666,12.444444444444445,2.6666666666666665,1.7777777777777777,19.55555555555556,-8,0,10,7,-3
2014,136,1173,60,1326,59,0,22.0,49.0,3.0,13.0,13.0,17.0,4.0,24.0,12.0,13.0,10.0,0.0,14.0,24.0,50.0,3.0,12.0,8.0,12.0,3.0,25.0,12.0,14.0,10.0,4.0,16.0,-1,0,6,11,5
2014,136,1196,67,1107,55,0,25.0,49.0,3.0,12.0,14.0,18.0,5.0,25.0,11.0,10.0,7.0,5.0,14.0,20.0,51.0,4.0,13.0,11.0,14.0,6.0,21.0,10.0,10.0,4.0,2.0,15.0,-12,0,16,1,-15
2014,136,1217,61,1153,57,0,19.0,44.0,6.0,17.0,17.0,28.0,9.0,24.0,9.0,12.0,4.0,3.0,15.0,21.0,57.0,4.0,12.0,11.0,16.0,16.0,18.0,5.0,11.0,6.0,6.0,20.0,-4,0,5,12,7
2014,136,1257,71,1264,64,0,20.0,55.0,4.0,13.0,27.0,35.0,16.0,26.0,10.0,12.0,11.0,8.0,18.0,23.0,51.0,3.0,5.0,15.0,21.0,7.0,24.0,11.0,15.0,8.0,5.0,27.0,-7,0,13,4,-9
2014,136,1276,57,1459,40,0,22.0,46.0,7.0,17.0,6.0,9.0,6.0,25.0,15.0,11.0,8.0,1.0,8.0,18.0,53.0,1.0,19.0,3.0,4.0,8.0,18.0,10.0,9.0,3.0,0.0,14.0,-17,0,15,2,-13
2014,136,1277,93,1174,78,0,30.0,56.0,10.0,19.0,23.0,25.0,10.0,32.0,16.0,14.0,4.0,2.0,27.0,20.0,55.0,8.0,20.0,30.0,39.0,7.0,17.0,7.0,8.0,4.0,1.0,19.0,-15,0,13,4,-9
2014,136,1295,80,1328,75,1,24.0,45.333333333333336,5.333333333333333,12.444444444444445,17.77777777777778,19.55555555555556,5.333333333333333,28.444444444444443,10.666666666666666,13.333333333333334,4.444444444444445,5.333333333333333,17.77777777777778,22.22222222222222,64.0,10.666666666666666,26.666666666666668,11.555555555555555,16.0,16.0,16.88888888888889,12.444444444444445,8.88888888888889,4.444444444444445,2.6666666666666665,14.22222222222222,-5,0,5,12,7
2014,136,1332,87,1140,68,0,27.0,54.0,2.0,13.0,31.0,38.0,8.0,29.0,21.0,8.0,4.0,4.0,22.0,20.0,61.0,5.0,19.0,23.0,30.0,12.0,20.0,14.0,9.0,4.0,0.0,25.0,-19,0,10,7,-3
2014,136,1338,77,1160,48,0,31.0,61.0,4.0,14.0,11.0,12.0,9.0,24.0,18.0,3.0,12.0,3.0,13.0,15.0,42.0,4.0,16.0,14.0,18.0,7.0,22.0,5.0,17.0,2.0,0.0,12.0,-29,0,8,9,1
2014,136,1361,73,1308,69,1,20.444444444444443,52.44444444444444,5.333333333333333,15.11111111111111,18.666666666666668,24.0,8.88888888888889,26.666666666666668,8.0,9.77777777777778,7.111111111111111,8.0,16.0,23.11111111111111,57.77777777777778,4.444444444444445,14.22222222222222,10.666666666666666,17.77777777777778,12.444444444444445,24.0,11.555555555555555,11.555555555555555,3.555555555555556,3.555555555555556,19.55555555555556,-4,0,13,4,-9
2014,136,1387,83,1301,80,1,27.55555555555556,56.888888888888886,8.0,16.0,10.666666666666666,23.11111111111111,8.0,28.444444444444443,14.22222222222222,8.0,6.222222222222222,3.555555555555556,23.11111111111111,24.88888888888889,53.333333333333336,3.555555555555556,8.0,17.77777777777778,32.888888888888886,8.88888888888889,29.33333333333333,8.88888888888889,10.666666666666666,6.222222222222222,4.444444444444445,17.77777777777778,-3,0,12,5,-7
2014,136,1393,77,1444,53,0,28.0,57.0,7.0,17.0,14.0,17.0,13.0,28.0,16.0,12.0,8.0,6.0,21.0,17.0,49.0,4.0,18.0,15.0,20.0,8.0,17.0,12.0,13.0,4.0,1.0,16.0,-24,0,14,3,-11
2014,136,1400,87,1113,85,0,31.0,58.0,5.0,12.0,20.0,27.0,10.0,20.0,17.0,9.0,6.0,5.0,24.0,27.0,56.0,8.0,15.0,23.0,33.0,11.0,21.0,17.0,10.0,2.0,1.0,18.0,-2,0,10,7,-3
2014,136,1437,73,1454,53,0,28.0,62.0,4.0,23.0,13.0,16.0,12.0,34.0,13.0,11.0,8.0,10.0,17.0,18.0,63.0,6.0,24.0,11.0,15.0,13.0,24.0,13.0,12.0,4.0,2.0,14.0,-20,0,15,2,-13
2014,136,1458,75,1110,35,0,26.0,52.0,10.0,23.0,13.0,14.0,6.0,25.0,13.0,7.0,9.0,1.0,15.0,11.0,37.0,4.0,15.0,9.0,15.0,4.0,20.0,8.0,17.0,5.0,0.0,16.0,-40,0,15,2,-13
2014,137,1112,68,1451,59,0,26.0,47.0,7.0,14.0,9.0,16.0,7.0,24.0,15.0,12.0,4.0,12.0,20.0,16.0,53.0,7.0,17.0,20.0,23.0,13.0,19.0,7.0,10.0,8.0,3.0,17.0,-9,0,16,1,-15
2014,137,1124,74,1304,60,0,17.0,42.0,2.0,13.0,38.0,48.0,9.0,28.0,9.0,12.0,7.0,2.0,16.0,23.0,54.0,4.0,21.0,10.0,16.0,5.0,20.0,7.0,11.0,9.0,7.0,31.0,-14,0,11,6,-5
2014,137,1166,76,1418,66,0,28.0,54.0,9.0,23.0,11.0,21.0,6.0,30.0,18.0,6.0,0.0,3.0,17.0,25.0,66.0,4.0,16.0,12.0,17.0,13.0,23.0,8.0,4.0,3.0,5.0,18.0,-10,0,14,3,-11
2014,137,1211,85,1329,77,0,25.0,50.0,9.0,18.0,26.0,41.0,7.0,30.0,13.0,15.0,5.0,1.0,28.0,26.0,65.0,3.0,15.0,22.0,37.0,17.0,23.0,13.0,12.0,10.0,2.0,33.0,-8,0,9,8,-1
2014,137,1235,93,1300,75,0,35.0,55.0,9.0,17.0,14.0,16.0,10.0,24.0,21.0,9.0,5.0,5.0,14.0,30.0,65.0,5.0,16.0,10.0,12.0,13.0,11.0,12.0,6.0,3.0,5.0,13.0,-18,0,14,3,-11
2014,137,1242,80,1184,69,0,32.0,53.0,0.0,7.0,16.0,24.0,14.0,29.0,17.0,14.0,2.0,7.0,14.0,22.0,57.0,12.0,31.0,13.0,16.0,8.0,11.0,14.0,7.0,8.0,1.0,21.0,-11,0,15,2,-13
2014,137,1246,56,1243,49,0,19.0,50.0,4.0,15.0,14.0,21.0,13.0,27.0,8.0,15.0,4.0,7.0,11.0,19.0,53.0,5.0,21.0,6.0,12.0,9.0,19.0,8.0,10.0,7.0,3.0,20.0,-7,0,9,8,-1
2014,137,1272,71,1203,66,0,27.0,55.0,6.0,22.0,11.0,16.0,15.0,21.0,19.0,12.0,8.0,4.0,20.0,25.0,56.0,2.0,12.0,14.0,24.0,16.0,17.0,8.0,10.0,9.0,2.0,16.0,-5,0,9,8,-1
2014,137,1273,78,1181,71,0,25.0,45.0,5.0,13.0,23.0,28.0,3.0,24.0,16.0,8.0,3.0,0.0,15.0,22.0,62.0,15.0,37.0,12.0,13.0,16.0,19.0,15.0,12.0,6.0,1.0,22.0,-7,0,3,14,11
2014,137,1314,79,1344,77,0,33.0,71.0,4.0,15.0,9.0,13.0,21.0,19.0,15.0,9.0,7.0,4.0,19.0,28.0,53.0,4.0,16.0,17.0,21.0,9.0,17.0,12.0,10.0,4.0,8.0,14.0,-2,0,11,6,-5
2014,137,1372,77,1433,75,1,24.0,45.333333333333336,5.333333333333333,14.22222222222222,15.11111111111111,20.444444444444443,8.88888888888889,22.22222222222222,14.22222222222222,15.11111111111111,5.333333333333333,1.7777777777777777,14.22222222222222,26.666666666666668,57.77777777777778,7.111111111111111,18.666666666666668,6.222222222222222,9.77777777777778,9.77777777777778,16.0,11.555555555555555,9.77777777777778,9.77777777777778,4.444444444444445,18.666666666666668,-2,0,5,12,7
2014,137,1390,58,1307,53,0,19.0,49.0,8.0,15.0,12.0,17.0,5.0,30.0,10.0,10.0,6.0,5.0,20.0,19.0,52.0,4.0,21.0,11.0,19.0,9.0,28.0,12.0,10.0,2.0,2.0,18.0,-5,0,7,10,3
2014,137,1397,86,1269,67,0,30.0,56.0,2.0,14.0,24.0,31.0,10.0,27.0,16.0,12.0,8.0,3.0,13.0,28.0,66.0,3.0,11.0,8.0,11.0,14.0,19.0,12.0,13.0,8.0,1.0,21.0,-19,0,6,11,5
2014,137,1417,76,1409,59,0,29.0,63.0,5.0,16.0,13.0,15.0,13.0,23.0,17.0,10.0,11.0,5.0,13.0,21.0,57.0,7.0,19.0,10.0,14.0,12.0,21.0,14.0,16.0,2.0,2.0,18.0,-17,0,13,4,-9
2014,137,1438,70,1157,59,0,21.0,40.0,8.0,17.0,20.0,25.0,0.0,28.0,16.0,7.0,4.0,5.0,16.0,21.0,50.0,9.0,19.0,8.0,14.0,5.0,23.0,13.0,8.0,5.0,2.0,19.0,-11,0,16,1,-15
2014,137,1455,64,1142,37,0,23.0,50.0,6.0,19.0,12.0,21.0,11.0,35.0,17.0,12.0,4.0,6.0,17.0,12.0,58.0,5.0,28.0,8.0,18.0,13.0,21.0,5.0,6.0,7.0,1.0,17.0,-27,0,16,1,-15
2014,138,1163,77,1437,65,0,23.0,52.0,9.0,20.0,22.0,28.0,7.0,29.0,10.0,11.0,11.0,2.0,17.0,18.0,51.0,11.0,31.0,18.0,24.0,6.0,24.0,10.0,16.0,6.0,2.0,24.0,-12,0,2,7,5
2014,138,1173,55,1393,53,0,19.0,46.0,7.0,16.0,10.0,18.0,11.0,24.0,12.0,14.0,7.0,4.0,16.0,21.0,54.0,0.0,10.0,11.0,14.0,11.0,20.0,4.0,9.0,6.0,7.0,16.0,-2,0,3,11,8
2014,138,1196,61,1338,45,0,25.0,58.0,5.0,20.0,6.0,9.0,14.0,24.0,9.0,6.0,10.0,5.0,7.0,19.0,51.0,4.0,17.0,3.0,6.0,10.0,21.0,14.0,11.0,4.0,2.0,12.0,-16,0,9,1,-8
2014,138,1257,66,1387,51,0,22.0,49.0,6.0,17.0,16.0,24.0,10.0,27.0,14.0,19.0,9.0,5.0,18.0,21.0,53.0,0.0,15.0,9.0,16.0,9.0,21.0,10.0,18.0,9.0,0.0,19.0,-15,0,5,4,-1
2014,138,1276,79,1400,65,0,24.0,54.0,14.0,28.0,17.0,21.0,11.0,19.0,16.0,4.0,5.0,2.0,12.0,23.0,62.0,4.0,11.0,15.0,16.0,21.0,20.0,14.0,9.0,3.0,3.0,16.0,-14,0,7,2,-5
2014,138,1277,80,1217,73,0,28.0,57.0,7.0,21.0,17.0,22.0,10.0,24.0,17.0,11.0,9.0,1.0,20.0,22.0,53.0,6.0,17.0,23.0,30.0,8.0,24.0,8.0,11.0,4.0,3.0,17.0,-7,0,12,4,-8
2014,138,1361,63,1295,44,0,19.0,44.0,7.0,16.0,18.0,24.0,8.0,30.0,8.0,6.0,4.0,2.0,16.0,15.0,47.0,2.0,11.0,12.0,17.0,7.0,20.0,5.0,6.0,1.0,2.0,17.0,-19,0,12,4,-8
2014,138,1458,85,1332,77,0,29.0,60.0,11.0,28.0,16.0,25.0,14.0,22.0,15.0,8.0,1.0,1.0,17.0,24.0,49.0,8.0,18.0,21.0,23.0,3.0,23.0,9.0,8.0,5.0,1.0,23.0,-8,0,7,2,-5
2014,139,1112,84,1211,61,0,32.0,65.0,7.0,18.0,13.0,18.0,7.0,21.0,24.0,6.0,15.0,8.0,18.0,22.0,54.0,6.0,16.0,11.0,13.0,11.0,28.0,13.0,21.0,3.0,5.0,14.0,-23,0,8,1,-7
2014,139,1124,85,1166,55,0,30.0,47.0,11.0,18.0,14.0,21.0,5.0,27.0,19.0,8.0,2.0,3.0,11.0,22.0,55.0,5.0,24.0,6.0,9.0,8.0,14.0,11.0,8.0,4.0,0.0,19.0,-30,0,3,6,3
2014,139,1235,85,1314,83,0,29.0,66.0,12.0,26.0,15.0,21.0,11.0,26.0,16.0,14.0,6.0,1.0,17.0,33.0,70.0,8.0,20.0,9.0,15.0,12.0,26.0,10.0,12.0,8.0,4.0,21.0,-2,0,6,3,-3
2014,139,1246,78,1455,76,0,27.0,50.0,8.0,18.0,16.0,22.0,10.0,22.0,11.0,11.0,6.0,3.0,15.0,27.0,49.0,10.0,21.0,12.0,18.0,4.0,19.0,14.0,9.0,6.0,3.0,21.0,-2,0,1,8,7
2014,139,1390,60,1242,57,0,21.0,47.0,0.0,9.0,18.0,26.0,8.0,29.0,6.0,16.0,10.0,4.0,15.0,19.0,58.0,5.0,16.0,14.0,18.0,13.0,22.0,7.0,14.0,9.0,2.0,22.0,-3,0,2,10,8
2014,139,1397,83,1273,63,0,27.0,55.0,6.0,22.0,23.0,26.0,18.0,23.0,15.0,7.0,2.0,0.0,14.0,24.0,53.0,8.0,22.0,7.0,9.0,7.0,12.0,11.0,6.0,3.0,4.0,21.0,-20,0,14,11,-3
2014,139,1417,77,1372,60,0,29.0,53.0,4.0,14.0,15.0,23.0,4.0,26.0,22.0,3.0,3.0,3.0,17.0,20.0,57.0,7.0,27.0,13.0,16.0,12.0,24.0,11.0,8.0,1.0,1.0,23.0,-17,0,12,4,-8
2014,139,1438,78,1272,60,0,30.0,54.0,5.0,11.0,13.0,16.0,6.0,34.0,13.0,10.0,3.0,6.0,16.0,24.0,59.0,3.0,13.0,9.0,21.0,8.0,20.0,16.0,6.0,7.0,3.0,14.0,-18,0,8,1,-7
2014,143,1112,70,1361,64,0,23.0,48.0,5.0,12.0,19.0,25.0,10.0,19.0,14.0,7.0,2.0,4.0,16.0,21.0,54.0,4.0,14.0,18.0,23.0,18.0,19.0,4.0,10.0,2.0,2.0,20.0,-6,0,4,1,-3
2014,143,1173,82,1390,72,0,28.0,58.0,8.0,23.0,18.0,26.0,10.0,25.0,19.0,10.0,8.0,1.0,25.0,22.0,58.0,5.0,21.0,23.0,33.0,15.0,20.0,10.0,12.0,7.0,5.0,24.0,-10,0,10,11,1
2014,143,1196,79,1417,68,0,29.0,58.0,8.0,21.0,13.0,18.0,10.0,30.0,22.0,12.0,4.0,5.0,15.0,27.0,64.0,3.0,18.0,11.0,15.0,8.0,22.0,12.0,8.0,8.0,4.0,19.0,-11,0,4,1,-3
2014,143,1458,69,1124,52,0,26.0,51.0,6.0,16.0,11.0,20.0,8.0,31.0,18.0,10.0,1.0,6.0,16.0,18.0,57.0,2.0,15.0,14.0,18.0,11.0,22.0,10.0,6.0,5.0,3.0,16.0,-17,0,6,2,-4
2014,144,1163,81,1235,76,0,26.0,50.0,9.0,19.0,20.0,22.0,5.0,26.0,9.0,9.0,5.0,4.0,15.0,32.0,69.0,6.0,16.0,6.0,15.0,17.0,19.0,14.0,9.0,4.0,3.0,17.0,-5,0,3,7,4
2014,144,1246,74,1257,69,0,24.0,55.0,4.0,14.0,22.0,27.0,15.0,22.0,8.0,12.0,5.0,2.0,19.0,26.0,53.0,4.0,15.0,13.0,23.0,11.0,18.0,11.0,10.0,6.0,3.0,24.0,-5,0,4,8,4
2014,144,1276,73,1397,71,0,27.0,49.0,11.0,20.0,8.0,10.0,6.0,20.0,14.0,13.0,5.0,1.0,13.0,30.0,57.0,3.0,11.0,8.0,14.0,11.0,17.0,11.0,7.0,7.0,8.0,13.0,-2,0,11,2,-9
2014,144,1277,61,1438,59,0,21.0,47.0,5.0,14.0,14.0,18.0,7.0,25.0,13.0,10.0,5.0,4.0,16.0,20.0,57.0,6.0,18.0,13.0,17.0,14.0,21.0,10.0,6.0,5.0,4.0,16.0,-2,0,1,4,3
2014,145,1196,62,1173,52,0,18.0,48.0,5.0,15.0,21.0,28.0,12.0,25.0,10.0,7.0,5.0,5.0,10.0,19.0,48.0,8.0,18.0,6.0,8.0,5.0,21.0,11.0,9.0,5.0,5.0,19.0,-10,0,11,1,-10
2014,145,1458,64,1112,63,1,21.33333333333333,54.22222222222222,5.333333333333333,15.11111111111111,8.88888888888889,10.666666666666666,11.555555555555555,22.22222222222222,9.77777777777778,7.111111111111111,2.6666666666666665,0.0,13.333333333333334,20.444444444444443,52.44444444444444,4.444444444444445,10.666666666666666,10.666666666666666,15.11111111111111,11.555555555555555,23.11111111111111,7.111111111111111,6.222222222222222,1.7777777777777777,4.444444444444445,15.11111111111111,-1,0,1,2,1
2014,146,1163,60,1277,54,0,17.0,49.0,5.0,22.0,21.0,22.0,7.0,23.0,8.0,8.0,7.0,3.0,12.0,18.0,46.0,11.0,29.0,7.0,8.0,6.0,26.0,13.0,16.0,5.0,3.0,16.0,-6,0,4,7,3
2014,146,1246,75,1276,72,0,31.0,58.0,7.0,11.0,6.0,11.0,17.0,18.0,8.0,11.0,2.0,6.0,14.0,27.0,57.0,7.0,18.0,11.0,14.0,14.0,10.0,11.0,7.0,4.0,1.0,14.0,-3,0,2,8,6
2014,152,1163,63,1196,53,0,24.0,43.0,5.0,12.0,10.0,13.0,5.0,23.0,12.0,13.0,6.0,4.0,16.0,19.0,49.0,1.0,10.0,14.0,20.0,12.0,15.0,3.0,11.0,3.0,1.0,14.0,-10,0,1,7,6
2014,152,1246,74,1458,73,0,29.0,58.0,2.0,5.0,14.0,21.0,11.0,21.0,9.0,4.0,4.0,1.0,17.0,23.0,50.0,8.0,20.0,19.0,20.0,6.0,21.0,11.0,8.0,4.0,3.0,18.0,-1,0,2,8,6
2014,154,1163,60,1246,54,0,22.0,53.0,6.0,19.0,10.0,10.0,8.0,26.0,8.0,10.0,9.0,4.0,17.0,18.0,46.0,5.0,16.0,13.0,24.0,10.0,23.0,11.0,13.0,6.0,5.0,10.0,-6,0,8,7,-1
2015,134,1214,74,1264,64,0,26.0,53.0,3.0,7.0,19.0,34.0,6.0,31.0,20.0,14.0,6.0,3.0,19.0,23.0,62.0,6.0,25.0,12.0,21.0,12.0,29.0,15.0,17.0,5.0,3.0,25.0,-10,0,16,16,0
2015,134,1279,94,1140,90,0,36.0,80.0,7.0,23.0,15.0,23.0,16.0,27.0,24.0,7.0,7.0,6.0,21.0,28.0,58.0,15.0,29.0,19.0,27.0,6.0,33.0,22.0,15.0,0.0,2.0,23.0,-4,0,11,11,0
2015,135,1173,56,1129,55,0,20.0,42.0,7.0,21.0,9.0,14.0,3.0,22.0,13.0,11.0,4.0,1.0,14.0,22.0,55.0,6.0,20.0,5.0,10.0,12.0,21.0,10.0,9.0,5.0,1.0,18.0,-1,0,11,11,0
2015,135,1352,81,1316,77,0,28.0,62.0,4.0,16.0,21.0,33.0,11.0,20.0,11.0,5.0,12.0,2.0,21.0,25.0,52.0,9.0,22.0,18.0,26.0,13.0,29.0,15.0,19.0,1.0,4.0,23.0,-4,0,16,16,0
2015,136,1112,93,1411,72,0,32.0,53.0,5.0,11.0,24.0,27.0,12.0,23.0,13.0,12.0,8.0,3.0,23.0,24.0,51.0,5.0,12.0,19.0,30.0,8.0,11.0,5.0,9.0,5.0,3.0,19.0,-21,0,15,2,-13
2015,136,1116,56,1459,53,0,22.0,48.0,3.0,8.0,9.0,16.0,8.0,27.0,13.0,10.0,4.0,3.0,16.0,18.0,57.0,7.0,24.0,10.0,16.0,14.0,23.0,7.0,8.0,5.0,1.0,15.0,-3,0,12,5,-7
2015,136,1139,56,1400,48,0,16.0,48.0,4.0,13.0,20.0,28.0,5.0,23.0,11.0,5.0,5.0,4.0,13.0,17.0,50.0,6.0,19.0,8.0,12.0,12.0,29.0,7.0,15.0,4.0,5.0,22.0,-8,0,11,6,-5
2015,136,1153,66,1345,65,1,22.22222222222222,54.22222222222222,3.555555555555556,8.88888888888889,10.666666666666666,18.666666666666668,9.77777777777778,24.0,8.0,8.0,7.111111111111111,4.444444444444445,14.22222222222222,23.11111111111111,64.0,3.555555555555556,23.11111111111111,8.0,13.333333333333334,18.666666666666668,26.666666666666668,11.555555555555555,10.666666666666666,4.444444444444445,0.8888888888888888,16.0,-1,0,9,8,-1
2015,136,1207,84,1186,74,0,25.0,48.0,11.0,23.0,23.0,32.0,10.0,26.0,10.0,14.0,5.0,3.0,18.0,26.0,64.0,9.0,28.0,13.0,15.0,10.0,18.0,6.0,9.0,3.0,2.0,21.0,-10,0,13,4,-9
2015,136,1209,57,1124,56,0,22.0,54.0,5.0,16.0,8.0,13.0,9.0,13.0,12.0,6.0,13.0,2.0,13.0,19.0,43.0,7.0,19.0,11.0,13.0,12.0,28.0,14.0,21.0,2.0,1.0,13.0,-1,0,3,14,11
2015,136,1246,79,1214,56,0,28.0,61.0,3.0,10.0,20.0,28.0,13.0,38.0,15.0,13.0,7.0,5.0,18.0,17.0,59.0,4.0,16.0,18.0,23.0,6.0,25.0,2.0,11.0,9.0,3.0,22.0,-23,0,16,1,-15
2015,136,1301,66,1261,65,0,28.0,66.0,5.0,24.0,5.0,7.0,11.0,28.0,11.0,11.0,2.0,2.0,15.0,24.0,60.0,5.0,15.0,12.0,22.0,13.0,28.0,14.0,8.0,5.0,6.0,10.0,-1,0,9,8,-1
2015,136,1314,67,1217,65,0,27.0,49.0,5.0,7.0,8.0,13.0,12.0,23.0,14.0,17.0,2.0,2.0,18.0,21.0,55.0,5.0,13.0,18.0,20.0,12.0,14.0,9.0,7.0,9.0,2.0,16.0,-2,0,13,4,-9
2015,136,1323,69,1318,65,0,27.0,47.0,2.0,6.0,13.0,18.0,2.0,15.0,19.0,7.0,9.0,4.0,13.0,27.0,55.0,3.0,11.0,8.0,10.0,13.0,20.0,15.0,16.0,2.0,0.0,12.0,-4,0,14,3,-11
2015,136,1326,75,1433,72,1,24.88888888888889,50.66666666666666,5.333333333333333,13.333333333333334,11.555555555555555,19.55555555555556,7.111111111111111,21.33333333333333,14.22222222222222,9.77777777777778,4.444444444444445,6.222222222222222,15.11111111111111,21.33333333333333,56.0,8.88888888888889,23.11111111111111,12.444444444444445,16.88888888888889,11.555555555555555,21.33333333333333,12.444444444444445,9.77777777777778,3.555555555555556,1.7777777777777777,15.11111111111111,-3,0,7,10,3
2015,136,1412,60,1235,59,0,24.0,69.0,3.0,18.0,9.0,11.0,19.0,33.0,9.0,13.0,7.0,5.0,10.0,24.0,65.0,6.0,23.0,5.0,7.0,9.0,28.0,12.0,11.0,9.0,9.0,15.0,-1,0,3,14,11
2015,136,1417,60,1374,59,0,20.0,47.0,10.0,20.0,10.0,14.0,7.0,27.0,10.0,18.0,4.0,5.0,17.0,20.0,55.0,7.0,16.0,12.0,20.0,10.0,23.0,12.0,9.0,11.0,4.0,14.0,-1,0,6,11,5
2015,136,1428,57,1372,50,0,18.0,38.0,5.0,13.0,16.0,21.0,4.0,22.0,11.0,17.0,7.0,7.0,12.0,17.0,51.0,5.0,26.0,11.0,13.0,11.0,18.0,9.0,12.0,7.0,1.0,18.0,-7,0,12,5,-7
2015,136,1437,93,1248,52,0,36.0,57.0,11.0,22.0,10.0,15.0,8.0,25.0,22.0,8.0,8.0,6.0,10.0,21.0,55.0,4.0,18.0,6.0,7.0,10.0,15.0,15.0,15.0,2.0,1.0,11.0,-41,0,16,1,-15
2015,136,1462,76,1279,57,0,26.0,56.0,10.0,23.0,14.0,21.0,8.0,30.0,17.0,10.0,6.0,4.0,14.0,24.0,73.0,6.0,27.0,3.0,5.0,16.0,22.0,16.0,8.0,7.0,4.0,21.0,-19,0,11,6,-5
2015,137,1173,66,1344,53,0,18.0,42.0,8.0,23.0,22.0,30.0,3.0,29.0,9.0,12.0,8.0,4.0,14.0,20.0,59.0,10.0,26.0,3.0,7.0,13.0,26.0,9.0,16.0,4.0,1.0,21.0,-13,0,6,11,5
2015,137,1181,85,1352,56,0,34.0,54.0,10.0,21.0,7.0,14.0,9.0,31.0,28.0,11.0,7.0,3.0,8.0,24.0,66.0,6.0,19.0,2.0,4.0,12.0,16.0,13.0,8.0,6.0,1.0,17.0,-29,0,16,1,-15
2015,137,1211,86,1295,76,0,30.0,58.0,7.0,22.0,19.0,28.0,11.0,24.0,16.0,9.0,5.0,3.0,13.0,29.0,54.0,10.0,21.0,8.0,12.0,3.0,21.0,5.0,13.0,3.0,3.0,22.0,-10,0,15,2,-13
2015,137,1234,83,1172,52,0,35.0,69.0,6.0,16.0,7.0,10.0,14.0,32.0,12.0,5.0,3.0,5.0,11.0,21.0,63.0,6.0,28.0,4.0,10.0,10.0,20.0,13.0,6.0,1.0,4.0,15.0,-31,0,10,7,-3
2015,137,1242,75,1308,56,0,27.0,50.0,9.0,13.0,12.0,15.0,10.0,26.0,16.0,14.0,7.0,3.0,17.0,20.0,56.0,5.0,15.0,11.0,16.0,14.0,15.0,8.0,11.0,10.0,3.0,15.0,-19,0,15,2,-13
2015,137,1257,57,1414,55,0,23.0,55.0,5.0,15.0,6.0,6.0,9.0,16.0,9.0,9.0,4.0,2.0,11.0,24.0,52.0,5.0,14.0,2.0,2.0,9.0,20.0,10.0,14.0,5.0,2.0,10.0,-2,0,13,4,-9
2015,137,1268,65,1434,62,0,19.0,40.0,9.0,21.0,18.0,24.0,4.0,30.0,9.0,11.0,5.0,5.0,19.0,20.0,56.0,12.0,27.0,10.0,18.0,11.0,20.0,12.0,9.0,5.0,1.0,19.0,-3,0,13,4,-9
2015,137,1277,70,1208,63,0,26.0,57.0,7.0,18.0,11.0,19.0,5.0,30.0,18.0,9.0,8.0,3.0,22.0,19.0,57.0,4.0,14.0,21.0,26.0,12.0,31.0,8.0,12.0,4.0,2.0,19.0,-7,0,10,7,-3
2015,137,1320,71,1461,54,0,23.0,50.0,9.0,18.0,16.0,18.0,8.0,21.0,10.0,7.0,9.0,1.0,14.0,21.0,46.0,9.0,22.0,3.0,9.0,4.0,18.0,14.0,12.0,2.0,3.0,17.0,-17,0,12,5,-7
2015,137,1328,69,1107,60,0,25.0,57.0,7.0,24.0,12.0,16.0,14.0,26.0,10.0,9.0,5.0,6.0,14.0,23.0,61.0,8.0,25.0,6.0,10.0,14.0,20.0,15.0,7.0,6.0,1.0,16.0,-9,0,14,3,-11
2015,137,1332,79,1329,73,0,29.0,53.0,7.0,19.0,14.0,18.0,3.0,25.0,11.0,12.0,9.0,6.0,12.0,27.0,60.0,10.0,29.0,9.0,13.0,9.0,22.0,11.0,12.0,8.0,0.0,17.0,-6,0,9,8,-1
2015,137,1361,76,1385,64,0,25.0,53.0,9.0,22.0,17.0,30.0,13.0,27.0,12.0,13.0,5.0,3.0,12.0,27.0,59.0,3.0,17.0,7.0,11.0,7.0,25.0,6.0,10.0,7.0,2.0,21.0,-12,0,9,8,-1
2015,137,1438,79,1125,67,0,26.0,57.0,6.0,17.0,21.0,25.0,11.0,24.0,11.0,7.0,5.0,3.0,10.0,27.0,57.0,8.0,25.0,5.0,6.0,6.0,23.0,12.0,12.0,4.0,2.0,22.0,-12,0,15,2,-13
2015,137,1452,68,1138,62,0,22.0,49.0,5.0,16.0,19.0,27.0,9.0,22.0,11.0,12.0,7.0,1.0,25.0,20.0,44.0,6.0,16.0,16.0,25.0,8.0,22.0,12.0,17.0,4.0,3.0,24.0,-6,0,12,5,-7
2015,137,1455,81,1231,76,0,25.0,61.0,2.0,13.0,29.0,34.0,15.0,24.0,9.0,7.0,9.0,6.0,17.0,24.0,59.0,11.0,22.0,17.0,20.0,12.0,25.0,10.0,13.0,3.0,3.0,26.0,-5,0,10,7,-3
2015,137,1458,86,1157,72,0,33.0,61.0,11.0,27.0,9.0,12.0,12.0,24.0,14.0,9.0,5.0,1.0,11.0,28.0,58.0,7.0,12.0,9.0,11.0,7.0,18.0,9.0,6.0,8.0,1.0,14.0,-14,0,16,1,-15
2015,138,1112,73,1326,58,0,23.0,63.0,7.0,19.0,20.0,24.0,18.0,25.0,14.0,8.0,9.0,4.0,13.0,20.0,52.0,5.0,17.0,13.0,15.0,7.0,19.0,9.0,12.0,4.0,3.0,17.0,-15,0,10,2,-8
2015,138,1246,64,1153,51,0,20.0,54.0,4.0,15.0,20.0,28.0,12.0,26.0,10.0,7.0,7.0,9.0,15.0,20.0,63.0,2.0,14.0,9.0,14.0,21.0,24.0,5.0,14.0,4.0,6.0,22.0,-13,0,8,1,-7
2015,138,1301,71,1437,68,0,24.0,53.0,3.0,11.0,20.0,27.0,13.0,32.0,11.0,10.0,2.0,4.0,21.0,19.0,61.0,9.0,28.0,21.0,23.0,12.0,20.0,7.0,5.0,5.0,3.0,22.0,-3,0,1,8,7
2015,138,1314,87,1116,78,0,27.0,60.0,4.0,10.0,29.0,37.0,17.0,25.0,14.0,16.0,13.0,3.0,25.0,24.0,65.0,8.0,25.0,22.0,27.0,20.0,19.0,17.0,21.0,9.0,3.0,23.0,-9,0,5,4,-1
2015,138,1323,67,1139,64,1,19.55555555555556,45.333333333333336,5.333333333333333,17.77777777777778,15.11111111111111,19.55555555555556,8.0,27.55555555555556,8.0,11.555555555555555,3.555555555555556,7.111111111111111,14.22222222222222,18.666666666666668,56.0,3.555555555555556,11.555555555555555,16.0,18.666666666666668,11.555555555555555,20.444444444444443,7.111111111111111,6.222222222222222,7.111111111111111,4.444444444444445,13.333333333333334,-3,0,6,3,-3
2015,138,1417,92,1412,75,0,35.0,58.0,5.0,9.0,17.0,25.0,15.0,26.0,17.0,13.0,4.0,4.0,16.0,29.0,66.0,12.0,26.0,5.0,10.0,12.0,14.0,17.0,8.0,5.0,3.0,21.0,-17,0,14,11,-3
2015,138,1428,75,1207,64,0,22.0,38.0,8.0,14.0,23.0,32.0,4.0,21.0,12.0,9.0,3.0,3.0,14.0,24.0,55.0,9.0,25.0,7.0,9.0,10.0,17.0,9.0,9.0,6.0,1.0,24.0,-11,0,4,5,1
2015,138,1462,75,1209,67,0,23.0,34.0,7.0,13.0,22.0,25.0,5.0,18.0,13.0,14.0,3.0,2.0,17.0,26.0,46.0,6.0,14.0,9.0,13.0,4.0,8.0,17.0,8.0,8.0,2.0,22.0,-8,0,14,6,-8
2015,139,1181,68,1361,49,0,30.0,55.0,6.0,14.0,2.0,2.0,5.0,28.0,16.0,9.0,7.0,6.0,12.0,19.0,58.0,2.0,13.0,9.0,11.0,13.0,20.0,5.0,11.0,6.0,5.0,8.0,-19,0,8,1,-7
2015,139,1211,87,1234,68,0,32.0,52.0,10.0,16.0,13.0,21.0,7.0,27.0,20.0,11.0,4.0,2.0,11.0,28.0,60.0,5.0,15.0,7.0,10.0,7.0,15.0,10.0,11.0,4.0,3.0,17.0,-19,0,7,2,-5
2015,139,1257,66,1320,53,0,22.0,48.0,5.0,11.0,17.0,21.0,10.0,20.0,11.0,7.0,2.0,5.0,16.0,18.0,46.0,6.0,19.0,11.0,13.0,8.0,17.0,9.0,10.0,2.0,1.0,20.0,-13,0,5,4,-1
2015,139,1277,60,1438,54,0,17.0,40.0,6.0,12.0,20.0,33.0,7.0,25.0,7.0,6.0,4.0,7.0,19.0,17.0,57.0,2.0,17.0,18.0,26.0,18.0,21.0,6.0,5.0,2.0,3.0,18.0,-6,0,2,7,5
2015,139,1328,72,1173,66,0,22.0,49.0,9.0,18.0,19.0,24.0,10.0,25.0,13.0,15.0,9.0,3.0,15.0,22.0,51.0,11.0,21.0,11.0,13.0,4.0,19.0,12.0,13.0,8.0,2.0,20.0,-6,0,11,3,-8
2015,139,1452,69,1268,59,0,24.0,60.0,7.0,19.0,14.0,19.0,14.0,18.0,11.0,10.0,15.0,1.0,20.0,21.0,44.0,8.0,19.0,9.0,13.0,8.0,24.0,7.0,23.0,4.0,7.0,19.0,-10,0,4,5,1
2015,139,1455,78,1242,65,0,25.0,51.0,10.0,20.0,18.0,24.0,5.0,27.0,13.0,12.0,10.0,3.0,20.0,20.0,57.0,6.0,21.0,19.0,23.0,14.0,24.0,8.0,14.0,8.0,1.0,23.0,-13,0,2,7,5
2015,139,1458,72,1332,65,0,22.0,51.0,7.0,23.0,21.0,29.0,10.0,22.0,11.0,6.0,3.0,3.0,13.0,26.0,59.0,8.0,19.0,5.0,7.0,10.0,24.0,13.0,8.0,3.0,4.0,20.0,-7,0,8,1,-7
2015,143,1112,68,1462,60,0,22.0,54.0,7.0,22.0,17.0,19.0,10.0,23.0,10.0,8.0,9.0,1.0,14.0,22.0,51.0,3.0,17.0,13.0,16.0,8.0,23.0,9.0,12.0,7.0,3.0,16.0,-8,0,6,2,-4
2015,143,1246,78,1452,39,0,24.0,50.0,4.0,15.0,26.0,32.0,11.0,33.0,13.0,10.0,7.0,7.0,21.0,13.0,54.0,2.0,15.0,11.0,19.0,13.0,19.0,7.0,13.0,4.0,3.0,29.0,-39,0,5,1,-4
2015,143,1323,81,1455,70,0,30.0,54.0,9.0,19.0,12.0,15.0,6.0,26.0,18.0,11.0,4.0,4.0,14.0,26.0,65.0,3.0,18.0,15.0,19.0,15.0,21.0,9.0,7.0,6.0,3.0,16.0,-11,0,7,3,-4
2015,143,1458,79,1314,72,0,26.0,56.0,7.0,21.0,20.0,23.0,12.0,23.0,13.0,5.0,3.0,0.0,18.0,26.0,56.0,8.0,13.0,12.0,18.0,9.0,19.0,12.0,4.0,3.0,1.0,20.0,-7,0,4,1,-3
2015,144,1181,63,1428,57,0,20.0,45.0,3.0,9.0,20.0,26.0,8.0,23.0,5.0,14.0,6.0,4.0,16.0,21.0,60.0,4.0,16.0,11.0,15.0,18.0,18.0,8.0,15.0,8.0,4.0,21.0,-6,0,5,1,-4
2015,144,1211,74,1417,62,0,27.0,67.0,3.0,19.0,17.0,23.0,18.0,32.0,15.0,5.0,5.0,4.0,18.0,26.0,67.0,3.0,13.0,7.0,11.0,12.0,27.0,12.0,7.0,4.0,7.0,22.0,-12,0,11,2,-9
2015,144,1257,75,1301,65,0,27.0,54.0,3.0,12.0,18.0,27.0,7.0,27.0,15.0,5.0,5.0,4.0,13.0,23.0,60.0,9.0,20.0,10.0,14.0,11.0,25.0,10.0,7.0,3.0,3.0,19.0,-10,0,8,4,-4
2015,144,1277,62,1328,58,0,22.0,57.0,9.0,27.0,9.0,16.0,15.0,21.0,9.0,5.0,1.0,1.0,16.0,20.0,55.0,4.0,17.0,14.0,16.0,14.0,24.0,7.0,7.0,2.0,4.0,16.0,-4,0,3,7,4
2015,145,1246,68,1323,66,0,25.0,47.0,4.0,8.0,14.0,20.0,10.0,19.0,8.0,11.0,4.0,9.0,12.0,26.0,56.0,4.0,14.0,10.0,13.0,13.0,15.0,16.0,7.0,5.0,1.0,14.0,-2,0,3,1,-2
2015,145,1458,85,1112,78,0,25.0,45.0,12.0,18.0,23.0,31.0,4.0,17.0,11.0,9.0,5.0,1.0,21.0,24.0,43.0,2.0,6.0,28.0,30.0,3.0,19.0,8.0,10.0,5.0,1.0,22.0,-7,0,2,1,-1
2015,146,1181,66,1211,52,0,21.0,56.0,8.0,19.0,16.0,19.0,9.0,22.0,10.0,3.0,8.0,2.0,12.0,22.0,50.0,2.0,10.0,6.0,9.0,8.0,27.0,8.0,13.0,1.0,3.0,15.0,-14,0,2,1,-1
2015,146,1277,76,1257,70,1,23.11111111111111,53.333333333333336,8.0,20.444444444444443,13.333333333333334,17.77777777777778,8.88888888888889,27.55555555555556,17.77777777777778,10.666666666666666,4.444444444444445,6.222222222222222,19.55555555555556,20.444444444444443,56.888888888888886,3.555555555555556,9.77777777777778,17.77777777777778,25.77777777777778,13.333333333333334,23.11111111111111,8.88888888888889,8.0,5.333333333333333,5.333333333333333,14.22222222222222,-6,0,4,7,3
2015,152,1181,81,1277,61,0,26.0,50.0,2.0,10.0,27.0,37.0,7.0,29.0,10.0,8.0,9.0,4.0,18.0,22.0,55.0,7.0,20.0,10.0,16.0,9.0,24.0,10.0,14.0,4.0,3.0,28.0,-20,0,7,1,-6
2015,152,1458,71,1246,64,0,23.0,48.0,7.0,17.0,18.0,22.0,12.0,22.0,10.0,10.0,1.0,2.0,14.0,26.0,54.0,3.0,5.0,9.0,10.0,6.0,16.0,7.0,6.0,5.0,4.0,20.0,-7,0,1,1,0
2015,154,1181,68,1458,63,0,24.0,51.0,4.0,11.0,16.0,20.0,6.0,27.0,7.0,5.0,4.0,6.0,13.0,25.0,61.0,7.0,21.0,6.0,10.0,11.0,24.0,13.0,5.0,3.0,1.0,15.0,-5,0,1,1,0
2016,134,1195,96,1192,65,0,34.0,57.0,8.0,23.0,20.0,34.0,10.0,42.0,27.0,18.0,6.0,4.0,18.0,23.0,70.0,8.0,23.0,11.0,18.0,9.0,24.0,16.0,9.0,9.0,1.0,26.0,-31,0,16,16,0
2016,134,1455,70,1435,50,0,22.0,59.0,7.0,19.0,19.0,25.0,9.0,34.0,12.0,7.0,5.0,2.0,22.0,16.0,53.0,3.0,19.0,15.0,26.0,9.0,29.0,9.0,12.0,1.0,5.0,23.0,-20,0,11,11,0
2016,135,1221,59,1380,55,0,18.0,40.0,9.0,25.0,14.0,19.0,2.0,27.0,14.0,14.0,3.0,1.0,13.0,22.0,56.0,3.0,20.0,8.0,11.0,9.0,24.0,10.0,9.0,4.0,2.0,20.0,-4,0,16,16,0
2016,135,1276,67,1409,62,0,24.0,59.0,6.0,25.0,13.0,16.0,12.0,26.0,10.0,8.0,5.0,6.0,14.0,25.0,56.0,3.0,15.0,9.0,15.0,10.0,26.0,10.0,11.0,5.0,6.0,15.0,-5,0,11,11,0
2016,136,1114,85,1345,83,2,24.0,61.6,7.2,21.6,12.8,22.4,12.0,24.0,7.2,7.2,10.4,0.0,17.6,20.8,49.6,7.2,22.4,17.6,22.4,8.0,33.6,13.6,14.4,1.6,5.6,18.4,-2,0,5,12,7
2016,136,1139,71,1403,61,0,25.0,51.0,9.0,17.0,12.0,16.0,8.0,26.0,14.0,14.0,10.0,2.0,14.0,25.0,54.0,7.0,18.0,4.0,9.0,6.0,22.0,14.0,14.0,8.0,4.0,16.0,-10,0,8,9,1
2016,136,1163,74,1160,67,0,23.0,58.0,6.0,17.0,22.0,23.0,11.0,25.0,8.0,10.0,8.0,8.0,26.0,23.0,51.0,2.0,10.0,19.0,30.0,9.0,24.0,8.0,12.0,5.0,3.0,22.0,-7,0,8,9,1
2016,136,1181,93,1423,85,0,29.0,54.0,4.0,15.0,31.0,43.0,12.0,28.0,11.0,10.0,4.0,8.0,18.0,30.0,68.0,11.0,26.0,14.0,19.0,13.0,21.0,10.0,9.0,5.0,3.0,33.0,-8,0,13,4,-9
2016,136,1211,68,1371,52,0,24.0,56.0,6.0,17.0,14.0,21.0,12.0,36.0,12.0,20.0,7.0,2.0,19.0,20.0,62.0,4.0,21.0,8.0,21.0,13.0,21.0,8.0,12.0,11.0,1.0,21.0,-16,0,6,11,5
2016,136,1231,99,1151,74,0,37.0,57.0,10.0,16.0,15.0,19.0,8.0,22.0,23.0,12.0,10.0,5.0,16.0,28.0,59.0,3.0,17.0,15.0,18.0,9.0,15.0,9.0,15.0,7.0,2.0,19.0,-25,0,12,5,-7
2016,136,1235,94,1233,81,0,32.0,64.0,10.0,22.0,20.0,25.0,7.0,28.0,17.0,10.0,9.0,5.0,17.0,31.0,64.0,7.0,24.0,12.0,18.0,9.0,28.0,12.0,13.0,6.0,3.0,20.0,-13,0,13,4,-9
2016,136,1242,105,1122,79,0,39.0,70.0,6.0,16.0,21.0,27.0,14.0,27.0,23.0,10.0,8.0,9.0,27.0,25.0,61.0,4.0,15.0,25.0,37.0,15.0,22.0,6.0,12.0,8.0,0.0,23.0,-26,0,16,1,-15
2016,136,1246,85,1392,57,0,33.0,63.0,4.0,13.0,15.0,17.0,10.0,34.0,14.0,10.0,9.0,15.0,17.0,20.0,76.0,3.0,13.0,14.0,18.0,25.0,21.0,10.0,14.0,6.0,3.0,14.0,-28,0,13,4,-9
2016,136,1274,79,1138,72,0,24.0,54.0,5.0,15.0,26.0,34.0,11.0,33.0,9.0,14.0,5.0,6.0,18.0,23.0,59.0,10.0,26.0,16.0,22.0,8.0,23.0,8.0,10.0,4.0,1.0,26.0,-7,0,14,3,-11
2016,136,1314,83,1195,67,0,31.0,73.0,7.0,21.0,14.0,19.0,18.0,23.0,13.0,7.0,8.0,10.0,19.0,25.0,58.0,2.0,11.0,15.0,24.0,15.0,28.0,10.0,14.0,6.0,5.0,19.0,-16,0,16,1,-15
2016,136,1344,70,1425,69,0,25.0,62.0,9.0,24.0,11.0,14.0,8.0,23.0,17.0,6.0,5.0,3.0,15.0,28.0,52.0,6.0,13.0,7.0,13.0,5.0,30.0,13.0,12.0,6.0,2.0,14.0,-1,0,8,9,1
2016,136,1428,80,1201,69,0,27.0,50.0,7.0,18.0,19.0,22.0,15.0,23.0,16.0,20.0,11.0,1.0,11.0,26.0,53.0,7.0,18.0,10.0,12.0,5.0,10.0,8.0,14.0,15.0,3.0,23.0,-11,0,14,3,-11
2016,136,1438,81,1214,45,0,32.0,58.0,12.0,25.0,5.0,8.0,6.0,31.0,20.0,5.0,4.0,7.0,14.0,17.0,56.0,3.0,19.0,8.0,10.0,9.0,22.0,4.0,7.0,1.0,0.0,11.0,-36,0,16,1,-15
2016,136,1455,65,1112,55,0,24.0,59.0,3.0,20.0,14.0,19.0,9.0,21.0,9.0,6.0,9.0,5.0,21.0,20.0,48.0,6.0,18.0,9.0,15.0,10.0,29.0,7.0,19.0,2.0,3.0,23.0,-10,0,6,11,5
2016,136,1463,79,1124,75,0,26.0,49.0,5.0,16.0,22.0,29.0,8.0,28.0,14.0,12.0,3.0,4.0,17.0,30.0,68.0,6.0,16.0,9.0,15.0,14.0,18.0,16.0,7.0,9.0,2.0,24.0,-4,0,5,12,7
2016,137,1218,77,1143,66,0,27.0,52.0,3.0,14.0,20.0,25.0,2.0,27.0,8.0,11.0,3.0,3.0,25.0,23.0,56.0,3.0,19.0,17.0,26.0,12.0,26.0,6.0,16.0,3.0,1.0,24.0,-11,0,4,13,9
2016,137,1234,72,1396,70,1,21.33333333333333,61.333333333333336,6.222222222222222,24.88888888888889,15.11111111111111,19.55555555555556,11.555555555555555,22.22222222222222,11.555555555555555,2.6666666666666665,5.333333333333333,2.6666666666666665,13.333333333333334,26.666666666666668,58.66666666666666,3.555555555555556,16.0,5.333333333333333,8.0,11.555555555555555,32.0,10.666666666666666,10.666666666666666,1.7777777777777777,2.6666666666666665,18.666666666666668,-2,0,10,7,-3
2016,137,1268,79,1355,74,0,23.0,45.0,9.0,23.0,24.0,27.0,6.0,23.0,10.0,13.0,5.0,3.0,17.0,24.0,59.0,10.0,29.0,16.0,17.0,11.0,17.0,8.0,11.0,5.0,2.0,19.0,-5,0,12,5,-7
2016,137,1292,90,1277,81,0,33.0,59.0,11.0,19.0,13.0,21.0,10.0,18.0,16.0,10.0,6.0,5.0,13.0,30.0,54.0,11.0,24.0,10.0,15.0,8.0,22.0,20.0,14.0,6.0,2.0,22.0,-9,0,2,15,13
2016,137,1320,75,1400,72,0,21.0,43.0,8.0,20.0,25.0,32.0,5.0,25.0,7.0,10.0,2.0,3.0,18.0,25.0,56.0,9.0,23.0,13.0,18.0,11.0,21.0,10.0,9.0,2.0,4.0,24.0,-3,0,6,11,5
2016,137,1323,70,1276,63,0,25.0,43.0,8.0,15.0,12.0,15.0,5.0,28.0,12.0,16.0,3.0,8.0,9.0,25.0,63.0,10.0,27.0,3.0,5.0,11.0,14.0,18.0,7.0,10.0,1.0,14.0,-7,0,11,6,-5
2016,137,1328,82,1167,68,0,28.0,56.0,11.0,20.0,15.0,25.0,10.0,21.0,15.0,10.0,7.0,7.0,15.0,26.0,58.0,5.0,18.0,11.0,14.0,13.0,22.0,15.0,14.0,6.0,3.0,22.0,-14,0,15,2,-13
2016,137,1332,91,1221,52,0,34.0,61.0,6.0,20.0,17.0,22.0,11.0,33.0,15.0,7.0,1.0,6.0,15.0,20.0,55.0,6.0,23.0,6.0,15.0,8.0,20.0,6.0,10.0,3.0,2.0,17.0,-39,0,16,1,-15
2016,137,1372,70,1452,56,0,17.0,55.0,7.0,23.0,29.0,39.0,11.0,22.0,12.0,7.0,16.0,3.0,25.0,16.0,52.0,3.0,16.0,21.0,27.0,17.0,31.0,8.0,22.0,5.0,7.0,27.0,-14,0,3,14,11
2016,137,1386,78,1153,76,0,28.0,58.0,9.0,24.0,13.0,17.0,10.0,19.0,13.0,6.0,4.0,4.0,18.0,28.0,55.0,10.0,24.0,10.0,13.0,9.0,21.0,13.0,9.0,3.0,6.0,15.0,-2,0,9,8,-1
2016,137,1393,70,1173,51,0,21.0,53.0,8.0,22.0,20.0,23.0,16.0,32.0,10.0,15.0,7.0,2.0,17.0,18.0,56.0,6.0,22.0,9.0,19.0,10.0,18.0,11.0,9.0,7.0,3.0,16.0,-19,0,7,10,3
2016,137,1401,92,1453,65,0,32.0,57.0,7.0,19.0,21.0,28.0,12.0,33.0,17.0,20.0,13.0,1.0,19.0,21.0,56.0,9.0,27.0,14.0,23.0,7.0,18.0,14.0,18.0,14.0,5.0,23.0,-27,0,14,3,-11
2016,137,1433,75,1333,67,0,27.0,56.0,4.0,20.0,17.0,21.0,9.0,31.0,13.0,12.0,3.0,4.0,18.0,25.0,60.0,7.0,17.0,10.0,15.0,7.0,21.0,14.0,6.0,5.0,2.0,19.0,-8,0,7,10,3
2016,137,1437,86,1421,56,0,33.0,57.0,13.0,28.0,7.0,11.0,7.0,25.0,21.0,11.0,8.0,5.0,10.0,21.0,57.0,5.0,17.0,9.0,13.0,12.0,20.0,11.0,14.0,5.0,2.0,12.0,-30,0,15,2,-13
2016,137,1458,47,1338,43,0,17.0,53.0,4.0,19.0,9.0,15.0,12.0,25.0,6.0,6.0,6.0,2.0,11.0,18.0,48.0,3.0,11.0,4.0,7.0,7.0,29.0,6.0,10.0,3.0,3.0,19.0,-4,0,10,7,-3
2016,137,1462,71,1451,53,0,30.0,62.0,7.0,14.0,4.0,4.0,13.0,30.0,14.0,13.0,4.0,2.0,16.0,22.0,57.0,4.0,21.0,5.0,11.0,9.0,18.0,9.0,11.0,8.0,2.0,14.0,-18,0,15,2,-13
2016,138,1181,71,1463,64,0,23.0,50.0,11.0,23.0,14.0,16.0,5.0,23.0,12.0,10.0,6.0,7.0,18.0,25.0,65.0,4.0,23.0,10.0,13.0,20.0,22.0,13.0,11.0,5.0,5.0,16.0,-7,0,12,4,-8
2016,138,1211,82,1428,59,0,34.0,61.0,9.0,19.0,5.0,6.0,8.0,26.0,14.0,9.0,7.0,3.0,13.0,22.0,52.0,7.0,15.0,8.0,8.0,4.0,20.0,9.0,13.0,5.0,3.0,14.0,-23,0,3,11,8
2016,138,1231,73,1246,67,0,25.0,52.0,6.0,21.0,17.0,23.0,6.0,24.0,13.0,13.0,5.0,4.0,22.0,24.0,57.0,4.0,16.0,15.0,19.0,10.0,24.0,8.0,16.0,6.0,2.0,24.0,-6,0,4,5,1
2016,138,1235,78,1114,61,0,30.0,53.0,11.0,21.0,7.0,16.0,4.0,27.0,15.0,6.0,6.0,0.0,10.0,20.0,54.0,8.0,25.0,13.0,16.0,7.0,25.0,9.0,8.0,1.0,1.0,14.0,-17,0,12,4,-8
2016,138,1242,73,1163,61,0,25.0,51.0,6.0,17.0,17.0,22.0,8.0,36.0,14.0,13.0,3.0,7.0,13.0,21.0,62.0,10.0,22.0,9.0,11.0,5.0,19.0,11.0,6.0,7.0,4.0,19.0,-12,0,9,1,-8
2016,138,1274,65,1455,57,0,21.0,38.0,7.0,12.0,16.0,23.0,2.0,24.0,7.0,16.0,10.0,4.0,15.0,20.0,59.0,6.0,22.0,11.0,14.0,16.0,17.0,8.0,15.0,10.0,0.0,18.0,-8,0,11,3,-8
2016,138,1314,85,1344,66,0,31.0,59.0,4.0,14.0,19.0,21.0,13.0,29.0,12.0,15.0,5.0,4.0,19.0,23.0,57.0,6.0,23.0,14.0,23.0,9.0,15.0,8.0,11.0,5.0,1.0,20.0,-19,0,9,1,-8
2016,138,1438,77,1139,69,0,29.0,52.0,2.0,10.0,17.0,21.0,6.0,26.0,11.0,9.0,3.0,2.0,13.0,25.0,54.0,7.0,15.0,12.0,17.0,4.0,18.0,9.0,4.0,7.0,1.0,17.0,-8,0,9,1,-8
2016,139,1268,73,1218,60,0,22.0,48.0,1.0,18.0,28.0,31.0,3.0,33.0,8.0,11.0,5.0,7.0,18.0,23.0,70.0,4.0,19.0,10.0,15.0,16.0,26.0,13.0,9.0,2.0,1.0,22.0,-13,0,13,5,-8
2016,139,1323,76,1372,75,0,29.0,51.0,6.0,17.0,12.0,16.0,11.0,20.0,15.0,13.0,2.0,2.0,12.0,29.0,64.0,8.0,27.0,9.0,9.0,14.0,13.0,19.0,6.0,5.0,5.0,15.0,-1,0,14,6,-8
2016,139,1328,85,1433,81,0,29.0,60.0,8.0,26.0,19.0,25.0,11.0,26.0,10.0,12.0,5.0,5.0,18.0,30.0,66.0,11.0,31.0,10.0,16.0,13.0,24.0,16.0,13.0,7.0,1.0,23.0,-4,0,10,2,-8
2016,139,1332,69,1386,64,0,21.0,53.0,6.0,24.0,21.0,25.0,7.0,28.0,6.0,11.0,2.0,7.0,19.0,22.0,57.0,4.0,15.0,16.0,20.0,9.0,28.0,7.0,12.0,5.0,0.0,20.0,-5,0,8,1,-7
2016,139,1393,75,1292,50,0,27.0,49.0,8.0,20.0,13.0,22.0,8.0,29.0,14.0,10.0,6.0,11.0,9.0,19.0,64.0,8.0,24.0,4.0,8.0,18.0,17.0,8.0,10.0,4.0,2.0,15.0,-25,0,15,10,-5
2016,139,1401,92,1320,88,2,24.8,56.8,5.6,24.8,18.4,27.2,10.4,29.6,6.4,11.2,4.8,0.0,18.4,21.6,55.2,9.6,27.2,17.6,21.6,5.6,25.6,12.8,10.4,7.2,2.4,21.6,-4,0,11,3,-8
2016,139,1437,87,1234,68,0,32.0,54.0,10.0,19.0,13.0,17.0,6.0,26.0,23.0,13.0,9.0,4.0,16.0,27.0,60.0,7.0,24.0,7.0,13.0,10.0,19.0,14.0,13.0,6.0,3.0,19.0,-19,0,7,2,-5
2016,139,1458,66,1462,63,0,25.0,59.0,8.0,27.0,8.0,13.0,7.0,31.0,12.0,12.0,3.0,6.0,21.0,22.0,54.0,5.0,16.0,14.0,21.0,5.0,31.0,10.0,8.0,8.0,1.0,17.0,-3,0,2,7,5
2016,143,1242,79,1268,63,0,29.0,62.0,3.0,9.0,18.0,21.0,13.0,30.0,14.0,11.0,5.0,1.0,20.0,22.0,55.0,5.0,25.0,14.0,20.0,6.0,22.0,9.0,9.0,7.0,7.0,23.0,-16,0,5,1,-4
2016,143,1328,77,1401,63,0,31.0,63.0,11.0,25.0,4.0,9.0,10.0,31.0,23.0,15.0,4.0,5.0,18.0,22.0,64.0,6.0,28.0,13.0,24.0,16.0,26.0,14.0,12.0,6.0,4.0,12.0,-14,0,3,2,-1
2016,143,1332,82,1181,68,0,32.0,65.0,10.0,23.0,8.0,17.0,12.0,30.0,22.0,8.0,3.0,5.0,17.0,26.0,59.0,7.0,22.0,9.0,15.0,5.0,27.0,12.0,8.0,4.0,3.0,19.0,-14,0,4,1,-3
2016,143,1437,92,1274,69,0,32.0,51.0,10.0,15.0,18.0,19.0,9.0,18.0,17.0,8.0,8.0,1.0,16.0,25.0,47.0,10.0,17.0,9.0,13.0,7.0,10.0,12.0,12.0,6.0,1.0,19.0,-23,0,3,2,-1
2016,144,1314,101,1231,86,0,32.0,62.0,11.0,20.0,26.0,33.0,15.0,22.0,20.0,9.0,7.0,5.0,22.0,25.0,61.0,13.0,31.0,23.0,26.0,15.0,17.0,13.0,12.0,2.0,1.0,27.0,-15,0,5,1,-4
2016,144,1323,61,1458,56,0,22.0,55.0,4.0,13.0,13.0,14.0,11.0,21.0,13.0,12.0,10.0,6.0,9.0,23.0,57.0,6.0,20.0,4.0,6.0,13.0,23.0,11.0,17.0,8.0,4.0,15.0,-5,0,7,6,-1
2016,144,1393,63,1211,60,0,22.0,61.0,5.0,15.0,14.0,16.0,15.0,18.0,9.0,9.0,9.0,10.0,12.0,24.0,55.0,8.0,21.0,4.0,5.0,12.0,25.0,18.0,17.0,4.0,8.0,14.0,-3,0,11,10,-1
2016,144,1438,84,1235,71,0,32.0,57.0,4.0,11.0,16.0,24.0,7.0,26.0,26.0,8.0,8.0,5.0,13.0,27.0,52.0,7.0,18.0,10.0,15.0,2.0,22.0,16.0,12.0,6.0,2.0,19.0,-13,0,4,1,-3
2016,145,1328,80,1332,68,0,27.0,58.0,12.0,24.0,14.0,17.0,14.0,24.0,16.0,15.0,4.0,2.0,21.0,21.0,54.0,4.0,21.0,22.0,30.0,13.0,19.0,10.0,12.0,10.0,2.0,16.0,-12,0,1,2,1
2016,145,1437,64,1242,59,0,21.0,52.0,4.0,18.0,18.0,19.0,5.0,23.0,7.0,9.0,11.0,2.0,16.0,23.0,50.0,6.0,22.0,7.0,11.0,6.0,26.0,11.0,16.0,5.0,2.0,19.0,-5,0,1,2,1
2016,146,1314,88,1323,74,0,32.0,52.0,4.0,13.0,20.0,24.0,13.0,19.0,17.0,6.0,4.0,1.0,17.0,27.0,49.0,9.0,18.0,11.0,14.0,5.0,10.0,9.0,7.0,3.0,1.0,18.0,-14,0,6,1,-5
2016,146,1393,68,1438,62,0,21.0,57.0,6.0,18.0,20.0,25.0,12.0,24.0,10.0,8.0,11.0,7.0,15.0,22.0,53.0,8.0,21.0,10.0,12.0,8.0,26.0,21.0,13.0,3.0,8.0,16.0,-6,0,1,10,9
2016,152,1314,83,1393,66,0,35.0,65.0,4.0,17.0,9.0,11.0,16.0,27.0,18.0,12.0,6.0,5.0,12.0,27.0,66.0,8.0,25.0,4.0,13.0,16.0,15.0,5.0,10.0,8.0,4.0,15.0,-17,0,10,1,-9
2016,152,1437,95,1328,51,0,35.0,49.0,11.0,18.0,14.0,19.0,7.0,25.0,14.0,11.0,12.0,3.0,11.0,19.0,60.0,6.0,27.0,7.0,11.0,19.0,10.0,8.0,17.0,6.0,2.0,20.0,-44,0,2,2,0
2016,154,1437,77,1314,74,0,28.0,48.0,8.0,14.0,13.0,17.0,2.0,21.0,6.0,10.0,5.0,5.0,16.0,27.0,63.0,11.0,17.0,9.0,13.0,16.0,20.0,16.0,11.0,5.0,3.0,20.0,-3,0,1,2,1
2017,134,1243,95,1448,88,0,31.0,47.0,6.0,16.0,27.0,36.0,7.0,22.0,18.0,15.0,6.0,3.0,26.0,25.0,53.0,9.0,27.0,29.0,32.0,7.0,14.0,14.0,11.0,8.0,1.0,25.0,-7,0,11,11,0
2017,134,1291,67,1309,66,0,25.0,47.0,10.0,19.0,7.0,13.0,6.0,19.0,14.0,16.0,6.0,1.0,13.0,29.0,54.0,1.0,9.0,7.0,12.0,10.0,18.0,12.0,14.0,10.0,2.0,18.0,-1,0,16,16,0
2017,135,1413,67,1300,63,0,22.0,48.0,5.0,16.0,18.0,22.0,6.0,34.0,14.0,18.0,4.0,1.0,13.0,24.0,67.0,5.0,26.0,10.0,13.0,9.0,21.0,14.0,9.0,10.0,0.0,15.0,-4,0,16,16,0
2017,135,1425,75,1344,71,0,24.0,57.0,7.0,19.0,20.0,27.0,16.0,20.0,12.0,7.0,4.0,4.0,13.0,25.0,51.0,9.0,20.0,12.0,17.0,7.0,20.0,17.0,9.0,3.0,2.0,21.0,-4,0,11,11,0
2017,136,1112,100,1315,82,0,36.0,62.0,4.0,11.0,24.0,28.0,7.0,33.0,14.0,7.0,3.0,3.0,18.0,32.0,69.0,10.0,22.0,8.0,16.0,9.0,22.0,18.0,6.0,6.0,2.0,23.0,-18,0,15,2,-13
2017,136,1139,76,1457,64,0,24.0,49.0,8.0,19.0,20.0,30.0,5.0,37.0,15.0,12.0,4.0,6.0,15.0,25.0,62.0,9.0,25.0,5.0,10.0,3.0,24.0,12.0,9.0,6.0,1.0,22.0,-12,0,13,4,-9
2017,136,1196,80,1190,65,0,26.0,54.0,7.0,22.0,21.0,27.0,12.0,26.0,16.0,15.0,12.0,4.0,12.0,25.0,62.0,9.0,24.0,6.0,10.0,13.0,19.0,12.0,17.0,9.0,0.0,19.0,-15,0,13,4,-9
2017,136,1199,86,1195,80,0,30.0,54.0,2.0,13.0,24.0,39.0,9.0,37.0,16.0,16.0,9.0,9.0,19.0,29.0,70.0,8.0,28.0,14.0,20.0,7.0,19.0,18.0,11.0,6.0,1.0,23.0,-6,0,14,3,-11
2017,136,1211,66,1355,46,0,25.0,63.0,8.0,30.0,8.0,18.0,14.0,36.0,8.0,9.0,5.0,7.0,13.0,18.0,58.0,5.0,20.0,5.0,11.0,9.0,29.0,8.0,13.0,3.0,4.0,17.0,-20,0,16,1,-15
2017,136,1235,84,1305,73,0,30.0,54.0,8.0,19.0,16.0,18.0,7.0,31.0,17.0,13.0,4.0,3.0,15.0,26.0,65.0,8.0,26.0,13.0,16.0,10.0,18.0,13.0,7.0,8.0,4.0,14.0,-11,0,12,5,-7
2017,136,1292,81,1278,72,0,28.0,58.0,7.0,13.0,18.0,27.0,11.0,26.0,19.0,8.0,4.0,3.0,20.0,24.0,52.0,6.0,21.0,18.0,21.0,4.0,20.0,15.0,8.0,5.0,3.0,22.0,-9,0,5,12,7
2017,136,1321,68,1435,66,0,26.0,53.0,6.0,14.0,10.0,18.0,8.0,29.0,10.0,12.0,7.0,0.0,18.0,21.0,55.0,9.0,26.0,15.0,18.0,7.0,23.0,9.0,10.0,7.0,6.0,16.0,-2,0,9,8,-1
2017,136,1323,60,1343,58,0,21.0,52.0,4.0,11.0,14.0,21.0,9.0,27.0,10.0,6.0,4.0,3.0,9.0,22.0,57.0,8.0,31.0,6.0,6.0,7.0,26.0,13.0,9.0,2.0,4.0,14.0,-2,0,12,5,-7
2017,136,1345,80,1436,70,0,31.0,60.0,9.0,20.0,9.0,14.0,11.0,27.0,16.0,10.0,2.0,6.0,15.0,27.0,61.0,10.0,27.0,6.0,10.0,8.0,20.0,21.0,9.0,6.0,1.0,17.0,-10,0,13,4,-9
2017,136,1388,85,1433,77,0,25.0,45.0,6.0,17.0,29.0,39.0,7.0,30.0,13.0,15.0,5.0,4.0,20.0,29.0,65.0,2.0,13.0,17.0,26.0,11.0,18.0,6.0,9.0,7.0,4.0,32.0,-8,0,10,7,-3
2017,136,1437,76,1291,56,0,31.0,60.0,6.0,17.0,8.0,11.0,14.0,29.0,14.0,13.0,5.0,3.0,17.0,21.0,57.0,5.0,21.0,9.0,12.0,10.0,17.0,10.0,9.0,5.0,5.0,15.0,-20,0,16,1,-15
2017,136,1438,76,1423,71,0,26.0,52.0,7.0,17.0,17.0,25.0,6.0,27.0,9.0,8.0,5.0,5.0,19.0,25.0,61.0,10.0,26.0,11.0,17.0,14.0,26.0,15.0,9.0,4.0,2.0,20.0,-5,0,12,5,-7
2017,136,1452,86,1137,80,0,30.0,66.0,5.0,11.0,21.0,29.0,17.0,25.0,15.0,13.0,7.0,5.0,19.0,27.0,59.0,9.0,20.0,17.0,23.0,9.0,23.0,13.0,15.0,8.0,4.0,25.0,-6,0,13,4,-9
2017,136,1458,84,1439,74,0,26.0,60.0,13.0,31.0,19.0,25.0,17.0,20.0,19.0,8.0,4.0,3.0,22.0,23.0,49.0,7.0,17.0,21.0,26.0,6.0,19.0,14.0,10.0,3.0,2.0,18.0,-10,0,9,8,-1
2017,136,1462,76,1268,65,0,25.0,50.0,9.0,23.0,17.0,24.0,9.0,25.0,15.0,15.0,8.0,2.0,17.0,22.0,54.0,7.0,27.0,14.0,19.0,7.0,17.0,13.0,11.0,7.0,3.0,19.0,-11,0,6,11,5
2017,137,1116,77,1371,71,0,28.0,60.0,3.0,7.0,18.0,23.0,8.0,24.0,13.0,10.0,12.0,7.0,20.0,26.0,68.0,6.0,17.0,13.0,21.0,21.0,25.0,10.0,15.0,6.0,4.0,18.0,-6,0,9,8,-1
2017,137,1124,91,1308,73,0,35.0,61.0,4.0,8.0,17.0,19.0,10.0,29.0,15.0,12.0,4.0,7.0,15.0,28.0,64.0,8.0,22.0,9.0,13.0,9.0,18.0,15.0,11.0,6.0,2.0,18.0,-18,0,14,3,-11
2017,137,1153,75,1243,61,0,27.0,43.0,5.0,11.0,16.0,22.0,7.0,24.0,10.0,11.0,4.0,4.0,12.0,21.0,54.0,7.0,18.0,12.0,15.0,9.0,14.0,10.0,7.0,7.0,2.0,19.0,-14,0,11,6,-5
2017,137,1181,87,1407,65,0,29.0,62.0,13.0,28.0,16.0,23.0,14.0,22.0,15.0,8.0,13.0,8.0,17.0,24.0,59.0,5.0,23.0,12.0,14.0,13.0,24.0,10.0,17.0,1.0,2.0,19.0,-22,0,15,2,-13
2017,137,1242,100,1413,62,0,36.0,64.0,11.0,25.0,17.0,20.0,11.0,34.0,19.0,12.0,6.0,6.0,17.0,21.0,62.0,4.0,20.0,16.0,18.0,9.0,18.0,7.0,14.0,5.0,2.0,19.0,-38,0,16,1,-15
2017,137,1246,79,1297,70,0,27.0,61.0,3.0,17.0,22.0,28.0,11.0,35.0,12.0,12.0,5.0,9.0,15.0,26.0,73.0,8.0,32.0,10.0,11.0,13.0,27.0,11.0,8.0,6.0,3.0,22.0,-9,0,15,2,-13
2017,137,1257,78,1240,63,0,31.0,64.0,5.0,15.0,11.0,14.0,16.0,20.0,14.0,6.0,7.0,5.0,12.0,23.0,46.0,10.0,19.0,7.0,8.0,4.0,19.0,14.0,14.0,1.0,8.0,14.0,-15,0,15,2,-13
2017,137,1276,92,1329,91,0,29.0,56.0,16.0,29.0,18.0,22.0,6.0,15.0,19.0,4.0,5.0,6.0,14.0,35.0,64.0,7.0,16.0,14.0,16.0,16.0,24.0,17.0,10.0,3.0,3.0,22.0,-1,0,10,7,-3
2017,137,1277,78,1274,58,0,30.0,53.0,6.0,20.0,12.0,14.0,10.0,26.0,18.0,12.0,1.0,3.0,18.0,21.0,52.0,4.0,16.0,12.0,17.0,9.0,14.0,8.0,10.0,9.0,1.0,17.0,-20,0,8,9,1
2017,137,1314,103,1411,64,0,38.0,75.0,8.0,22.0,19.0,26.0,20.0,34.0,18.0,10.0,6.0,4.0,13.0,22.0,60.0,7.0,27.0,13.0,16.0,6.0,21.0,9.0,13.0,6.0,3.0,17.0,-39,0,16,1,-15
2017,137,1332,93,1233,77,0,35.0,63.0,9.0,23.0,14.0,21.0,15.0,26.0,11.0,12.0,8.0,2.0,14.0,28.0,64.0,10.0,26.0,11.0,16.0,12.0,15.0,10.0,10.0,4.0,7.0,17.0,-16,0,14,3,-11
2017,137,1348,84,1166,72,0,26.0,58.0,4.0,21.0,28.0,31.0,8.0,30.0,11.0,8.0,8.0,3.0,16.0,26.0,65.0,7.0,23.0,13.0,19.0,11.0,26.0,11.0,11.0,2.0,3.0,20.0,-12,0,6,11,5
2017,137,1376,93,1266,73,0,36.0,68.0,8.0,24.0,13.0,19.0,13.0,23.0,17.0,9.0,11.0,2.0,13.0,25.0,54.0,11.0,28.0,12.0,14.0,6.0,22.0,12.0,18.0,3.0,3.0,20.0,-20,0,10,7,-3
2017,137,1417,97,1245,80,0,37.0,59.0,7.0,14.0,16.0,23.0,6.0,27.0,25.0,6.0,2.0,3.0,12.0,31.0,71.0,9.0,22.0,9.0,12.0,15.0,21.0,10.0,8.0,3.0,0.0,18.0,-17,0,14,3,-11
2017,137,1425,66,1374,65,0,24.0,50.0,8.0,28.0,10.0,14.0,9.0,25.0,14.0,10.0,5.0,4.0,16.0,24.0,57.0,9.0,23.0,8.0,11.0,10.0,20.0,11.0,8.0,5.0,0.0,15.0,-1,0,6,11,5
2017,137,1455,64,1173,58,0,19.0,48.0,6.0,20.0,20.0,27.0,13.0,35.0,11.0,16.0,0.0,8.0,19.0,18.0,58.0,7.0,22.0,15.0,20.0,10.0,19.0,11.0,6.0,6.0,3.0,23.0,-6,0,7,10,3
2017,138,1112,69,1388,60,0,23.0,51.0,4.0,11.0,19.0,23.0,9.0,23.0,4.0,9.0,7.0,5.0,12.0,25.0,54.0,5.0,21.0,5.0,8.0,9.0,21.0,14.0,13.0,5.0,4.0,20.0,-9,0,7,2,-5
2017,138,1139,74,1292,65,0,24.0,47.0,8.0,15.0,18.0,23.0,2.0,26.0,16.0,10.0,4.0,2.0,16.0,25.0,57.0,4.0,19.0,11.0,14.0,7.0,21.0,15.0,12.0,5.0,0.0,21.0,-9,0,12,4,-8
2017,138,1196,65,1438,39,0,23.0,50.0,8.0,21.0,11.0,18.0,7.0,29.0,10.0,10.0,6.0,1.0,10.0,16.0,54.0,1.0,15.0,6.0,7.0,9.0,23.0,8.0,11.0,4.0,3.0,17.0,-26,0,5,4,-1
2017,138,1211,79,1321,73,0,26.0,59.0,4.0,16.0,23.0,36.0,15.0,27.0,10.0,14.0,7.0,7.0,18.0,27.0,66.0,8.0,24.0,11.0,13.0,12.0,24.0,12.0,13.0,11.0,5.0,26.0,-6,0,8,1,-7
2017,138,1345,80,1235,76,0,31.0,64.0,8.0,26.0,10.0,15.0,9.0,29.0,27.0,10.0,6.0,1.0,15.0,30.0,60.0,7.0,23.0,9.0,14.0,3.0,25.0,14.0,7.0,7.0,3.0,16.0,-4,0,5,4,-1
2017,138,1452,83,1323,71,0,27.0,54.0,8.0,14.0,21.0,26.0,10.0,24.0,16.0,12.0,6.0,5.0,18.0,22.0,54.0,10.0,28.0,17.0,17.0,8.0,20.0,12.0,14.0,6.0,3.0,21.0,-12,0,5,4,-1
2017,138,1458,65,1437,62,0,26.0,49.0,6.0,18.0,7.0,16.0,12.0,22.0,10.0,14.0,4.0,5.0,19.0,21.0,51.0,5.0,16.0,15.0,21.0,11.0,19.0,5.0,8.0,8.0,1.0,16.0,-3,0,1,8,7
2017,138,1462,91,1199,66,0,30.0,54.0,11.0,17.0,20.0,26.0,7.0,29.0,20.0,9.0,4.0,3.0,20.0,24.0,60.0,4.0,21.0,14.0,19.0,11.0,22.0,10.0,9.0,7.0,3.0,24.0,-25,0,3,11,8
2017,139,1124,82,1425,78,0,31.0,61.0,7.0,19.0,13.0,15.0,14.0,20.0,16.0,12.0,8.0,3.0,16.0,30.0,55.0,9.0,22.0,9.0,10.0,6.0,17.0,19.0,13.0,4.0,3.0,18.0,-4,0,11,3,-8
2017,139,1242,90,1277,70,0,34.0,64.0,8.0,20.0,14.0,15.0,8.0,28.0,12.0,7.0,9.0,3.0,16.0,25.0,57.0,8.0,23.0,12.0,17.0,5.0,23.0,13.0,10.0,3.0,1.0,14.0,-20,0,9,1,-8
2017,139,1246,65,1455,62,0,23.0,55.0,7.0,18.0,12.0,18.0,10.0,26.0,11.0,7.0,6.0,5.0,11.0,24.0,62.0,8.0,24.0,6.0,9.0,14.0,24.0,12.0,11.0,2.0,5.0,14.0,-3,0,10,2,-8
2017,139,1276,73,1257,69,0,28.0,57.0,6.0,17.0,11.0,14.0,9.0,21.0,11.0,6.0,4.0,4.0,15.0,28.0,61.0,5.0,20.0,8.0,12.0,15.0,22.0,12.0,11.0,4.0,5.0,18.0,-4,0,2,7,5
2017,139,1314,72,1116,65,0,24.0,63.0,5.0,17.0,19.0,25.0,18.0,27.0,15.0,17.0,13.0,4.0,10.0,26.0,60.0,8.0,21.0,5.0,8.0,8.0,24.0,9.0,19.0,10.0,4.0,20.0,-7,0,8,1,-7
2017,139,1332,75,1348,72,0,25.0,52.0,7.0,16.0,18.0,27.0,15.0,20.0,11.0,14.0,8.0,2.0,14.0,30.0,59.0,6.0,22.0,6.0,8.0,9.0,19.0,11.0,11.0,8.0,2.0,21.0,-3,0,11,3,-8
2017,139,1376,88,1181,81,0,27.0,63.0,7.0,22.0,27.0,32.0,15.0,22.0,16.0,11.0,8.0,2.0,22.0,22.0,53.0,10.0,27.0,27.0,29.0,10.0,24.0,11.0,18.0,6.0,7.0,26.0,-7,0,2,7,5
2017,139,1417,79,1153,67,0,31.0,62.0,11.0,28.0,6.0,10.0,7.0,23.0,21.0,3.0,5.0,5.0,10.0,26.0,58.0,7.0,20.0,8.0,10.0,9.0,23.0,11.0,10.0,2.0,1.0,13.0,-12,0,6,3,-3
2017,143,1211,61,1452,58,0,18.0,44.0,4.0,10.0,21.0,32.0,7.0,27.0,7.0,16.0,5.0,3.0,26.0,16.0,60.0,5.0,23.0,21.0,29.0,20.0,21.0,7.0,13.0,5.0,7.0,25.0,-3,0,4,1,-3
2017,143,1242,98,1345,66,0,34.0,62.0,15.0,28.0,15.0,22.0,12.0,24.0,18.0,10.0,9.0,2.0,15.0,24.0,56.0,10.0,27.0,8.0,12.0,9.0,20.0,17.0,16.0,6.0,0.0,18.0,-32,0,4,1,-3
2017,143,1332,69,1276,68,0,26.0,58.0,8.0,17.0,9.0,16.0,6.0,30.0,15.0,5.0,6.0,3.0,9.0,25.0,58.0,11.0,31.0,7.0,7.0,2.0,29.0,16.0,8.0,3.0,2.0,16.0,-1,0,7,3,-4
2017,143,1462,73,1112,71,0,28.0,53.0,6.0,16.0,11.0,16.0,7.0,20.0,14.0,8.0,3.0,1.0,14.0,27.0,62.0,7.0,27.0,10.0,11.0,14.0,21.0,14.0,8.0,4.0,1.0,18.0,-2,0,2,11,9
2017,144,1196,84,1458,83,1,24.88888888888889,55.11111111111112,7.111111111111111,19.55555555555556,17.77777777777778,24.88888888888889,12.444444444444445,17.77777777777778,8.88888888888889,10.666666666666666,3.555555555555556,6.222222222222222,21.33333333333333,24.88888888888889,48.888888888888886,6.222222222222222,15.11111111111111,17.77777777777778,26.666666666666668,9.77777777777778,22.22222222222222,12.444444444444445,14.22222222222222,7.111111111111111,1.7777777777777777,23.11111111111111,-1,0,8,4,-4
2017,144,1246,86,1417,75,0,31.0,63.0,10.0,23.0,14.0,17.0,10.0,19.0,18.0,6.0,5.0,5.0,17.0,29.0,55.0,9.0,23.0,8.0,13.0,8.0,20.0,16.0,13.0,3.0,5.0,19.0,-11,0,3,2,-1
2017,144,1314,92,1139,80,0,31.0,57.0,9.0,24.0,21.0,33.0,10.0,28.0,22.0,10.0,7.0,1.0,21.0,27.0,62.0,8.0,28.0,18.0,21.0,8.0,18.0,13.0,9.0,5.0,1.0,23.0,-12,0,4,1,-3
2017,144,1376,70,1124,50,0,23.0,50.0,8.0,20.0,16.0,23.0,11.0,29.0,12.0,16.0,7.0,6.0,20.0,17.0,56.0,3.0,13.0,13.0,20.0,15.0,22.0,11.0,16.0,6.0,3.0,20.0,-20,0,3,7,4
2017,145,1211,83,1462,59,0,29.0,61.0,12.0,24.0,13.0,25.0,11.0,30.0,15.0,10.0,7.0,6.0,19.0,22.0,62.0,2.0,16.0,13.0,22.0,13.0,28.0,6.0,11.0,4.0,3.0,22.0,-24,0,11,1,-10
2017,145,1332,74,1242,60,0,29.0,57.0,11.0,25.0,5.0,7.0,9.0,27.0,12.0,13.0,5.0,8.0,13.0,21.0,60.0,5.0,25.0,13.0,17.0,12.0,20.0,14.0,8.0,4.0,1.0,13.0,-14,0,1,3,2
2017,146,1314,75,1246,73,0,27.0,58.0,3.0,15.0,18.0,26.0,13.0,31.0,17.0,16.0,7.0,9.0,18.0,27.0,65.0,7.0,19.0,12.0,19.0,11.0,23.0,16.0,9.0,7.0,2.0,19.0,-2,0,2,1,-1
2017,146,1376,77,1196,70,0,26.0,53.0,2.0,10.0,23.0,31.0,11.0,23.0,7.0,11.0,4.0,2.0,17.0,25.0,60.0,7.0,26.0,13.0,14.0,13.0,18.0,11.0,16.0,7.0,5.0,21.0,-7,0,4,7,3
2017,152,1211,77,1376,73,0,29.0,60.0,9.0,19.0,10.0,13.0,10.0,31.0,15.0,12.0,3.0,8.0,21.0,25.0,66.0,7.0,20.0,16.0,22.0,13.0,23.0,12.0,5.0,7.0,6.0,14.0,-4,0,7,1,-6
2017,152,1314,77,1332,76,0,25.0,68.0,8.0,21.0,19.0,27.0,17.0,26.0,16.0,11.0,7.0,3.0,22.0,22.0,58.0,7.0,26.0,25.0,28.0,12.0,31.0,7.0,16.0,5.0,7.0,20.0,-1,0,3,1,-2
2017,154,1314,71,1211,65,0,26.0,73.0,4.0,27.0,15.0,26.0,15.0,31.0,15.0,4.0,7.0,8.0,22.0,20.0,59.0,8.0,19.0,17.0,26.0,12.0,37.0,11.0,14.0,2.0,5.0,22.0,-6,0,1,1,0
2018,134,1347,71,1254,61,0,28.0,59.0,6.0,17.0,9.0,13.0,8.0,30.0,17.0,15.0,6.0,2.0,23.0,19.0,50.0,7.0,26.0,16.0,23.0,6.0,26.0,13.0,15.0,3.0,0.0,19.0,-10,0,16,16,0
2018,134,1382,65,1417,58,0,23.0,60.0,4.0,19.0,15.0,21.0,7.0,24.0,7.0,6.0,11.0,0.0,14.0,21.0,50.0,10.0,30.0,6.0,10.0,7.0,34.0,13.0,20.0,1.0,6.0,18.0,-7,0,11,11,0
2018,135,1393,60,1113,56,0,20.0,49.0,7.0,20.0,13.0,23.0,10.0,27.0,10.0,11.0,5.0,2.0,16.0,21.0,52.0,11.0,32.0,3.0,10.0,8.0,26.0,19.0,11.0,5.0,3.0,19.0,-4,0,11,11,0
2018,135,1411,64,1300,46,0,21.0,57.0,6.0,24.0,16.0,19.0,13.0,28.0,9.0,14.0,7.0,8.0,12.0,21.0,69.0,0.0,14.0,4.0,6.0,20.0,23.0,10.0,15.0,5.0,2.0,18.0,-18,0,16,16,0
2018,136,1104,86,1439,83,0,30.0,50.0,8.0,18.0,18.0,27.0,10.0,16.0,19.0,17.0,3.0,3.0,18.0,30.0,54.0,9.0,18.0,14.0,20.0,10.0,12.0,14.0,14.0,7.0,1.0,22.0,-3,0,8,9,1
2018,136,1138,89,1112,68,0,34.0,62.0,15.0,30.0,6.0,7.0,8.0,24.0,13.0,10.0,4.0,2.0,15.0,29.0,64.0,2.0,18.0,8.0,11.0,12.0,19.0,13.0,9.0,4.0,3.0,11.0,-21,0,4,13,9
2018,136,1181,89,1233,67,0,36.0,67.0,13.0,30.0,4.0,8.0,14.0,25.0,24.0,12.0,5.0,2.0,12.0,26.0,60.0,5.0,24.0,10.0,14.0,10.0,19.0,16.0,10.0,5.0,2.0,16.0,-22,0,15,2,-13
2018,136,1196,77,1382,62,0,27.0,65.0,10.0,32.0,13.0,18.0,9.0,26.0,19.0,9.0,11.0,4.0,21.0,17.0,48.0,3.0,19.0,25.0,34.0,6.0,33.0,10.0,18.0,6.0,3.0,19.0,-15,0,11,6,-5
2018,136,1211,68,1422,64,0,25.0,59.0,5.0,23.0,13.0,25.0,10.0,27.0,7.0,10.0,5.0,2.0,14.0,28.0,67.0,3.0,22.0,5.0,10.0,13.0,28.0,7.0,13.0,4.0,1.0,22.0,-4,0,13,4,-9
2018,136,1222,67,1361,65,0,22.0,59.0,5.0,13.0,18.0,24.0,7.0,32.0,5.0,7.0,3.0,1.0,25.0,20.0,54.0,4.0,16.0,21.0,35.0,11.0,33.0,11.0,12.0,4.0,5.0,19.0,-2,0,11,6,-5
2018,136,1242,76,1335,60,0,27.0,61.0,7.0,17.0,15.0,17.0,8.0,33.0,11.0,8.0,8.0,6.0,14.0,22.0,56.0,11.0,29.0,5.0,14.0,5.0,28.0,16.0,11.0,4.0,2.0,13.0,-16,0,16,1,-15
2018,136,1246,78,1172,73,0,26.0,51.0,0.0,6.0,26.0,32.0,6.0,30.0,11.0,10.0,6.0,3.0,19.0,24.0,61.0,11.0,33.0,14.0,17.0,8.0,20.0,12.0,9.0,2.0,2.0,22.0,-5,0,12,5,-7
2018,136,1260,64,1274,62,0,26.0,55.0,8.0,21.0,4.0,9.0,8.0,19.0,19.0,10.0,6.0,3.0,14.0,25.0,49.0,4.0,9.0,8.0,13.0,9.0,24.0,11.0,16.0,7.0,7.0,13.0,-2,0,6,11,5
2018,136,1276,61,1285,47,0,21.0,47.0,5.0,16.0,14.0,22.0,5.0,31.0,11.0,14.0,4.0,3.0,14.0,18.0,56.0,3.0,15.0,8.0,11.0,8.0,25.0,7.0,12.0,7.0,2.0,21.0,-14,0,14,3,-11
2018,136,1326,81,1355,73,0,27.0,72.0,12.0,40.0,15.0,19.0,15.0,32.0,15.0,9.0,10.0,2.0,15.0,24.0,63.0,13.0,31.0,12.0,14.0,8.0,31.0,8.0,13.0,3.0,2.0,15.0,-8,0,12,5,-7
2018,136,1348,83,1328,78,1,26.666666666666668,68.44444444444444,9.77777777777778,24.88888888888889,10.666666666666666,17.77777777777778,13.333333333333334,23.11111111111111,14.22222222222222,5.333333333333333,3.555555555555556,4.444444444444445,15.11111111111111,25.77777777777778,61.333333333333336,3.555555555555556,17.77777777777778,14.22222222222222,21.33333333333333,15.11111111111111,32.888888888888886,10.666666666666666,12.444444444444445,3.555555555555556,4.444444444444445,16.0,-5,0,10,7,-3
2018,136,1371,94,1301,83,0,28.0,58.0,7.0,21.0,31.0,39.0,11.0,29.0,12.0,7.0,6.0,2.0,23.0,28.0,61.0,11.0,30.0,16.0,27.0,11.0,23.0,14.0,10.0,4.0,0.0,30.0,-11,0,9,8,-1
2018,136,1397,73,1460,47,0,27.0,60.0,5.0,18.0,14.0,16.0,13.0,31.0,13.0,12.0,6.0,6.0,17.0,19.0,60.0,4.0,21.0,5.0,9.0,11.0,21.0,9.0,13.0,5.0,2.0,17.0,-26,0,14,3,-11
2018,136,1403,70,1372,60,0,25.0,54.0,4.0,16.0,16.0,24.0,9.0,32.0,14.0,13.0,5.0,6.0,21.0,18.0,47.0,5.0,14.0,19.0,28.0,5.0,26.0,9.0,13.0,10.0,3.0,23.0,-10,0,14,3,-11
2018,136,1437,87,1347,61,0,31.0,52.0,14.0,27.0,11.0,14.0,7.0,27.0,20.0,13.0,7.0,5.0,16.0,20.0,59.0,8.0,24.0,13.0,16.0,14.0,17.0,10.0,13.0,6.0,3.0,17.0,-26,0,16,1,-15
2018,137,1120,62,1158,58,0,21.0,59.0,5.0,24.0,15.0,32.0,12.0,24.0,10.0,12.0,10.0,4.0,18.0,23.0,51.0,5.0,22.0,7.0,14.0,6.0,34.0,10.0,21.0,6.0,0.0,23.0,-4,0,13,4,-9
2018,137,1139,79,1116,62,0,29.0,59.0,11.0,26.0,10.0,12.0,11.0,34.0,15.0,14.0,5.0,0.0,20.0,20.0,56.0,4.0,18.0,18.0,23.0,5.0,20.0,9.0,7.0,6.0,6.0,14.0,-17,0,7,10,3
2018,137,1153,68,1209,53,0,24.0,62.0,9.0,30.0,11.0,14.0,20.0,26.0,14.0,8.0,7.0,3.0,10.0,21.0,53.0,8.0,27.0,3.0,3.0,6.0,20.0,3.0,9.0,6.0,5.0,15.0,-15,0,15,2,-13
2018,137,1155,79,1308,68,0,33.0,59.0,6.0,14.0,7.0,9.0,3.0,28.0,11.0,8.0,6.0,4.0,18.0,24.0,62.0,9.0,25.0,11.0,17.0,8.0,25.0,16.0,11.0,3.0,1.0,13.0,-11,0,12,5,-7
2018,137,1199,67,1281,54,0,21.0,49.0,7.0,15.0,18.0,31.0,5.0,30.0,18.0,11.0,9.0,6.0,18.0,16.0,49.0,8.0,24.0,14.0,21.0,6.0,30.0,8.0,16.0,5.0,4.0,21.0,-13,0,8,9,1
2018,137,1243,69,1166,59,0,23.0,50.0,9.0,19.0,14.0,25.0,7.0,28.0,12.0,11.0,6.0,5.0,11.0,23.0,68.0,9.0,34.0,4.0,5.0,17.0,28.0,12.0,13.0,6.0,3.0,21.0,-10,0,8,9,1
2018,137,1267,81,1455,75,0,28.0,60.0,9.0,23.0,16.0,22.0,7.0,23.0,11.0,9.0,12.0,4.0,15.0,27.0,65.0,8.0,29.0,13.0,17.0,16.0,28.0,17.0,15.0,4.0,1.0,18.0,-6,0,4,13,9
2018,137,1277,82,1137,78,0,31.0,58.0,5.0,17.0,15.0,22.0,11.0,29.0,21.0,10.0,4.0,6.0,22.0,23.0,55.0,11.0,20.0,21.0,28.0,7.0,21.0,13.0,8.0,3.0,1.0,23.0,-4,0,14,3,-11
2018,137,1305,87,1400,83,1,28.444444444444443,56.0,9.77777777777778,25.77777777777778,10.666666666666666,17.77777777777778,4.444444444444445,25.77777777777778,16.0,6.222222222222222,1.7777777777777777,5.333333333333333,15.11111111111111,27.55555555555556,59.55555555555556,9.77777777777778,21.33333333333333,8.88888888888889,16.0,10.666666666666666,26.666666666666668,10.666666666666666,8.0,3.555555555555556,3.555555555555556,14.22222222222222,-4,0,10,7,-3
2018,137,1314,84,1252,66,0,31.0,60.0,9.0,22.0,13.0,18.0,10.0,37.0,19.0,18.0,8.0,2.0,17.0,23.0,64.0,7.0,28.0,13.0,15.0,6.0,23.0,14.0,13.0,9.0,2.0,18.0,-18,0,15,2,-13
2018,137,1345,74,1168,48,0,23.0,59.0,9.0,22.0,19.0,27.0,12.0,32.0,10.0,9.0,5.0,4.0,18.0,18.0,50.0,4.0,18.0,8.0,16.0,5.0,29.0,7.0,17.0,3.0,5.0,24.0,-26,0,15,2,-13
2018,137,1393,57,1395,52,0,21.0,57.0,3.0,14.0,12.0,15.0,12.0,25.0,8.0,7.0,6.0,5.0,18.0,19.0,48.0,3.0,17.0,11.0,17.0,8.0,26.0,14.0,13.0,3.0,4.0,16.0,-5,0,6,11,5
2018,137,1401,73,1344,69,0,26.0,52.0,6.0,16.0,15.0,26.0,11.0,33.0,13.0,14.0,2.0,8.0,13.0,27.0,62.0,6.0,20.0,9.0,12.0,5.0,21.0,17.0,6.0,5.0,0.0,23.0,-4,0,10,7,-3
2018,137,1420,74,1438,54,0,26.0,48.0,12.0,24.0,10.0,14.0,4.0,29.0,16.0,12.0,2.0,0.0,13.0,23.0,56.0,4.0,22.0,4.0,8.0,5.0,17.0,5.0,7.0,8.0,1.0,16.0,-20,0,1,16,15
2018,137,1452,85,1293,68,0,32.0,62.0,4.0,11.0,17.0,24.0,14.0,19.0,18.0,8.0,9.0,4.0,23.0,21.0,51.0,7.0,23.0,19.0,23.0,14.0,22.0,12.0,16.0,5.0,6.0,23.0,-17,0,12,5,-7
2018,137,1462,102,1411,83,0,35.0,64.0,11.0,24.0,21.0,32.0,10.0,32.0,19.0,13.0,6.0,10.0,22.0,26.0,65.0,8.0,25.0,23.0,27.0,9.0,22.0,12.0,11.0,10.0,3.0,21.0,-19,0,16,1,-15
2018,138,1181,87,1348,62,0,29.0,51.0,10.0,21.0,19.0,24.0,9.0,27.0,20.0,14.0,5.0,1.0,15.0,25.0,63.0,7.0,19.0,5.0,13.0,13.0,16.0,15.0,13.0,5.0,2.0,19.0,-25,0,7,2,-5
2018,138,1211,90,1326,84,0,31.0,58.0,9.0,22.0,19.0,31.0,13.0,26.0,15.0,13.0,5.0,4.0,22.0,30.0,66.0,11.0,26.0,13.0,16.0,8.0,17.0,12.0,12.0,6.0,2.0,24.0,-6,0,5,4,-1
2018,138,1242,83,1371,79,0,28.0,56.0,9.0,21.0,18.0,26.0,9.0,23.0,18.0,11.0,7.0,3.0,16.0,29.0,64.0,10.0,24.0,11.0,16.0,15.0,24.0,9.0,15.0,3.0,3.0,24.0,-4,0,8,1,-7
2018,138,1246,95,1138,75,0,36.0,64.0,7.0,15.0,16.0,23.0,13.0,29.0,16.0,13.0,6.0,4.0,20.0,26.0,67.0,7.0,31.0,16.0,22.0,14.0,16.0,8.0,10.0,4.0,1.0,21.0,-20,0,13,5,-8
2018,138,1260,63,1397,62,0,22.0,44.0,8.0,20.0,11.0,16.0,5.0,22.0,17.0,10.0,3.0,1.0,13.0,25.0,55.0,9.0,25.0,3.0,6.0,6.0,18.0,15.0,7.0,8.0,2.0,17.0,-1,0,3,11,8
2018,138,1276,64,1222,63,0,21.0,59.0,8.0,30.0,14.0,20.0,10.0,28.0,13.0,7.0,4.0,5.0,22.0,20.0,54.0,7.0,18.0,16.0,22.0,10.0,31.0,8.0,10.0,3.0,2.0,19.0,-1,0,6,3,-3
2018,138,1403,69,1196,66,0,28.0,63.0,6.0,15.0,7.0,14.0,13.0,26.0,17.0,8.0,4.0,5.0,14.0,25.0,63.0,6.0,22.0,10.0,15.0,13.0,26.0,11.0,11.0,5.0,9.0,18.0,-3,0,6,3,-3
2018,138,1437,81,1104,58,0,25.0,63.0,17.0,41.0,14.0,16.0,13.0,22.0,18.0,10.0,6.0,5.0,21.0,20.0,48.0,4.0,16.0,14.0,23.0,9.0,24.0,13.0,15.0,7.0,3.0,13.0,-23,0,9,1,-8
2018,139,1155,84,1120,53,0,29.0,61.0,10.0,26.0,16.0,23.0,9.0,41.0,19.0,7.0,4.0,6.0,16.0,17.0,66.0,7.0,32.0,12.0,15.0,7.0,25.0,9.0,6.0,4.0,3.0,19.0,-31,0,4,5,1
2018,139,1199,75,1462,70,0,24.0,55.0,8.0,23.0,19.0,22.0,10.0,22.0,7.0,14.0,10.0,4.0,23.0,23.0,49.0,5.0,13.0,19.0,30.0,12.0,21.0,11.0,18.0,6.0,2.0,22.0,-5,0,1,9,8
2018,139,1243,50,1420,43,0,18.0,44.0,1.0,12.0,13.0,18.0,5.0,30.0,4.0,18.0,13.0,2.0,17.0,14.0,47.0,6.0,22.0,9.0,18.0,6.0,22.0,6.0,17.0,11.0,2.0,17.0,-7,0,16,9,-7
2018,139,1305,75,1153,73,0,30.0,61.0,6.0,18.0,9.0,16.0,8.0,25.0,13.0,2.0,5.0,0.0,15.0,27.0,66.0,5.0,17.0,14.0,17.0,15.0,29.0,13.0,7.0,1.0,3.0,16.0,-2,0,2,7,5
2018,139,1345,76,1139,73,0,26.0,52.0,11.0,24.0,13.0,18.0,11.0,19.0,12.0,10.0,3.0,3.0,15.0,27.0,55.0,6.0,20.0,13.0,14.0,9.0,19.0,12.0,8.0,5.0,3.0,20.0,-3,0,10,2,-8
2018,139,1393,55,1277,53,0,15.0,42.0,1.0,8.0,24.0,31.0,7.0,23.0,3.0,12.0,5.0,6.0,20.0,17.0,66.0,8.0,37.0,11.0,16.0,29.0,22.0,11.0,14.0,4.0,2.0,22.0,-2,0,3,11,8
2018,139,1401,86,1314,65,0,31.0,60.0,10.0,24.0,14.0,21.0,7.0,43.0,17.0,14.0,5.0,8.0,13.0,26.0,78.0,6.0,31.0,7.0,7.0,9.0,27.0,17.0,6.0,7.0,0.0,20.0,-21,0,2,7,5
2018,139,1452,94,1267,71,0,33.0,66.0,12.0,25.0,16.0,18.0,15.0,25.0,19.0,16.0,9.0,4.0,22.0,22.0,56.0,12.0,26.0,15.0,21.0,10.0,14.0,18.0,18.0,8.0,3.0,16.0,-23,0,13,5,-8
2018,143,1199,75,1211,60,0,27.0,58.0,6.0,20.0,15.0,22.0,10.0,30.0,19.0,13.0,8.0,9.0,22.0,20.0,59.0,5.0,20.0,15.0,24.0,14.0,28.0,7.0,13.0,5.0,2.0,16.0,-15,0,4,9,5
2018,143,1243,61,1246,58,0,19.0,54.0,9.0,22.0,14.0,22.0,11.0,18.0,12.0,10.0,11.0,2.0,30.0,16.0,42.0,3.0,12.0,23.0,37.0,11.0,27.0,6.0,15.0,5.0,3.0,21.0,-3,0,5,9,4
2018,143,1260,69,1305,68,0,29.0,52.0,5.0,13.0,6.0,8.0,6.0,26.0,15.0,16.0,6.0,1.0,13.0,24.0,58.0,7.0,27.0,13.0,14.0,7.0,17.0,8.0,10.0,10.0,5.0,13.0,-1,0,7,11,4
2018,143,1276,99,1401,72,0,39.0,63.0,14.0,24.0,7.0,8.0,4.0,24.0,21.0,7.0,12.0,0.0,15.0,32.0,67.0,3.0,15.0,5.0,10.0,12.0,21.0,13.0,14.0,4.0,4.0,12.0,-27,0,7,3,-4
2018,144,1181,69,1393,65,0,22.0,56.0,5.0,26.0,20.0,28.0,16.0,17.0,13.0,7.0,8.0,2.0,16.0,25.0,51.0,4.0,13.0,11.0,17.0,14.0,23.0,12.0,16.0,3.0,1.0,19.0,-4,0,11,2,-9
2018,144,1242,80,1155,76,0,28.0,60.0,10.0,22.0,14.0,22.0,12.0,26.0,14.0,13.0,4.0,5.0,22.0,28.0,65.0,6.0,20.0,14.0,19.0,14.0,25.0,11.0,12.0,6.0,4.0,18.0,-4,0,5,1,-4
2018,144,1403,78,1345,65,0,28.0,59.0,5.0,17.0,17.0,18.0,11.0,23.0,15.0,11.0,5.0,5.0,12.0,26.0,58.0,7.0,18.0,6.0,6.0,9.0,21.0,8.0,17.0,5.0,2.0,19.0,-13,0,2,3,1
2018,144,1437,90,1452,78,0,27.0,54.0,13.0,24.0,23.0,27.0,7.0,29.0,16.0,16.0,5.0,5.0,20.0,27.0,70.0,7.0,28.0,17.0,23.0,16.0,23.0,12.0,12.0,10.0,5.0,28.0,-12,0,5,1,-4
2018,145,1260,78,1243,62,0,27.0,47.0,9.0,18.0,15.0,18.0,4.0,32.0,17.0,15.0,2.0,2.0,15.0,23.0,66.0,6.0,26.0,10.0,12.0,11.0,17.0,9.0,6.0,7.0,2.0,19.0,-16,0,9,11,2
2018,145,1276,58,1199,54,0,19.0,49.0,4.0,22.0,16.0,24.0,9.0,25.0,8.0,11.0,6.0,4.0,16.0,16.0,51.0,4.0,17.0,18.0,20.0,10.0,26.0,6.0,15.0,6.0,7.0,23.0,-4,0,9,3,-6
2018,146,1242,85,1181,81,1,26.666666666666668,61.333333333333336,11.555555555555555,32.0,10.666666666666666,13.333333333333334,15.11111111111111,26.666666666666668,17.77777777777778,16.0,4.444444444444445,2.6666666666666665,12.444444444444445,26.666666666666668,62.22222222222222,6.222222222222222,25.77777777777778,12.444444444444445,16.0,8.88888888888889,19.55555555555556,11.555555555555555,9.77777777777778,8.0,2.6666666666666665,14.22222222222222,-4,0,2,1,-1
2018,146,1437,71,1403,59,0,19.0,57.0,4.0,24.0,29.0,35.0,20.0,31.0,7.0,12.0,6.0,4.0,17.0,20.0,60.0,5.0,20.0,14.0,18.0,11.0,22.0,7.0,9.0,4.0,1.0,23.0,-12,0,3,1,-2
2018,152,1276,69,1260,57,0,25.0,59.0,7.0,28.0,12.0,18.0,11.0,25.0,8.0,11.0,10.0,2.0,11.0,22.0,51.0,1.0,10.0,12.0,14.0,6.0,26.0,6.0,17.0,5.0,1.0,17.0,-12,0,11,3,-8
2018,152,1437,95,1242,79,0,36.0,65.0,18.0,40.0,5.0,7.0,7.0,26.0,20.0,10.0,3.0,5.0,14.0,28.0,62.0,7.0,21.0,16.0,20.0,10.0,23.0,8.0,9.0,5.0,1.0,12.0,-16,0,1,1,0
2018,154,1437,79,1276,62,0,27.0,57.0,10.0,27.0,15.0,20.0,12.0,26.0,7.0,12.0,5.0,3.0,18.0,24.0,55.0,3.0,23.0,11.0,18.0,6.0,21.0,6.0,10.0,6.0,1.0,20.0,-17,0,3,1,-2
2019,134,1125,81,1396,70,0,28.0,53.0,9.0,23.0,16.0,21.0,3.0,30.0,15.0,11.0,6.0,4.0,12.0,28.0,71.0,7.0,22.0,7.0,13.0,15.0,24.0,13.0,11.0,7.0,1.0,22.0,-11,0,11,11,0
2019,134,1192,82,1341,76,0,30.0,55.0,9.0,21.0,13.0,19.0,13.0,27.0,12.0,17.0,1.0,8.0,10.0,28.0,64.0,15.0,28.0,5.0,7.0,10.0,17.0,17.0,12.0,9.0,1.0,19.0,-6,0,16,16,0
2019,135,1113,74,1385,65,0,22.0,49.0,5.0,12.0,25.0,33.0,6.0,36.0,12.0,21.0,5.0,2.0,18.0,22.0,69.0,8.0,31.0,13.0,23.0,16.0,27.0,9.0,16.0,11.0,1.0,22.0,-9,0,11,11,0
2019,135,1295,78,1300,74,0,25.0,52.0,9.0,20.0,19.0,24.0,8.0,21.0,12.0,6.0,0.0,3.0,14.0,24.0,57.0,9.0,21.0,17.0,21.0,15.0,23.0,17.0,9.0,0.0,2.0,20.0,-4,0,16,16,0
2019,136,1120,78,1308,77,0,26.0,57.0,12.0,31.0,14.0,21.0,6.0,18.0,13.0,10.0,9.0,2.0,24.0,25.0,51.0,7.0,25.0,20.0,27.0,11.0,28.0,14.0,16.0,6.0,2.0,19.0,-1,0,12,5,-7
2019,136,1124,78,1393,69,0,28.0,52.0,16.0,34.0,6.0,9.0,9.0,22.0,20.0,12.0,7.0,4.0,17.0,21.0,51.0,12.0,29.0,15.0,18.0,11.0,17.0,12.0,13.0,5.0,4.0,14.0,-9,0,8,9,1
2019,136,1196,70,1305,61,0,24.0,53.0,5.0,18.0,17.0,22.0,10.0,21.0,10.0,11.0,8.0,5.0,19.0,19.0,55.0,5.0,24.0,18.0,25.0,19.0,21.0,4.0,14.0,7.0,5.0,21.0,-9,0,7,10,3
2019,136,1199,76,1436,69,0,21.0,55.0,3.0,12.0,31.0,37.0,12.0,27.0,6.0,7.0,9.0,4.0,18.0,23.0,53.0,16.0,32.0,7.0,13.0,7.0,26.0,9.0,16.0,2.0,3.0,27.0,-7,0,13,4,-9
2019,136,1211,87,1192,49,0,34.0,64.0,9.0,21.0,10.0,16.0,15.0,32.0,22.0,11.0,9.0,6.0,20.0,15.0,50.0,6.0,21.0,13.0,23.0,10.0,20.0,8.0,17.0,7.0,4.0,14.0,-38,0,16,1,-15
2019,136,1242,87,1318,53,0,34.0,61.0,8.0,22.0,11.0,12.0,10.0,35.0,12.0,12.0,6.0,4.0,19.0,16.0,57.0,6.0,28.0,15.0,20.0,9.0,18.0,7.0,10.0,8.0,3.0,12.0,-34,0,13,4,-9
2019,136,1246,79,1101,44,0,30.0,56.0,4.0,14.0,15.0,19.0,14.0,30.0,10.0,12.0,5.0,1.0,18.0,17.0,53.0,5.0,23.0,5.0,10.0,3.0,14.0,9.0,10.0,9.0,3.0,16.0,-35,0,15,2,-13
2019,136,1261,79,1463,74,0,28.0,61.0,4.0,17.0,19.0,28.0,12.0,34.0,12.0,11.0,7.0,6.0,11.0,27.0,72.0,8.0,37.0,12.0,15.0,12.0,26.0,8.0,9.0,5.0,5.0,16.0,-5,0,14,3,-11
2019,136,1268,79,1125,77,0,30.0,69.0,6.0,22.0,13.0,20.0,15.0,26.0,12.0,5.0,3.0,4.0,18.0,27.0,65.0,9.0,28.0,14.0,20.0,10.0,27.0,14.0,5.0,2.0,4.0,16.0,-2,0,11,6,-5
2019,136,1276,74,1285,55,0,25.0,51.0,5.0,17.0,19.0,24.0,6.0,33.0,15.0,12.0,6.0,1.0,14.0,20.0,60.0,6.0,24.0,9.0,13.0,8.0,22.0,10.0,10.0,8.0,3.0,19.0,-19,0,15,2,-13
2019,136,1277,76,1133,65,0,23.0,54.0,5.0,19.0,25.0,26.0,8.0,28.0,9.0,9.0,3.0,5.0,18.0,22.0,52.0,9.0,21.0,12.0,18.0,3.0,23.0,12.0,10.0,3.0,3.0,22.0,-11,0,15,2,-13
2019,136,1278,86,1257,76,0,29.0,58.0,11.0,27.0,17.0,26.0,11.0,24.0,10.0,5.0,2.0,3.0,15.0,26.0,59.0,9.0,26.0,15.0,17.0,9.0,26.0,16.0,5.0,2.0,0.0,22.0,-10,0,7,10,3
2019,136,1293,83,1266,64,0,30.0,56.0,9.0,18.0,14.0,24.0,8.0,34.0,23.0,12.0,6.0,5.0,14.0,24.0,74.0,8.0,31.0,8.0,12.0,19.0,25.0,6.0,12.0,9.0,5.0,20.0,-19,0,5,12,7
2019,136,1345,61,1330,48,0,20.0,53.0,9.0,30.0,12.0,18.0,9.0,36.0,12.0,11.0,4.0,2.0,12.0,18.0,67.0,6.0,25.0,6.0,6.0,13.0,28.0,4.0,9.0,7.0,5.0,20.0,-13,0,14,3,-11
2019,136,1437,61,1388,57,0,24.0,49.0,8.0,20.0,5.0,9.0,5.0,24.0,11.0,7.0,3.0,3.0,7.0,23.0,55.0,8.0,22.0,3.0,6.0,10.0,23.0,9.0,8.0,3.0,3.0,13.0,-4,0,11,6,-5
2019,136,1459,84,1371,68,0,26.0,54.0,13.0,28.0,19.0,23.0,6.0,20.0,11.0,9.0,3.0,4.0,14.0,25.0,62.0,9.0,27.0,9.0,15.0,11.0,21.0,12.0,13.0,4.0,3.0,19.0,-16,0,10,7,-3
2019,137,1138,91,1113,74,0,31.0,60.0,10.0,27.0,19.0,26.0,13.0,29.0,15.0,15.0,7.0,1.0,20.0,26.0,60.0,3.0,22.0,19.0,20.0,6.0,20.0,12.0,11.0,9.0,4.0,22.0,-17,0,11,6,-5
2019,137,1181,85,1295,62,0,33.0,65.0,8.0,19.0,11.0,17.0,8.0,30.0,14.0,6.0,6.0,7.0,14.0,21.0,58.0,8.0,29.0,12.0,14.0,6.0,28.0,7.0,13.0,1.0,2.0,17.0,-23,0,16,1,-15
2019,137,1222,84,1209,55,0,33.0,64.0,8.0,29.0,10.0,13.0,13.0,38.0,22.0,11.0,3.0,5.0,14.0,18.0,60.0,6.0,23.0,13.0,17.0,7.0,20.0,5.0,7.0,6.0,1.0,11.0,-29,0,14,3,-11
2019,137,1234,79,1153,72,0,29.0,53.0,11.0,22.0,10.0,16.0,7.0,26.0,15.0,14.0,1.0,1.0,15.0,28.0,65.0,6.0,27.0,10.0,14.0,12.0,20.0,9.0,7.0,4.0,2.0,18.0,-7,0,7,10,3
2019,137,1251,80,1280,76,0,24.0,52.0,12.0,25.0,20.0,25.0,7.0,21.0,16.0,10.0,4.0,1.0,15.0,25.0,52.0,8.0,22.0,18.0,23.0,8.0,24.0,11.0,12.0,7.0,8.0,22.0,-4,0,5,12,7
2019,137,1314,88,1233,73,0,35.0,75.0,7.0,22.0,11.0,15.0,20.0,32.0,16.0,12.0,3.0,0.0,16.0,22.0,55.0,15.0,41.0,14.0,15.0,2.0,24.0,11.0,12.0,6.0,1.0,14.0,-15,0,16,1,-15
2019,137,1326,62,1235,59,0,23.0,58.0,5.0,20.0,11.0,14.0,12.0,26.0,12.0,11.0,7.0,2.0,12.0,23.0,53.0,6.0,22.0,7.0,10.0,6.0,25.0,9.0,12.0,9.0,2.0,15.0,-3,0,6,11,5
2019,137,1328,95,1279,72,0,34.0,59.0,6.0,13.0,21.0,26.0,6.0,25.0,15.0,4.0,10.0,2.0,13.0,29.0,62.0,11.0,31.0,3.0,4.0,8.0,22.0,16.0,11.0,1.0,2.0,24.0,-23,0,8,9,1
2019,137,1332,72,1458,54,0,28.0,51.0,7.0,15.0,9.0,11.0,6.0,28.0,12.0,12.0,6.0,5.0,14.0,20.0,60.0,6.0,30.0,8.0,13.0,16.0,19.0,9.0,13.0,8.0,1.0,15.0,-18,0,5,12,7
2019,137,1397,77,1159,70,0,30.0,64.0,9.0,26.0,8.0,11.0,12.0,23.0,13.0,8.0,7.0,5.0,12.0,25.0,56.0,15.0,29.0,5.0,6.0,8.0,23.0,10.0,13.0,3.0,1.0,15.0,-7,0,15,2,-13
2019,137,1403,72,1297,57,0,28.0,53.0,6.0,17.0,10.0,17.0,2.0,29.0,18.0,11.0,7.0,8.0,9.0,23.0,62.0,5.0,22.0,6.0,8.0,12.0,27.0,11.0,17.0,6.0,3.0,17.0,-15,0,14,3,-11
2019,137,1414,70,1243,64,0,22.0,50.0,9.0,23.0,17.0,19.0,8.0,25.0,10.0,14.0,9.0,1.0,13.0,22.0,59.0,8.0,27.0,12.0,15.0,13.0,21.0,10.0,13.0,5.0,1.0,18.0,-6,0,4,13,9
2019,137,1416,73,1433,58,0,28.0,57.0,9.0,14.0,8.0,11.0,10.0,32.0,12.0,15.0,6.0,6.0,14.0,19.0,61.0,6.0,26.0,14.0,17.0,13.0,21.0,6.0,12.0,8.0,3.0,16.0,-15,0,8,9,1
2019,137,1438,71,1205,56,0,28.0,54.0,7.0,23.0,8.0,13.0,12.0,23.0,12.0,15.0,10.0,3.0,9.0,22.0,50.0,9.0,23.0,3.0,4.0,5.0,16.0,10.0,16.0,5.0,2.0,16.0,-15,0,16,1,-15
2019,137,1439,66,1387,52,0,20.0,48.0,4.0,10.0,22.0,27.0,5.0,24.0,10.0,11.0,9.0,0.0,14.0,19.0,52.0,4.0,23.0,10.0,16.0,11.0,25.0,6.0,18.0,6.0,4.0,23.0,-14,0,13,4,-9
2019,137,1449,78,1429,61,0,25.0,51.0,10.0,17.0,18.0,21.0,7.0,22.0,14.0,15.0,10.0,6.0,18.0,19.0,54.0,7.0,20.0,16.0,20.0,15.0,20.0,13.0,21.0,3.0,4.0,18.0,-17,0,8,9,1
2019,138,1120,89,1242,75,0,32.0,61.0,13.0,30.0,12.0,15.0,6.0,21.0,17.0,7.0,9.0,3.0,21.0,27.0,59.0,6.0,19.0,15.0,18.0,13.0,25.0,13.0,16.0,4.0,1.0,17.0,-14,0,4,5,1
2019,138,1199,90,1293,62,0,36.0,71.0,11.0,27.0,7.0,9.0,15.0,30.0,21.0,12.0,11.0,6.0,16.0,20.0,61.0,7.0,18.0,15.0,21.0,13.0,20.0,7.0,13.0,8.0,2.0,8.0,-28,0,12,4,-8
2019,138,1211,83,1124,71,0,31.0,57.0,7.0,20.0,14.0,21.0,13.0,26.0,19.0,11.0,6.0,7.0,21.0,25.0,60.0,4.0,21.0,17.0,22.0,12.0,15.0,10.0,10.0,6.0,3.0,20.0,-12,0,9,1,-8
2019,138,1246,62,1459,56,0,21.0,52.0,3.0,13.0,17.0,20.0,11.0,25.0,9.0,9.0,7.0,1.0,13.0,21.0,56.0,8.0,27.0,6.0,9.0,9.0,21.0,10.0,9.0,3.0,2.0,17.0,-6,0,7,2,-5
2019,138,1261,69,1268,67,0,24.0,65.0,7.0,24.0,14.0,16.0,10.0,24.0,12.0,10.0,6.0,4.0,16.0,21.0,63.0,9.0,28.0,16.0,23.0,14.0,28.0,12.0,12.0,6.0,7.0,13.0,-2,0,6,3,-3
2019,138,1276,64,1196,49,0,24.0,57.0,7.0,21.0,9.0,12.0,11.0,31.0,13.0,10.0,5.0,3.0,10.0,19.0,55.0,9.0,26.0,2.0,2.0,5.0,24.0,11.0,9.0,5.0,0.0,13.0,-15,0,10,2,-8
2019,138,1277,70,1278,50,0,28.0,49.0,6.0,15.0,8.0,11.0,11.0,34.0,16.0,22.0,4.0,3.0,18.0,18.0,59.0,2.0,22.0,12.0,14.0,7.0,12.0,7.0,6.0,10.0,1.0,13.0,-20,0,10,2,-8
2019,138,1345,87,1437,61,0,29.0,54.0,16.0,30.0,13.0,16.0,12.0,30.0,19.0,12.0,3.0,2.0,13.0,20.0,58.0,11.0,38.0,10.0,11.0,9.0,15.0,7.0,10.0,7.0,0.0,15.0,-26,0,6,3,-3
2019,139,1181,77,1416,76,0,30.0,67.0,10.0,25.0,7.0,12.0,13.0,23.0,15.0,8.0,8.0,3.0,18.0,26.0,54.0,9.0,18.0,15.0,20.0,7.0,27.0,16.0,11.0,5.0,5.0,16.0,-1,0,9,1,-8
2019,139,1222,74,1326,59,0,26.0,56.0,5.0,19.0,17.0,25.0,9.0,28.0,10.0,6.0,12.0,2.0,20.0,19.0,49.0,10.0,29.0,11.0,16.0,6.0,25.0,12.0,14.0,4.0,0.0,20.0,-15,0,11,3,-8
2019,139,1314,81,1449,59,0,32.0,63.0,9.0,21.0,8.0,10.0,15.0,33.0,18.0,15.0,5.0,1.0,13.0,23.0,60.0,9.0,29.0,4.0,10.0,8.0,16.0,8.0,12.0,7.0,6.0,10.0,-22,0,9,1,-8
2019,139,1332,73,1414,54,0,27.0,59.0,13.0,25.0,6.0,8.0,13.0,18.0,14.0,7.0,7.0,8.0,15.0,20.0,51.0,5.0,18.0,9.0,13.0,13.0,21.0,6.0,15.0,2.0,3.0,12.0,-19,0,13,12,-1
2019,139,1397,83,1234,77,1,24.88888888888889,53.333333333333336,7.111111111111111,17.77777777777778,16.88888888888889,20.444444444444443,11.555555555555555,24.88888888888889,10.666666666666666,15.11111111111111,5.333333333333333,4.444444444444445,20.444444444444443,20.444444444444443,52.44444444444444,6.222222222222222,18.666666666666668,21.33333333333333,28.444444444444443,11.555555555555555,18.666666666666668,7.111111111111111,10.666666666666666,5.333333333333333,2.6666666666666665,18.666666666666668,-6,0,10,2,-8
2019,139,1403,78,1138,58,0,27.0,56.0,5.0,16.0,19.0,25.0,15.0,30.0,11.0,14.0,8.0,3.0,18.0,19.0,52.0,9.0,27.0,11.0,22.0,13.0,19.0,11.0,16.0,7.0,1.0,22.0,-20,0,6,3,-3
2019,139,1438,63,1328,51,0,27.0,56.0,7.0,24.0,2.0,5.0,8.0,28.0,10.0,6.0,6.0,6.0,11.0,19.0,52.0,8.0,22.0,5.0,6.0,6.0,23.0,9.0,7.0,3.0,1.0,10.0,-12,0,9,1,-8
2019,139,1439,67,1251,58,0,24.0,57.0,7.0,16.0,12.0,16.0,8.0,26.0,11.0,7.0,10.0,1.0,14.0,18.0,47.0,10.0,31.0,12.0,14.0,4.0,29.0,11.0,12.0,2.0,4.0,15.0,-9,0,12,4,-8
2019,143,1211,72,1199,58,0,25.0,62.0,7.0,19.0,15.0,20.0,13.0,32.0,11.0,14.0,6.0,6.0,16.0,24.0,61.0,3.0,20.0,7.0,11.0,7.0,29.0,10.0,14.0,9.0,6.0,20.0,-14,0,4,1,-3
2019,143,1345,99,1397,94,1,30.22222222222222,56.0,13.333333333333334,27.55555555555556,14.22222222222222,29.33333333333333,9.77777777777778,28.444444444444443,14.22222222222222,7.111111111111111,3.555555555555556,4.444444444444445,20.444444444444443,30.22222222222222,60.44444444444444,10.666666666666666,21.33333333333333,12.444444444444445,24.88888888888889,9.77777777777778,24.0,14.22222222222222,6.222222222222222,4.444444444444445,4.444444444444445,23.11111111111111,-5,0,2,3,1
2019,143,1403,63,1276,44,0,24.0,55.0,6.0,19.0,9.0,10.0,6.0,25.0,12.0,8.0,8.0,4.0,17.0,16.0,49.0,1.0,19.0,11.0,17.0,9.0,26.0,9.0,14.0,5.0,2.0,13.0,-19,0,2,3,1
2019,143,1438,53,1332,49,0,20.0,56.0,9.0,33.0,4.0,5.0,11.0,23.0,14.0,8.0,4.0,2.0,13.0,17.0,45.0,9.0,25.0,6.0,8.0,6.0,25.0,8.0,11.0,5.0,1.0,14.0,-4,0,12,1,-11
2019,144,1120,97,1314,80,0,36.0,66.0,17.0,37.0,8.0,17.0,10.0,26.0,21.0,11.0,8.0,6.0,17.0,28.0,65.0,7.0,28.0,17.0,22.0,14.0,26.0,16.0,14.0,7.0,2.0,16.0,-17,0,1,5,4
2019,144,1181,75,1439,73,0,31.0,56.0,6.0,20.0,7.0,10.0,8.0,22.0,22.0,11.0,6.0,6.0,15.0,25.0,62.0,9.0,26.0,14.0,18.0,17.0,19.0,19.0,11.0,4.0,3.0,15.0,-2,0,4,1,-3
2019,144,1246,62,1222,58,0,22.0,46.0,4.0,12.0,14.0,19.0,10.0,24.0,11.0,13.0,4.0,2.0,13.0,21.0,53.0,7.0,20.0,9.0,12.0,7.0,14.0,11.0,7.0,6.0,1.0,23.0,-4,0,3,2,-1
2019,144,1277,80,1261,63,0,31.0,66.0,13.0,32.0,5.0,8.0,15.0,26.0,22.0,7.0,4.0,6.0,10.0,24.0,61.0,6.0,21.0,9.0,14.0,14.0,20.0,8.0,9.0,4.0,0.0,10.0,-17,0,3,2,-1
2019,145,1403,75,1211,69,0,25.0,57.0,9.0,23.0,16.0,19.0,7.0,22.0,11.0,13.0,9.0,7.0,14.0,25.0,59.0,7.0,26.0,12.0,16.0,12.0,25.0,15.0,16.0,8.0,4.0,16.0,-6,0,1,3,2
2019,145,1438,80,1345,75,1,24.0,57.77777777777778,8.0,24.0,15.11111111111111,17.77777777777778,15.11111111111111,19.55555555555556,12.444444444444445,4.444444444444445,5.333333333333333,3.555555555555556,12.444444444444445,24.0,48.888888888888886,12.444444444444445,28.444444444444443,6.222222222222222,8.88888888888889,7.111111111111111,20.444444444444443,8.0,8.0,0.8888888888888888,4.444444444444445,15.11111111111111,-5,0,3,1,-2
2019,146,1120,77,1246,71,1,23.11111111111111,57.77777777777778,6.222222222222222,20.444444444444443,16.0,21.33333333333333,10.666666666666666,22.22222222222222,7.111111111111111,8.0,8.88888888888889,6.222222222222222,18.666666666666668,24.0,54.22222222222222,4.444444444444445,18.666666666666668,10.666666666666666,18.666666666666668,9.77777777777778,26.666666666666668,12.444444444444445,12.444444444444445,4.444444444444445,4.444444444444445,16.88888888888889,-6,0,2,5,3
2019,146,1277,68,1181,67,0,30.0,70.0,6.0,19.0,2.0,6.0,11.0,20.0,18.0,7.0,11.0,3.0,11.0,26.0,57.0,7.0,21.0,8.0,13.0,13.0,29.0,14.0,17.0,4.0,9.0,9.0,-1,0,1,2,1
2019,152,1403,61,1277,51,0,22.0,51.0,9.0,23.0,8.0,13.0,3.0,27.0,8.0,7.0,4.0,4.0,18.0,15.0,47.0,7.0,24.0,14.0,18.0,8.0,28.0,6.0,11.0,1.0,2.0,15.0,-10,0,2,3,1
2019,152,1438,63,1120,62,0,25.0,51.0,7.0,19.0,6.0,12.0,5.0,26.0,15.0,8.0,1.0,9.0,12.0,21.0,55.0,9.0,31.0,11.0,14.0,9.0,24.0,9.0,5.0,3.0,3.0,12.0,-1,0,5,1,-4
2019,154,1438,85,1403,77,1,24.0,52.44444444444444,9.77777777777778,21.33333333333333,17.77777777777778,20.444444444444443,9.77777777777778,24.88888888888889,13.333333333333334,9.77777777777778,3.555555555555556,2.6666666666666665,13.333333333333334,24.0,56.0,8.88888888888889,26.666666666666668,11.555555555555555,13.333333333333334,8.0,20.444444444444443,8.0,7.111111111111111,5.333333333333333,2.6666666666666665,16.0,-8,0,3,1,-2
2021,136,1179,53,1455,52,0,20.0,53.0,7.0,19.0,6.0,10.0,5.0,27.0,13.0,11.0,4.0,5.0,16.0,19.0,56.0,3.0,18.0,11.0,22.0,10.0,23.0,7.0,8.0,7.0,7.0,13.0,-1,0,11,11,0
2021,136,1313,54,1111,53,0,20.0,58.0,7.0,18.0,7.0,9.0,5.0,24.0,10.0,9.0,10.0,4.0,14.0,16.0,62.0,6.0,36.0,15.0,16.0,12.0,30.0,7.0,12.0,5.0,10.0,8.0,-1,0,16,16,0
2021,136,1411,60,1291,52,0,22.0,57.0,6.0,14.0,10.0,19.0,9.0,26.0,9.0,5.0,2.0,2.0,14.0,19.0,49.0,6.0,22.0,8.0,16.0,4.0,29.0,9.0,9.0,1.0,7.0,12.0,-8,0,16,16,0
2021,136,1417,86,1277,80,1,27.55555555555556,59.55555555555556,8.0,16.0,13.333333333333334,17.77777777777778,9.77777777777778,16.0,11.555555555555555,7.111111111111111,1.7777777777777777,2.6666666666666665,13.333333333333334,25.77777777777778,54.22222222222222,5.333333333333333,16.0,14.22222222222222,16.0,8.88888888888889,18.666666666666668,14.22222222222222,9.77777777777778,1.7777777777777777,5.333333333333333,16.88888888888889,-6,0,11,11,0
2021,137,1116,85,1159,68,0,29.0,65.0,5.0,16.0,22.0,29.0,10.0,25.0,11.0,10.0,13.0,4.0,15.0,23.0,58.0,12.0,27.0,10.0,17.0,8.0,28.0,17.0,22.0,5.0,2.0,24.0,-17,0,14,3,-11
2021,137,1124,79,1216,55,0,31.0,75.0,11.0,33.0,6.0,10.0,14.0,28.0,16.0,10.0,15.0,6.0,16.0,19.0,54.0,5.0,22.0,12.0,15.0,4.0,26.0,11.0,24.0,5.0,7.0,15.0,-24,0,16,1,-15
2021,137,1196,75,1439,70,1,23.11111111111111,40.888888888888886,4.444444444444445,11.555555555555555,16.0,24.0,4.444444444444445,26.666666666666668,8.0,13.333333333333334,4.444444444444445,2.6666666666666665,16.88888888888889,21.33333333333333,50.66666666666666,6.222222222222222,20.444444444444443,13.333333333333334,18.666666666666668,5.333333333333333,14.22222222222222,9.77777777777778,9.77777777777778,5.333333333333333,1.7777777777777777,21.33333333333333,-5,0,10,7,-3
2021,137,1222,87,1156,56,0,29.0,61.0,7.0,25.0,22.0,29.0,15.0,19.0,12.0,9.0,7.0,7.0,17.0,17.0,44.0,6.0,15.0,16.0,23.0,5.0,14.0,8.0,14.0,6.0,4.0,25.0,-31,0,15,2,-13
2021,137,1228,78,1180,49,0,36.0,63.0,2.0,7.0,4.0,8.0,5.0,33.0,19.0,5.0,5.0,3.0,11.0,19.0,62.0,7.0,20.0,4.0,4.0,6.0,23.0,10.0,9.0,2.0,3.0,10.0,-29,0,16,1,-15
2021,137,1260,71,1210,60,0,25.0,53.0,11.0,27.0,10.0,15.0,12.0,17.0,18.0,9.0,5.0,0.0,9.0,27.0,47.0,3.0,10.0,3.0,5.0,1.0,15.0,10.0,12.0,6.0,5.0,19.0,-11,0,9,8,-1
2021,137,1317,78,1345,69,1,24.88888888888889,52.44444444444444,8.0,18.666666666666668,11.555555555555555,13.333333333333334,5.333333333333333,19.55555555555556,12.444444444444445,4.444444444444445,3.555555555555556,2.6666666666666665,16.0,22.22222222222222,61.333333333333336,8.0,26.666666666666668,8.88888888888889,12.444444444444445,16.0,16.88888888888889,11.555555555555555,9.77777777777778,1.7777777777777777,5.333333333333333,16.0,-9,0,4,13,9
2021,137,1329,69,1251,60,0,23.0,57.0,3.0,15.0,20.0,29.0,11.0,24.0,5.0,13.0,9.0,7.0,17.0,21.0,56.0,8.0,21.0,10.0,13.0,4.0,26.0,12.0,16.0,7.0,7.0,22.0,-9,0,13,4,-9
2021,137,1331,75,1326,72,1,22.22222222222222,62.22222222222222,9.77777777777778,31.11111111111111,12.444444444444445,16.0,7.111111111111111,19.55555555555556,11.555555555555555,5.333333333333333,8.88888888888889,0.8888888888888888,14.22222222222222,25.77777777777778,59.55555555555556,4.444444444444445,20.444444444444443,8.0,16.0,8.88888888888889,30.22222222222222,13.333333333333334,14.22222222222222,1.7777777777777777,4.444444444444445,15.11111111111111,-3,0,2,15,13
2021,137,1333,70,1397,56,0,27.0,56.0,10.0,21.0,6.0,10.0,10.0,30.0,20.0,14.0,5.0,6.0,13.0,21.0,63.0,5.0,26.0,9.0,12.0,13.0,20.0,10.0,10.0,8.0,2.0,16.0,-14,0,5,12,7
2021,137,1353,60,1155,56,0,23.0,58.0,8.0,30.0,6.0,9.0,12.0,24.0,11.0,13.0,6.0,5.0,13.0,21.0,59.0,6.0,19.0,8.0,9.0,8.0,18.0,14.0,10.0,6.0,3.0,13.0,-4,0,7,10,3
2021,137,1393,78,1361,62,0,26.0,47.0,15.0,27.0,11.0,13.0,4.0,24.0,14.0,12.0,0.0,8.0,15.0,24.0,67.0,11.0,40.0,3.0,7.0,12.0,18.0,16.0,4.0,6.0,1.0,14.0,-16,0,6,11,5
2021,137,1403,65,1429,53,0,26.0,62.0,7.0,18.0,6.0,8.0,6.0,20.0,15.0,7.0,8.0,3.0,14.0,22.0,50.0,4.0,19.0,5.0,10.0,8.0,26.0,13.0,22.0,3.0,9.0,13.0,-12,0,11,6,-5
2021,137,1437,73,1457,63,0,23.0,52.0,8.0,25.0,19.0,26.0,6.0,25.0,11.0,6.0,3.0,8.0,21.0,21.0,58.0,7.0,22.0,14.0,19.0,9.0,25.0,13.0,10.0,0.0,0.0,23.0,-10,0,12,5,-7
2021,137,1452,84,1287,67,0,32.0,63.0,9.0,18.0,11.0,15.0,9.0,15.0,16.0,6.0,10.0,4.0,16.0,26.0,50.0,10.0,19.0,5.0,9.0,7.0,19.0,15.0,18.0,4.0,5.0,14.0,-17,0,14,3,-11
2021,137,1458,85,1314,62,0,31.0,61.0,13.0,27.0,10.0,12.0,7.0,27.0,15.0,6.0,5.0,8.0,11.0,25.0,65.0,5.0,13.0,7.0,10.0,10.0,20.0,10.0,10.0,2.0,5.0,14.0,-23,0,8,9,1
2021,138,1101,53,1400,52,0,20.0,67.0,3.0,18.0,10.0,12.0,13.0,17.0,9.0,9.0,11.0,0.0,15.0,18.0,40.0,7.0,20.0,9.0,11.0,5.0,25.0,15.0,22.0,6.0,9.0,16.0,-1,0,3,14,11
2021,138,1104,68,1233,55,0,25.0,53.0,5.0,16.0,13.0,23.0,10.0,27.0,10.0,14.0,10.0,3.0,17.0,23.0,59.0,5.0,23.0,4.0,5.0,5.0,20.0,8.0,15.0,7.0,8.0,19.0,-13,0,15,2,-13
2021,138,1160,96,1207,73,0,34.0,56.0,16.0,25.0,12.0,14.0,1.0,25.0,27.0,11.0,3.0,3.0,17.0,23.0,58.0,8.0,24.0,19.0,26.0,6.0,19.0,12.0,12.0,5.0,4.0,16.0,-23,0,12,5,-7
2021,138,1166,63,1364,62,0,26.0,58.0,7.0,25.0,4.0,7.0,7.0,21.0,18.0,8.0,4.0,3.0,14.0,22.0,57.0,5.0,21.0,13.0,17.0,10.0,26.0,15.0,7.0,2.0,3.0,16.0,-1,0,12,5,-7
2021,138,1199,64,1422,54,0,25.0,48.0,0.0,9.0,14.0,20.0,5.0,30.0,15.0,13.0,3.0,6.0,15.0,19.0,60.0,7.0,27.0,9.0,13.0,7.0,19.0,14.0,8.0,7.0,1.0,18.0,-10,0,13,4,-9
2021,138,1211,98,1313,55,0,34.0,61.0,14.0,27.0,16.0,18.0,9.0,33.0,27.0,11.0,8.0,3.0,15.0,19.0,62.0,7.0,21.0,10.0,16.0,4.0,17.0,10.0,9.0,7.0,0.0,14.0,-43,0,16,1,-15
2021,138,1234,86,1213,74,0,29.0,54.0,10.0,22.0,18.0,24.0,9.0,23.0,17.0,6.0,4.0,6.0,15.0,30.0,70.0,7.0,26.0,7.0,11.0,14.0,15.0,19.0,6.0,4.0,4.0,20.0,-12,0,15,2,-13
2021,138,1242,93,1186,84,0,34.0,71.0,12.0,30.0,13.0,16.0,9.0,23.0,20.0,5.0,7.0,3.0,16.0,29.0,58.0,10.0,26.0,16.0,18.0,3.0,26.0,18.0,12.0,2.0,4.0,17.0,-9,0,14,3,-11
2021,138,1261,76,1382,61,0,25.0,62.0,8.0,25.0,18.0,22.0,13.0,32.0,11.0,7.0,2.0,5.0,18.0,21.0,63.0,3.0,20.0,16.0,20.0,9.0,20.0,10.0,3.0,3.0,5.0,17.0,-15,0,9,8,-1
2021,138,1268,63,1163,54,0,22.0,43.0,9.0,18.0,10.0,14.0,3.0,24.0,13.0,10.0,4.0,4.0,14.0,21.0,65.0,7.0,23.0,5.0,12.0,21.0,18.0,10.0,10.0,6.0,5.0,17.0,-9,0,7,10,3
2021,138,1276,82,1411,66,0,26.0,54.0,9.0,26.0,21.0,26.0,9.0,24.0,19.0,14.0,4.0,4.0,21.0,23.0,64.0,1.0,12.0,19.0,22.0,10.0,13.0,7.0,10.0,8.0,2.0,20.0,-16,0,16,1,-15
2021,138,1325,62,1438,58,0,21.0,50.0,7.0,23.0,13.0,14.0,5.0,30.0,12.0,9.0,1.0,2.0,9.0,21.0,60.0,8.0,31.0,8.0,10.0,5.0,23.0,10.0,3.0,5.0,7.0,13.0,-4,0,4,13,9
2021,138,1328,72,1281,68,0,23.0,55.0,7.0,15.0,19.0,24.0,6.0,23.0,14.0,6.0,5.0,4.0,16.0,22.0,58.0,11.0,27.0,13.0,16.0,7.0,26.0,15.0,8.0,5.0,4.0,18.0,-4,0,9,8,-1
2021,138,1417,73,1140,62,0,28.0,58.0,8.0,19.0,9.0,16.0,8.0,20.0,10.0,3.0,3.0,3.0,18.0,25.0,51.0,3.0,17.0,9.0,16.0,8.0,24.0,5.0,10.0,1.0,2.0,18.0,-11,0,6,11,5
2021,138,1425,72,1179,56,0,29.0,58.0,6.0,18.0,8.0,15.0,9.0,26.0,20.0,8.0,3.0,7.0,10.0,20.0,68.0,7.0,23.0,9.0,11.0,12.0,19.0,11.0,7.0,5.0,1.0,17.0,-16,0,11,6,-5
2021,139,1116,68,1403,66,0,26.0,62.0,4.0,17.0,12.0,17.0,9.0,26.0,10.0,9.0,0.0,1.0,16.0,22.0,61.0,10.0,20.0,12.0,18.0,11.0,22.0,12.0,9.0,3.0,3.0,19.0,-2,0,6,3,-3
2021,139,1124,76,1458,63,0,25.0,55.0,8.0,17.0,18.0,23.0,5.0,20.0,15.0,4.0,6.0,0.0,15.0,25.0,55.0,8.0,21.0,5.0,7.0,7.0,22.0,13.0,13.0,0.0,5.0,18.0,-13,0,9,1,-8
2021,139,1222,63,1353,60,0,22.0,59.0,8.0,22.0,11.0,18.0,14.0,19.0,11.0,10.0,9.0,4.0,14.0,22.0,50.0,7.0,16.0,9.0,12.0,6.0,21.0,14.0,13.0,4.0,3.0,18.0,-3,0,10,2,-8
2021,139,1260,71,1228,58,0,26.0,51.0,4.0,10.0,15.0,22.0,6.0,22.0,16.0,10.0,12.0,4.0,16.0,22.0,49.0,4.0,14.0,10.0,13.0,4.0,20.0,14.0,17.0,5.0,2.0,18.0,-13,0,1,8,7
2021,139,1331,81,1196,78,0,26.0,57.0,10.0,30.0,19.0,23.0,5.0,15.0,12.0,11.0,12.0,0.0,11.0,32.0,58.0,7.0,22.0,7.0,9.0,10.0,24.0,12.0,19.0,7.0,3.0,19.0,-3,0,7,15,8
2021,139,1333,80,1329,70,0,21.0,51.0,6.0,20.0,32.0,35.0,8.0,41.0,7.0,17.0,2.0,11.0,24.0,18.0,62.0,8.0,26.0,26.0,38.0,10.0,17.0,8.0,7.0,10.0,2.0,29.0,-10,0,4,12,8
2021,139,1393,75,1452,72,0,27.0,52.0,14.0,31.0,7.0,11.0,4.0,23.0,18.0,15.0,6.0,6.0,14.0,26.0,70.0,11.0,26.0,9.0,11.0,17.0,20.0,18.0,14.0,8.0,1.0,15.0,-3,0,3,11,8
2021,139,1437,84,1317,61,0,31.0,56.0,15.0,30.0,7.0,9.0,6.0,20.0,19.0,5.0,6.0,1.0,11.0,21.0,52.0,8.0,26.0,11.0,12.0,8.0,18.0,12.0,9.0,2.0,1.0,13.0,-23,0,13,5,-8
2021,140,1104,96,1268,77,0,35.0,66.0,16.0,33.0,10.0,10.0,15.0,24.0,19.0,9.0,5.0,4.0,9.0,32.0,60.0,10.0,27.0,3.0,7.0,4.0,15.0,17.0,8.0,6.0,1.0,10.0,-19,0,10,2,-8
2021,140,1166,72,1325,58,0,27.0,60.0,9.0,21.0,9.0,13.0,7.0,28.0,12.0,11.0,5.0,2.0,16.0,21.0,66.0,7.0,30.0,9.0,16.0,10.0,28.0,12.0,14.0,5.0,1.0,17.0,-14,0,13,5,-8
2021,140,1199,71,1160,53,0,24.0,46.0,6.0,17.0,17.0,21.0,5.0,19.0,16.0,13.0,10.0,3.0,15.0,20.0,56.0,6.0,25.0,7.0,11.0,15.0,14.0,12.0,18.0,5.0,2.0,22.0,-18,0,5,4,-1
2021,140,1211,87,1328,71,0,28.0,57.0,8.0,22.0,23.0,26.0,9.0,22.0,12.0,10.0,7.0,2.0,12.0,29.0,58.0,5.0,16.0,8.0,12.0,6.0,18.0,10.0,12.0,4.0,8.0,21.0,-16,0,8,1,-7
2021,140,1276,86,1261,78,0,28.0,52.0,10.0,25.0,20.0,25.0,5.0,29.0,22.0,11.0,1.0,4.0,17.0,27.0,69.0,6.0,21.0,18.0,23.0,7.0,18.0,8.0,3.0,5.0,5.0,20.0,-8,0,8,1,-7
2021,140,1332,95,1234,80,0,38.0,68.0,11.0,25.0,8.0,11.0,7.0,23.0,25.0,10.0,7.0,6.0,13.0,31.0,68.0,8.0,25.0,10.0,14.0,9.0,20.0,22.0,11.0,7.0,4.0,13.0,-15,0,2,7,5
2021,140,1417,67,1101,47,0,27.0,58.0,7.0,19.0,6.0,13.0,11.0,30.0,15.0,7.0,4.0,4.0,15.0,17.0,57.0,4.0,19.0,9.0,11.0,7.0,23.0,13.0,9.0,3.0,2.0,15.0,-20,0,14,11,-3
2021,140,1425,85,1242,51,0,32.0,56.0,11.0,18.0,10.0,17.0,6.0,32.0,18.0,13.0,3.0,4.0,14.0,18.0,62.0,6.0,25.0,9.0,12.0,8.0,18.0,12.0,7.0,8.0,2.0,17.0,-34,0,3,6,3
2021,145,1116,72,1331,70,0,29.0,77.0,1.0,9.0,13.0,15.0,16.0,28.0,13.0,10.0,7.0,3.0,17.0,26.0,61.0,8.0,31.0,10.0,13.0,5.0,27.0,16.0,13.0,3.0,4.0,14.0,-2,0,15,3,-12
2021,145,1124,62,1437,51,0,26.0,59.0,3.0,19.0,7.0,10.0,11.0,16.0,9.0,5.0,8.0,5.0,12.0,20.0,46.0,3.0,17.0,8.0,11.0,9.0,21.0,8.0,15.0,1.0,6.0,14.0,-11,0,5,1,-4
2021,145,1222,62,1393,46,0,23.0,60.0,7.0,26.0,9.0,14.0,11.0,22.0,15.0,7.0,8.0,4.0,16.0,14.0,50.0,5.0,23.0,13.0,17.0,4.0,19.0,5.0,11.0,3.0,4.0,17.0,-16,0,11,2,-9
2021,145,1333,65,1260,58,0,21.0,51.0,5.0,13.0,18.0,20.0,8.0,22.0,13.0,7.0,4.0,2.0,16.0,18.0,54.0,5.0,23.0,17.0,24.0,11.0,20.0,14.0,8.0,4.0,4.0,20.0,-7,0,8,12,4
2021,146,1211,83,1166,65,0,34.0,57.0,9.0,24.0,6.0,10.0,6.0,28.0,23.0,16.0,5.0,2.0,12.0,28.0,69.0,5.0,23.0,4.0,8.0,8.0,17.0,11.0,10.0,9.0,0.0,12.0,-18,0,5,1,-4
2021,146,1276,76,1199,58,0,29.0,59.0,3.0,11.0,15.0,23.0,9.0,25.0,19.0,7.0,4.0,3.0,10.0,24.0,60.0,5.0,20.0,5.0,6.0,7.0,21.0,10.0,14.0,6.0,5.0,22.0,-18,0,4,1,-3
2021,146,1417,88,1104,78,1,25.77777777777778,65.77777777777777,8.88888888888889,25.77777777777778,17.77777777777778,22.22222222222222,10.666666666666666,23.11111111111111,10.666666666666666,6.222222222222222,7.111111111111111,6.222222222222222,18.666666666666668,26.666666666666668,61.333333333333336,6.222222222222222,24.88888888888889,9.77777777777778,22.22222222222222,9.77777777777778,26.666666666666668,8.0,12.444444444444445,5.333333333333333,4.444444444444445,20.444444444444443,-10,0,2,11,9
2021,146,1425,82,1332,68,0,31.0,54.0,10.0,17.0,10.0,12.0,8.0,20.0,15.0,13.0,5.0,4.0,11.0,26.0,69.0,5.0,21.0,11.0,12.0,16.0,13.0,15.0,11.0,7.0,3.0,14.0,-14,0,7,6,-1
2021,147,1124,81,1116,72,0,30.0,62.0,8.0,15.0,13.0,17.0,10.0,16.0,17.0,8.0,9.0,5.0,21.0,26.0,54.0,3.0,11.0,17.0,23.0,10.0,21.0,13.0,15.0,5.0,5.0,18.0,-9,0,3,1,-2
2021,147,1222,67,1333,61,0,20.0,62.0,11.0,32.0,16.0,24.0,18.0,20.0,17.0,6.0,6.0,3.0,12.0,22.0,47.0,6.0,16.0,11.0,20.0,7.0,20.0,14.0,9.0,4.0,1.0,20.0,-6,0,12,2,-10
2021,148,1211,85,1425,66,0,33.0,66.0,7.0,21.0,12.0,17.0,11.0,27.0,21.0,9.0,6.0,3.0,16.0,24.0,62.0,4.0,15.0,14.0,19.0,7.0,20.0,9.0,9.0,7.0,0.0,13.0,-19,0,6,1,-5
2021,148,1417,51,1276,49,0,21.0,54.0,3.0,13.0,6.0,7.0,6.0,21.0,12.0,8.0,5.0,2.0,14.0,20.0,51.0,3.0,11.0,6.0,11.0,8.0,24.0,12.0,14.0,5.0,3.0,11.0,-2,0,1,11,10
2021,152,1124,78,1222,59,0,29.0,55.0,11.0,24.0,9.0,13.0,11.0,17.0,23.0,8.0,6.0,0.0,18.0,21.0,55.0,6.0,19.0,11.0,16.0,13.0,12.0,10.0,10.0,4.0,5.0,10.0,-19,0,2,1,-1
2021,152,1211,93,1417,90,1,32.888888888888886,56.0,6.222222222222222,18.666666666666668,10.666666666666666,17.77777777777778,3.555555555555556,16.88888888888889,22.22222222222222,8.88888888888889,7.111111111111111,2.6666666666666665,14.22222222222222,30.22222222222222,52.44444444444444,7.111111111111111,15.11111111111111,12.444444444444445,18.666666666666668,6.222222222222222,21.33333333333333,18.666666666666668,8.0,3.555555555555556,0.8888888888888888,14.22222222222222,-3,0,11,1,-10
2021,154,1124,86,1211,70,0,30.0,67.0,10.0,23.0,16.0,18.0,14.0,20.0,18.0,7.0,8.0,5.0,19.0,25.0,49.0,5.0,17.0,15.0,21.0,1.0,16.0,16.0,14.0,4.0,3.0,17.0,-16,0,1,1,0
2022,134,1231,66,1461,58,0,26.0,62.0,2.0,13.0,12.0,20.0,12.0,22.0,10.0,7.0,3.0,3.0,22.0,20.0,46.0,6.0,19.0,12.0,18.0,7.0,23.0,6.0,18.0,2.0,1.0,17.0,-8,0,12,12,0
2022,134,1411,76,1394,67,0,23.0,55.0,4.0,13.0,26.0,35.0,8.0,34.0,9.0,15.0,4.0,9.0,18.0,25.0,67.0,8.0,21.0,9.0,19.0,7.0,29.0,17.0,8.0,9.0,3.0,22.0,-9,0,16,16,0
2022,135,1323,89,1353,87,2,29.6,57.6,4.8,15.2,7.2,12.8,5.6,17.6,13.6,4.0,4.8,1.6,6.4,28.8,56.8,8.8,21.6,3.2,4.8,10.4,22.4,17.6,10.4,0.8,4.8,12.0,-2,0,11,11,0
2022,135,1460,93,1136,82,0,29.0,61.0,9.0,21.0,26.0,32.0,12.0,29.0,19.0,15.0,6.0,4.0,20.0,31.0,71.0,4.0,24.0,16.0,23.0,10.0,22.0,7.0,13.0,11.0,5.0,24.0,-11,0,16,16,0
2022,136,1116,75,1436,71,0,24.0,56.0,7.0,21.0,20.0,25.0,5.0,30.0,12.0,5.0,2.0,3.0,19.0,26.0,58.0,9.0,24.0,10.0,17.0,5.0,26.0,13.0,6.0,1.0,1.0,21.0,-4,0,13,4,-9
2022,136,1124,85,1313,49,0,31.0,54.0,11.0,27.0,12.0,21.0,11.0,22.0,24.0,10.0,6.0,3.0,14.0,18.0,57.0,5.0,22.0,8.0,10.0,13.0,11.0,7.0,12.0,6.0,1.0,17.0,-36,0,16,1,-15
2022,136,1166,72,1361,69,1,22.22222222222222,49.77777777777778,1.7777777777777777,12.444444444444445,17.77777777777778,21.33333333333333,9.77777777777778,24.88888888888889,12.444444444444445,17.77777777777778,8.0,0.0,15.11111111111111,24.0,56.888888888888886,4.444444444444445,16.88888888888889,8.88888888888889,15.11111111111111,9.77777777777778,16.88888888888889,12.444444444444445,13.333333333333334,6.222222222222222,5.333333333333333,17.77777777777778,-3,0,8,9,1
2022,136,1211,93,1209,72,0,36.0,71.0,5.0,18.0,16.0,30.0,16.0,37.0,23.0,7.0,5.0,9.0,18.0,23.0,70.0,6.0,16.0,20.0,25.0,12.0,24.0,12.0,7.0,5.0,5.0,25.0,-21,0,16,1,-15
2022,136,1242,83,1411,56,0,34.0,68.0,11.0,23.0,4.0,9.0,11.0,28.0,20.0,15.0,8.0,1.0,21.0,19.0,58.0,3.0,14.0,15.0,19.0,7.0,22.0,12.0,14.0,6.0,6.0,14.0,-27,0,16,1,-15
2022,136,1272,64,1129,53,0,24.0,51.0,5.0,12.0,11.0,14.0,11.0,25.0,12.0,15.0,5.0,2.0,18.0,17.0,54.0,6.0,21.0,13.0,19.0,12.0,18.0,7.0,8.0,9.0,1.0,14.0,-11,0,8,9,1
2022,136,1276,75,1161,63,0,26.0,48.0,4.0,14.0,19.0,22.0,5.0,30.0,15.0,15.0,5.0,4.0,11.0,23.0,65.0,12.0,35.0,5.0,7.0,9.0,15.0,16.0,9.0,10.0,0.0,19.0,-12,0,6,11,5
2022,136,1293,92,1362,87,1,27.55555555555556,56.888888888888886,5.333333333333333,18.666666666666668,21.33333333333333,31.11111111111111,8.88888888888889,28.444444444444443,15.11111111111111,9.77777777777778,4.444444444444445,0.8888888888888888,18.666666666666668,28.444444444444443,60.44444444444444,8.0,31.11111111111111,12.444444444444445,19.55555555555556,7.111111111111111,21.33333333333333,8.88888888888889,7.111111111111111,6.222222222222222,5.333333333333333,21.33333333333333,-5,0,10,7,-3
2022,136,1308,70,1163,63,0,23.0,50.0,11.0,17.0,13.0,13.0,7.0,14.0,12.0,7.0,4.0,1.0,16.0,22.0,51.0,7.0,23.0,12.0,13.0,4.0,15.0,15.0,8.0,5.0,4.0,17.0,-7,0,5,12,7
2022,136,1314,95,1266,63,0,34.0,74.0,13.0,35.0,14.0,17.0,12.0,34.0,29.0,10.0,4.0,4.0,11.0,26.0,73.0,8.0,31.0,3.0,8.0,10.0,23.0,15.0,9.0,5.0,7.0,15.0,-32,0,9,8,-1
2022,136,1344,66,1355,57,0,24.0,61.0,8.0,22.0,10.0,12.0,10.0,27.0,13.0,9.0,7.0,1.0,12.0,22.0,57.0,7.0,23.0,6.0,9.0,4.0,25.0,12.0,10.0,7.0,4.0,11.0,-9,0,13,4,-9
2022,136,1350,67,1234,63,0,24.0,57.0,5.0,17.0,14.0,16.0,6.0,25.0,14.0,11.0,4.0,3.0,14.0,24.0,66.0,6.0,29.0,9.0,12.0,10.0,25.0,14.0,9.0,5.0,3.0,18.0,-4,0,5,12,7
2022,136,1388,82,1231,53,0,31.0,60.0,10.0,21.0,10.0,15.0,9.0,27.0,16.0,9.0,8.0,3.0,14.0,18.0,53.0,2.0,10.0,15.0,18.0,5.0,20.0,8.0,13.0,5.0,2.0,18.0,-29,0,12,5,-7
2022,136,1389,85,1246,79,1,25.77777777777778,50.66666666666666,8.0,15.11111111111111,16.0,18.666666666666668,4.444444444444445,23.11111111111111,16.0,13.333333333333334,3.555555555555556,3.555555555555556,22.22222222222222,23.11111111111111,54.22222222222222,3.555555555555556,13.333333333333334,20.444444444444443,31.11111111111111,10.666666666666666,19.55555555555556,16.0,10.666666666666666,5.333333333333333,5.333333333333333,15.11111111111111,-6,0,2,15,13
2022,136,1397,88,1255,56,0,33.0,55.0,14.0,24.0,8.0,11.0,5.0,23.0,29.0,12.0,13.0,1.0,14.0,20.0,52.0,7.0,22.0,9.0,11.0,6.0,16.0,15.0,15.0,9.0,1.0,13.0,-32,0,14,3,-11
2022,136,1417,57,1103,53,0,19.0,54.0,8.0,22.0,11.0,13.0,7.0,21.0,14.0,7.0,9.0,6.0,11.0,21.0,53.0,4.0,17.0,7.0,8.0,8.0,26.0,4.0,10.0,6.0,2.0,15.0,-4,0,13,4,-9
2022,137,1112,87,1460,70,0,33.0,60.0,11.0,20.0,10.0,12.0,9.0,33.0,21.0,19.0,4.0,9.0,17.0,24.0,69.0,9.0,25.0,13.0,19.0,4.0,18.0,13.0,6.0,10.0,3.0,14.0,-17,0,16,1,-15
2022,137,1120,80,1240,61,0,28.0,63.0,9.0,24.0,15.0,22.0,17.0,29.0,23.0,10.0,2.0,10.0,17.0,19.0,61.0,8.0,25.0,15.0,18.0,10.0,21.0,9.0,8.0,7.0,1.0,21.0,-19,0,15,2,-13
2022,137,1181,78,1168,61,0,30.0,58.0,9.0,22.0,9.0,9.0,9.0,27.0,21.0,13.0,6.0,10.0,11.0,24.0,64.0,5.0,17.0,8.0,8.0,12.0,16.0,10.0,8.0,8.0,1.0,10.0,-17,0,15,2,-13
2022,137,1222,82,1412,68,0,32.0,60.0,10.0,21.0,8.0,15.0,10.0,22.0,19.0,7.0,6.0,3.0,12.0,26.0,56.0,5.0,19.0,11.0,14.0,7.0,23.0,12.0,12.0,6.0,1.0,14.0,-14,0,12,5,-7
2022,137,1228,54,1151,53,0,19.0,49.0,3.0,17.0,13.0,22.0,9.0,29.0,13.0,14.0,5.0,4.0,16.0,21.0,65.0,4.0,15.0,7.0,14.0,15.0,24.0,6.0,10.0,8.0,0.0,21.0,-1,0,13,4,-9
2022,137,1235,59,1261,54,0,20.0,56.0,12.0,37.0,7.0,10.0,7.0,20.0,14.0,10.0,15.0,4.0,19.0,17.0,46.0,4.0,19.0,16.0,23.0,8.0,22.0,11.0,19.0,7.0,1.0,13.0,-5,0,6,11,5
2022,137,1274,68,1425,66,0,24.0,56.0,1.0,14.0,19.0,25.0,3.0,22.0,13.0,3.0,12.0,4.0,14.0,24.0,50.0,9.0,20.0,9.0,15.0,6.0,29.0,17.0,18.0,1.0,3.0,16.0,-2,0,7,10,3
2022,137,1277,74,1172,73,0,28.0,59.0,7.0,26.0,11.0,15.0,9.0,24.0,13.0,7.0,4.0,4.0,14.0,28.0,59.0,10.0,25.0,7.0,12.0,6.0,23.0,14.0,7.0,3.0,3.0,18.0,-1,0,10,7,-3
2022,137,1323,78,1104,64,0,29.0,54.0,10.0,16.0,10.0,11.0,4.0,23.0,13.0,18.0,10.0,1.0,13.0,26.0,64.0,8.0,24.0,4.0,7.0,10.0,18.0,16.0,14.0,9.0,4.0,14.0,-14,0,6,11,5
2022,137,1326,54,1260,41,0,18.0,43.0,1.0,15.0,17.0,21.0,6.0,32.0,6.0,17.0,7.0,5.0,16.0,15.0,56.0,8.0,28.0,3.0,10.0,8.0,18.0,12.0,13.0,9.0,2.0,19.0,-13,0,10,7,-3
2022,137,1345,78,1463,56,0,22.0,51.0,7.0,22.0,27.0,33.0,11.0,29.0,15.0,11.0,10.0,3.0,13.0,23.0,63.0,4.0,17.0,6.0,11.0,7.0,21.0,14.0,12.0,6.0,3.0,21.0,-22,0,14,3,-11
2022,137,1395,69,1371,42,0,27.0,53.0,4.0,10.0,11.0,14.0,6.0,29.0,15.0,13.0,7.0,3.0,15.0,15.0,52.0,6.0,21.0,6.0,11.0,4.0,17.0,9.0,14.0,8.0,4.0,17.0,-27,0,8,9,1
2022,137,1400,81,1439,73,0,27.0,57.0,10.0,19.0,17.0,22.0,8.0,17.0,17.0,7.0,9.0,3.0,22.0,23.0,47.0,4.0,12.0,23.0,26.0,4.0,21.0,11.0,13.0,4.0,2.0,19.0,-8,0,11,6,-5
2022,137,1403,97,1286,62,0,36.0,54.0,12.0,20.0,13.0,19.0,6.0,24.0,23.0,12.0,6.0,5.0,18.0,21.0,55.0,8.0,24.0,12.0,15.0,7.0,13.0,14.0,15.0,5.0,1.0,22.0,-35,0,14,3,-11
2022,137,1437,80,1174,60,0,28.0,55.0,13.0,28.0,11.0,12.0,9.0,22.0,16.0,10.0,5.0,2.0,14.0,22.0,50.0,3.0,20.0,13.0,16.0,5.0,16.0,9.0,10.0,8.0,2.0,15.0,-20,0,15,2,-13
2022,137,1458,67,1159,60,0,26.0,62.0,6.0,17.0,9.0,12.0,11.0,24.0,15.0,5.0,5.0,3.0,10.0,22.0,57.0,10.0,22.0,6.0,7.0,9.0,24.0,14.0,10.0,2.0,1.0,13.0,-7,0,14,3,-11
2022,138,1116,53,1308,48,0,14.0,51.0,3.0,16.0,22.0,25.0,3.0,30.0,10.0,11.0,12.0,1.0,14.0,18.0,53.0,6.0,26.0,6.0,10.0,4.0,32.0,8.0,17.0,4.0,4.0,15.0,-5,0,12,4,-8
2022,138,1211,82,1272,78,0,30.0,58.0,9.0,27.0,13.0,24.0,10.0,27.0,18.0,5.0,2.0,4.0,15.0,30.0,70.0,4.0,19.0,14.0,20.0,12.0,25.0,12.0,5.0,2.0,2.0,23.0,-4,0,9,1,-8
2022,138,1242,79,1166,72,0,27.0,66.0,6.0,16.0,19.0,20.0,13.0,33.0,14.0,7.0,5.0,7.0,21.0,21.0,59.0,12.0,28.0,18.0,21.0,6.0,22.0,18.0,8.0,6.0,3.0,16.0,-7,0,9,1,-8
2022,138,1276,76,1397,68,0,27.0,54.0,6.0,16.0,16.0,20.0,6.0,27.0,15.0,14.0,4.0,6.0,12.0,28.0,67.0,2.0,18.0,10.0,12.0,10.0,21.0,15.0,6.0,7.0,4.0,18.0,-8,0,3,11,8
2022,138,1314,93,1124,86,1,24.88888888888889,50.66666666666666,9.77777777777778,22.22222222222222,23.11111111111111,32.888888888888886,6.222222222222222,30.22222222222222,19.55555555555556,16.0,6.222222222222222,4.444444444444445,23.11111111111111,24.88888888888889,72.0,8.0,32.888888888888886,18.666666666666668,24.0,13.333333333333334,18.666666666666668,9.77777777777778,9.77777777777778,8.88888888888889,4.444444444444445,24.0,-7,0,1,8,7
2022,138,1344,79,1350,51,0,28.0,54.0,12.0,22.0,11.0,14.0,5.0,30.0,18.0,6.0,4.0,3.0,15.0,21.0,53.0,1.0,22.0,8.0,21.0,5.0,19.0,9.0,6.0,2.0,4.0,13.0,-28,0,12,4,-8
2022,138,1389,70,1293,60,0,22.0,53.0,3.0,13.0,23.0,31.0,10.0,25.0,14.0,9.0,5.0,7.0,22.0,18.0,52.0,8.0,24.0,16.0,25.0,11.0,16.0,13.0,11.0,8.0,7.0,24.0,-10,0,7,15,8
2022,138,1417,72,1388,56,0,26.0,46.0,4.0,9.0,16.0,19.0,4.0,20.0,14.0,5.0,3.0,0.0,12.0,20.0,49.0,7.0,21.0,9.0,12.0,8.0,16.0,12.0,8.0,3.0,1.0,16.0,-16,0,5,4,-1
2022,139,1112,85,1395,80,1,27.55555555555556,60.44444444444444,4.444444444444445,24.0,16.0,22.22222222222222,12.444444444444445,24.88888888888889,14.22222222222222,14.22222222222222,8.88888888888889,3.555555555555556,18.666666666666668,23.11111111111111,65.77777777777777,5.333333333333333,23.11111111111111,19.55555555555556,26.666666666666668,16.0,22.22222222222222,11.555555555555555,12.444444444444445,9.77777777777778,2.6666666666666665,19.55555555555556,-5,0,9,1,-8
2022,139,1181,85,1277,76,0,32.0,56.0,5.0,13.0,16.0,21.0,7.0,21.0,14.0,10.0,5.0,6.0,12.0,27.0,65.0,11.0,22.0,11.0,12.0,12.0,19.0,15.0,7.0,3.0,5.0,19.0,-9,0,7,2,-5
2022,139,1222,68,1228,53,0,25.0,59.0,6.0,22.0,12.0,17.0,15.0,23.0,10.0,8.0,8.0,6.0,16.0,17.0,50.0,6.0,25.0,13.0,16.0,6.0,21.0,11.0,15.0,6.0,2.0,15.0,-15,0,4,5,1
2022,139,1235,54,1458,49,0,20.0,58.0,3.0,14.0,11.0,16.0,7.0,25.0,12.0,13.0,9.0,3.0,25.0,14.0,47.0,2.0,22.0,19.0,25.0,6.0,27.0,7.0,16.0,6.0,7.0,18.0,-5,0,3,11,8
2022,139,1274,79,1120,61,0,32.0,66.0,3.0,15.0,12.0,15.0,4.0,30.0,19.0,4.0,10.0,6.0,11.0,21.0,69.0,5.0,26.0,14.0,19.0,14.0,29.0,11.0,13.0,1.0,8.0,19.0,-18,0,2,10,8
2022,139,1345,81,1400,71,0,21.0,43.0,6.0,17.0,33.0,46.0,8.0,31.0,10.0,12.0,3.0,4.0,16.0,27.0,68.0,10.0,28.0,7.0,12.0,11.0,16.0,16.0,7.0,5.0,3.0,29.0,-10,0,6,3,-3
2022,139,1403,59,1323,53,0,21.0,59.0,4.0,15.0,13.0,17.0,10.0,27.0,10.0,8.0,8.0,4.0,16.0,17.0,52.0,9.0,28.0,10.0,15.0,7.0,27.0,8.0,11.0,3.0,2.0,13.0,-6,0,11,3,-8
2022,139,1437,71,1326,61,0,23.0,52.0,8.0,23.0,17.0,20.0,9.0,17.0,9.0,9.0,7.0,1.0,14.0,24.0,57.0,7.0,22.0,6.0,11.0,13.0,20.0,11.0,12.0,4.0,3.0,18.0,-10,0,7,2,-5
2022,143,1116,74,1211,68,0,29.0,72.0,7.0,25.0,9.0,14.0,7.0,30.0,13.0,8.0,6.0,6.0,20.0,24.0,64.0,5.0,21.0,15.0,20.0,9.0,33.0,9.0,14.0,5.0,3.0,17.0,-6,0,1,4,3
2022,143,1181,78,1403,73,0,28.0,54.0,7.0,19.0,15.0,17.0,4.0,24.0,12.0,9.0,4.0,6.0,12.0,31.0,66.0,6.0,19.0,5.0,9.0,9.0,20.0,12.0,8.0,4.0,3.0,14.0,-5,0,3,2,-1
2022,143,1222,72,1112,60,0,23.0,50.0,9.0,20.0,17.0,25.0,10.0,23.0,12.0,11.0,5.0,6.0,19.0,18.0,54.0,7.0,22.0,17.0,23.0,13.0,18.0,12.0,14.0,7.0,3.0,21.0,-12,0,1,5,4
2022,143,1437,63,1276,55,0,22.0,59.0,9.0,30.0,10.0,12.0,8.0,28.0,10.0,6.0,5.0,4.0,12.0,21.0,61.0,6.0,18.0,7.0,14.0,11.0,27.0,11.0,7.0,3.0,6.0,11.0,-8,0,11,2,-9
2022,144,1242,66,1344,61,0,22.0,56.0,2.0,14.0,20.0,28.0,7.0,29.0,7.0,10.0,3.0,11.0,15.0,23.0,68.0,4.0,23.0,11.0,16.0,9.0,23.0,10.0,7.0,4.0,4.0,21.0,-5,0,4,1,-3
2022,144,1274,70,1235,56,0,26.0,56.0,9.0,26.0,9.0,14.0,6.0,24.0,21.0,13.0,11.0,7.0,12.0,25.0,68.0,4.0,22.0,2.0,4.0,14.0,23.0,16.0,16.0,6.0,4.0,18.0,-14,0,11,10,-1
2022,144,1314,73,1417,66,0,27.0,66.0,10.0,31.0,9.0,12.0,13.0,26.0,11.0,8.0,2.0,1.0,9.0,28.0,62.0,5.0,14.0,5.0,8.0,5.0,22.0,11.0,6.0,7.0,4.0,11.0,-7,0,4,8,4
2022,144,1389,67,1345,64,0,21.0,54.0,6.0,21.0,19.0,21.0,6.0,14.0,9.0,8.0,9.0,4.0,19.0,23.0,54.0,5.0,21.0,13.0,15.0,10.0,26.0,11.0,14.0,2.0,2.0,18.0,-3,0,3,15,12
2022,145,1181,78,1116,69,0,29.0,53.0,4.0,10.0,16.0,18.0,6.0,21.0,8.0,14.0,7.0,5.0,15.0,26.0,62.0,6.0,20.0,11.0,11.0,8.0,17.0,12.0,11.0,6.0,5.0,15.0,-9,0,4,2,-2
2022,145,1437,50,1222,44,0,15.0,52.0,5.0,21.0,15.0,15.0,10.0,25.0,6.0,9.0,3.0,2.0,12.0,17.0,57.0,1.0,20.0,9.0,14.0,13.0,22.0,7.0,9.0,6.0,4.0,14.0,-6,0,5,2,-3
2022,146,1242,76,1274,50,0,29.0,58.0,5.0,14.0,13.0,26.0,6.0,33.0,18.0,10.0,7.0,3.0,16.0,19.0,55.0,3.0,21.0,9.0,13.0,5.0,21.0,7.0,14.0,7.0,4.0,20.0,-26,0,10,1,-9
2022,146,1314,69,1389,49,0,25.0,61.0,6.0,22.0,13.0,21.0,12.0,33.0,15.0,6.0,6.0,5.0,12.0,18.0,60.0,4.0,16.0,9.0,10.0,4.0,25.0,11.0,7.0,4.0,7.0,18.0,-20,0,15,8,-7
2022,152,1242,81,1437,65,0,29.0,54.0,13.0,24.0,10.0,13.0,10.0,25.0,18.0,7.0,4.0,4.0,8.0,22.0,57.0,13.0,31.0,8.0,10.0,12.0,17.0,12.0,9.0,3.0,0.0,11.0,-16,0,2,1,-1
2022,152,1314,81,1181,77,0,27.0,64.0,10.0,26.0,17.0,24.0,15.0,33.0,7.0,10.0,2.0,5.0,19.0,30.0,72.0,5.0,22.0,12.0,20.0,13.0,25.0,12.0,4.0,7.0,4.0,18.0,-4,0,2,8,6
2022,154,1242,72,1314,69,0,29.0,66.0,6.0,17.0,8.0,14.0,7.0,27.0,11.0,9.0,6.0,5.0,16.0,23.0,73.0,5.0,23.0,18.0,22.0,20.0,29.0,9.0,13.0,2.0,6.0,13.0,-3,0,8,1,-7
2023,134,1338,60,1280,59,0,21.0,54.0,9.0,19.0,9.0,15.0,5.0,20.0,10.0,6.0,7.0,4.0,12.0,24.0,63.0,6.0,23.0,5.0,7.0,14.0,28.0,14.0,14.0,1.0,4.0,18.0,-1,0,11,11,0
2023,134,1394,75,1369,71,0,22.0,57.0,4.0,18.0,27.0,35.0,14.0,30.0,10.0,14.0,3.0,1.0,18.0,27.0,57.0,8.0,26.0,9.0,20.0,6.0,22.0,17.0,12.0,11.0,2.0,31.0,-4,0,16,16,0
2023,135,1113,98,1305,73,0,35.0,55.0,11.0,21.0,17.0,24.0,4.0,22.0,21.0,5.0,5.0,4.0,17.0,25.0,52.0,11.0,21.0,12.0,14.0,5.0,18.0,19.0,11.0,3.0,0.0,18.0,-25,0,11,11,0
2023,135,1192,84,1411,61,0,23.0,46.0,11.0,27.0,27.0,31.0,5.0,25.0,13.0,14.0,8.0,2.0,15.0,26.0,62.0,1.0,17.0,8.0,9.0,8.0,19.0,16.0,14.0,8.0,0.0,24.0,-23,0,16,16,0
2023,136,1104,96,1394,75,0,33.0,70.0,15.0,33.0,15.0,23.0,14.0,32.0,21.0,8.0,4.0,8.0,18.0,26.0,75.0,7.0,20.0,16.0,18.0,11.0,23.0,8.0,6.0,4.0,3.0,18.0,-21,0,16,1,-15
2023,136,1116,73,1228,63,0,24.0,63.0,3.0,11.0,22.0,29.0,10.0,29.0,4.0,11.0,12.0,4.0,19.0,20.0,52.0,6.0,22.0,17.0,26.0,2.0,27.0,10.0,16.0,10.0,5.0,19.0,-10,0,9,8,-1
2023,136,1120,83,1234,75,0,29.0,63.0,8.0,22.0,17.0,22.0,7.0,28.0,14.0,7.0,6.0,5.0,18.0,28.0,68.0,7.0,27.0,12.0,17.0,12.0,25.0,11.0,8.0,4.0,2.0,18.0,-8,0,8,9,1
2023,136,1181,74,1331,51,0,31.0,64.0,6.0,16.0,6.0,9.0,12.0,30.0,13.0,8.0,7.0,6.0,15.0,19.0,63.0,8.0,32.0,5.0,8.0,8.0,20.0,10.0,9.0,3.0,5.0,8.0,-23,0,12,5,-7
2023,136,1202,68,1438,67,0,22.0,56.0,10.0,28.0,14.0,19.0,5.0,22.0,11.0,9.0,4.0,3.0,17.0,24.0,54.0,2.0,12.0,17.0,22.0,8.0,27.0,13.0,8.0,4.0,7.0,13.0,-1,0,4,13,9
2023,136,1222,63,1297,52,0,25.0,51.0,4.0,16.0,9.0,10.0,9.0,28.0,13.0,14.0,3.0,4.0,14.0,19.0,69.0,5.0,33.0,9.0,10.0,17.0,14.0,7.0,7.0,9.0,1.0,12.0,-11,0,16,1,-15
2023,136,1242,96,1224,68,0,38.0,73.0,9.0,22.0,11.0,13.0,14.0,23.0,22.0,12.0,13.0,7.0,11.0,26.0,67.0,10.0,32.0,6.0,10.0,10.0,21.0,18.0,18.0,8.0,1.0,14.0,-28,0,16,1,-15
2023,136,1268,67,1452,65,0,23.0,45.0,6.0,18.0,15.0,22.0,8.0,17.0,12.0,13.0,7.0,5.0,19.0,22.0,56.0,8.0,19.0,13.0,16.0,9.0,17.0,7.0,10.0,6.0,2.0,24.0,-2,0,9,8,-1
2023,136,1281,76,1429,65,0,27.0,53.0,10.0,25.0,12.0,18.0,2.0,23.0,15.0,9.0,9.0,1.0,15.0,28.0,59.0,4.0,24.0,5.0,8.0,8.0,23.0,12.0,14.0,5.0,2.0,11.0,-11,0,10,7,-3
2023,136,1321,75,1129,67,0,26.0,53.0,8.0,21.0,15.0,18.0,8.0,22.0,9.0,7.0,7.0,0.0,16.0,26.0,65.0,6.0,23.0,9.0,14.0,18.0,20.0,15.0,9.0,2.0,0.0,17.0,-8,0,10,7,-3
2023,136,1336,76,1401,59,0,27.0,56.0,13.0,22.0,9.0,11.0,7.0,20.0,14.0,5.0,5.0,1.0,11.0,20.0,59.0,10.0,34.0,9.0,12.0,15.0,17.0,9.0,10.0,3.0,2.0,15.0,-17,0,7,10,3
2023,136,1343,59,1112,55,0,26.0,64.0,4.0,25.0,3.0,5.0,7.0,28.0,9.0,11.0,8.0,6.0,15.0,24.0,57.0,3.0,16.0,4.0,7.0,6.0,29.0,10.0,13.0,5.0,1.0,14.0,-4,0,2,15,13
2023,136,1361,63,1158,57,0,24.0,56.0,4.0,16.0,11.0,18.0,6.0,31.0,13.0,14.0,4.0,7.0,18.0,18.0,56.0,5.0,24.0,16.0,19.0,8.0,23.0,9.0,10.0,9.0,2.0,18.0,-6,0,12,5,-7
2023,136,1397,58,1418,55,0,21.0,46.0,4.0,16.0,12.0,21.0,5.0,22.0,16.0,16.0,9.0,4.0,14.0,22.0,55.0,6.0,18.0,5.0,9.0,6.0,17.0,12.0,14.0,8.0,0.0,19.0,-3,0,13,4,-9
2023,136,1400,81,1159,61,0,31.0,58.0,13.0,23.0,6.0,8.0,11.0,23.0,20.0,13.0,7.0,5.0,12.0,25.0,58.0,3.0,15.0,8.0,9.0,9.0,14.0,6.0,10.0,11.0,3.0,11.0,-20,0,15,2,-13
2023,136,1417,86,1421,53,0,34.0,63.0,5.0,16.0,13.0,17.0,11.0,22.0,24.0,7.0,11.0,4.0,11.0,19.0,51.0,6.0,20.0,9.0,13.0,5.0,14.0,9.0,16.0,5.0,4.0,15.0,-33,0,15,2,-13
2023,137,1124,74,1364,56,0,28.0,51.0,8.0,22.0,10.0,16.0,7.0,19.0,14.0,9.0,5.0,1.0,13.0,23.0,49.0,4.0,16.0,6.0,9.0,3.0,19.0,12.0,12.0,3.0,1.0,15.0,-18,0,14,3,-11
2023,137,1163,87,1233,63,0,32.0,66.0,11.0,25.0,12.0,14.0,14.0,29.0,24.0,8.0,4.0,5.0,15.0,22.0,57.0,7.0,16.0,12.0,16.0,5.0,20.0,9.0,6.0,7.0,3.0,13.0,-24,0,13,4,-9
2023,137,1166,72,1301,63,0,26.0,56.0,3.0,20.0,17.0,19.0,2.0,30.0,15.0,8.0,3.0,6.0,14.0,24.0,64.0,3.0,14.0,12.0,15.0,8.0,26.0,3.0,6.0,4.0,1.0,18.0,-9,0,11,6,-5
2023,137,1192,63,1345,58,0,24.0,62.0,7.0,23.0,8.0,10.0,9.0,19.0,11.0,8.0,11.0,3.0,19.0,19.0,53.0,5.0,26.0,15.0,19.0,11.0,25.0,15.0,16.0,3.0,6.0,13.0,-5,0,1,16,15
2023,137,1194,66,1272,65,0,25.0,65.0,8.0,28.0,8.0,11.0,16.0,20.0,12.0,8.0,2.0,2.0,13.0,25.0,58.0,6.0,22.0,9.0,12.0,11.0,22.0,11.0,8.0,6.0,3.0,12.0,-1,0,8,9,1
2023,137,1211,82,1213,70,0,30.0,56.0,7.0,15.0,15.0,19.0,10.0,28.0,13.0,12.0,6.0,8.0,15.0,28.0,65.0,9.0,24.0,5.0,7.0,4.0,18.0,11.0,6.0,5.0,0.0,16.0,-12,0,14,3,-11
2023,137,1231,71,1245,60,0,29.0,62.0,5.0,14.0,8.0,11.0,10.0,29.0,14.0,7.0,4.0,7.0,13.0,22.0,69.0,7.0,21.0,9.0,12.0,16.0,20.0,11.0,9.0,6.0,4.0,12.0,-11,0,13,4,-9
2023,137,1243,77,1286,65,0,32.0,55.0,4.0,15.0,9.0,12.0,6.0,19.0,21.0,14.0,9.0,3.0,16.0,25.0,54.0,6.0,21.0,9.0,17.0,5.0,15.0,14.0,15.0,8.0,3.0,13.0,-12,0,14,3,-11
2023,137,1246,61,1344,53,0,23.0,63.0,5.0,16.0,10.0,13.0,16.0,30.0,10.0,10.0,6.0,4.0,12.0,21.0,58.0,5.0,24.0,6.0,11.0,7.0,20.0,12.0,9.0,5.0,1.0,16.0,-8,0,11,6,-5
2023,137,1266,78,1436,61,0,29.0,56.0,10.0,20.0,10.0,15.0,5.0,24.0,15.0,5.0,7.0,1.0,11.0,23.0,53.0,8.0,25.0,7.0,10.0,4.0,20.0,15.0,10.0,3.0,1.0,14.0,-17,0,15,2,-13
2023,137,1274,63,1179,56,0,17.0,56.0,6.0,18.0,23.0,29.0,6.0,31.0,6.0,8.0,7.0,1.0,11.0,22.0,55.0,7.0,24.0,5.0,8.0,2.0,31.0,15.0,10.0,4.0,3.0,19.0,-7,0,12,5,-7
2023,137,1277,72,1425,62,0,26.0,54.0,5.0,14.0,15.0,25.0,8.0,26.0,11.0,7.0,7.0,3.0,10.0,24.0,58.0,7.0,20.0,7.0,8.0,8.0,27.0,15.0,11.0,2.0,2.0,18.0,-10,0,10,7,-3
2023,137,1338,59,1235,41,0,14.0,41.0,6.0,19.0,25.0,29.0,5.0,31.0,10.0,14.0,6.0,4.0,19.0,14.0,60.0,2.0,21.0,11.0,19.0,13.0,20.0,7.0,8.0,8.0,3.0,22.0,-18,0,6,11,5
2023,137,1388,63,1433,51,0,20.0,49.0,3.0,17.0,20.0,27.0,9.0,24.0,13.0,8.0,8.0,6.0,19.0,18.0,49.0,5.0,14.0,10.0,16.0,7.0,17.0,7.0,14.0,7.0,5.0,20.0,-12,0,12,5,-7
2023,137,1395,72,1113,70,0,22.0,62.0,8.0,23.0,20.0,27.0,12.0,22.0,14.0,5.0,6.0,4.0,20.0,25.0,52.0,8.0,17.0,12.0,18.0,4.0,26.0,10.0,11.0,3.0,7.0,21.0,-2,0,11,6,-5
2023,137,1462,72,1244,67,0,24.0,52.0,2.0,12.0,22.0,30.0,3.0,31.0,16.0,10.0,6.0,4.0,17.0,27.0,64.0,5.0,19.0,8.0,13.0,8.0,25.0,12.0,11.0,5.0,1.0,21.0,-5,0,14,3,-11
2023,138,1104,73,1268,51,0,23.0,58.0,6.0,21.0,21.0,28.0,13.0,26.0,7.0,10.0,9.0,4.0,18.0,19.0,54.0,1.0,8.0,12.0,21.0,9.0,19.0,6.0,12.0,7.0,5.0,18.0,-22,0,8,1,-7
2023,138,1116,72,1242,71,0,24.0,58.0,3.0,15.0,21.0,26.0,14.0,20.0,8.0,9.0,5.0,3.0,25.0,24.0,50.0,5.0,13.0,18.0,25.0,6.0,21.0,9.0,9.0,5.0,4.0,23.0,-1,0,1,8,7
2023,138,1222,81,1120,64,0,25.0,60.0,7.0,22.0,24.0,29.0,10.0,25.0,11.0,6.0,4.0,12.0,25.0,20.0,53.0,5.0,16.0,19.0,36.0,7.0,18.0,11.0,8.0,1.0,3.0,22.0,-17,0,9,1,-8
2023,138,1343,78,1281,63,0,27.0,62.0,12.0,33.0,12.0,15.0,15.0,27.0,16.0,9.0,2.0,4.0,9.0,25.0,61.0,6.0,22.0,7.0,7.0,8.0,21.0,10.0,7.0,7.0,4.0,18.0,-15,0,7,15,8
2023,138,1361,75,1202,52,0,29.0,58.0,6.0,20.0,11.0,14.0,8.0,29.0,17.0,10.0,5.0,6.0,18.0,16.0,50.0,6.0,26.0,14.0,18.0,4.0,13.0,7.0,9.0,3.0,3.0,17.0,-23,0,13,5,-8
2023,138,1397,65,1181,52,0,23.0,57.0,9.0,21.0,10.0,13.0,10.0,20.0,15.0,8.0,8.0,5.0,11.0,21.0,49.0,6.0,22.0,4.0,7.0,3.0,22.0,10.0,14.0,3.0,4.0,17.0,-13,0,5,4,-1
2023,138,1400,71,1336,66,0,31.0,61.0,1.0,13.0,8.0,11.0,8.0,29.0,10.0,5.0,4.0,2.0,13.0,25.0,60.0,8.0,28.0,8.0,11.0,9.0,21.0,6.0,9.0,3.0,1.0,12.0,-5,0,10,2,-8
2023,138,1417,68,1321,63,0,22.0,44.0,6.0,15.0,18.0,21.0,3.0,23.0,17.0,8.0,4.0,3.0,14.0,22.0,59.0,6.0,22.0,13.0,15.0,12.0,16.0,11.0,8.0,5.0,0.0,16.0,-5,0,7,2,-5
2023,139,1163,70,1388,55,0,27.0,50.0,10.0,22.0,6.0,7.0,3.0,27.0,15.0,13.0,2.0,5.0,16.0,19.0,49.0,4.0,14.0,13.0,19.0,3.0,19.0,9.0,8.0,6.0,1.0,13.0,-15,0,5,4,-1
2023,139,1166,85,1124,76,0,26.0,55.0,11.0,24.0,22.0,22.0,10.0,23.0,14.0,13.0,4.0,2.0,16.0,29.0,63.0,5.0,22.0,13.0,19.0,8.0,17.0,5.0,10.0,5.0,5.0,21.0,-9,0,3,6,3
2023,139,1194,78,1192,70,0,29.0,71.0,9.0,31.0,11.0,18.0,13.0,30.0,18.0,7.0,8.0,5.0,12.0,27.0,71.0,9.0,31.0,7.0,10.0,12.0,29.0,12.0,11.0,3.0,3.0,15.0,-8,0,16,9,-7
2023,139,1211,84,1395,81,0,30.0,67.0,8.0,25.0,16.0,25.0,11.0,29.0,14.0,10.0,6.0,5.0,17.0,30.0,67.0,9.0,25.0,12.0,20.0,9.0,24.0,16.0,9.0,3.0,6.0,24.0,-3,0,6,3,-3
2023,139,1243,75,1246,69,0,26.0,54.0,5.0,21.0,18.0,22.0,4.0,19.0,14.0,8.0,11.0,4.0,17.0,26.0,63.0,4.0,20.0,13.0,17.0,17.0,25.0,12.0,16.0,6.0,1.0,17.0,-6,0,6,3,-3
2023,139,1274,85,1231,69,0,34.0,70.0,9.0,23.0,8.0,13.0,19.0,26.0,14.0,12.0,7.0,3.0,13.0,26.0,63.0,8.0,25.0,9.0,14.0,11.0,18.0,10.0,12.0,9.0,7.0,14.0,-16,0,4,5,1
2023,139,1277,69,1266,60,0,24.0,54.0,2.0,16.0,19.0,23.0,10.0,26.0,8.0,10.0,9.0,3.0,19.0,20.0,52.0,11.0,27.0,9.0,14.0,7.0,22.0,11.0,16.0,3.0,0.0,18.0,-9,0,2,7,5
2023,139,1462,84,1338,73,0,30.0,63.0,8.0,24.0,16.0,26.0,4.0,32.0,22.0,8.0,6.0,4.0,21.0,27.0,70.0,6.0,20.0,13.0,20.0,10.0,29.0,11.0,8.0,2.0,5.0,18.0,-11,0,11,3,-8
2023,143,1163,88,1116,65,0,31.0,54.0,9.0,20.0,17.0,21.0,8.0,31.0,22.0,15.0,7.0,3.0,19.0,20.0,63.0,5.0,16.0,20.0,27.0,12.0,13.0,7.0,10.0,8.0,2.0,19.0,-23,0,8,4,-4
2023,143,1194,62,1397,55,0,21.0,50.0,8.0,27.0,12.0,16.0,11.0,27.0,12.0,12.0,1.0,2.0,14.0,21.0,63.0,6.0,23.0,7.0,12.0,15.0,18.0,12.0,6.0,7.0,1.0,18.0,-7,0,4,9,5
2023,143,1211,79,1417,76,0,32.0,64.0,6.0,16.0,9.0,17.0,16.0,32.0,14.0,14.0,2.0,3.0,15.0,28.0,67.0,7.0,18.0,13.0,16.0,5.0,19.0,14.0,5.0,8.0,4.0,15.0,-3,0,2,3,1
2023,143,1243,98,1277,93,1,33.77777777777778,60.44444444444444,9.77777777777778,21.33333333333333,9.77777777777778,14.22222222222222,5.333333333333333,18.666666666666668,23.11111111111111,4.444444444444445,8.88888888888889,2.6666666666666665,21.33333333333333,27.55555555555556,56.0,11.555555555555555,22.22222222222222,16.0,19.55555555555556,8.0,17.77777777777778,16.0,11.555555555555555,1.7777777777777777,5.333333333333333,14.22222222222222,-5,0,7,3,-4
2023,144,1166,86,1343,75,0,32.0,55.0,9.0,24.0,13.0,16.0,5.0,31.0,18.0,12.0,2.0,4.0,11.0,30.0,65.0,9.0,21.0,6.0,10.0,4.0,20.0,13.0,5.0,3.0,0.0,17.0,-11,0,15,6,-9
2023,144,1274,89,1222,75,0,31.0,60.0,11.0,25.0,16.0,19.0,6.0,28.0,16.0,5.0,4.0,4.0,16.0,24.0,64.0,9.0,31.0,18.0,20.0,9.0,24.0,16.0,8.0,3.0,4.0,16.0,-14,0,1,5,4
2023,144,1361,71,1104,64,0,26.0,69.0,6.0,17.0,13.0,22.0,13.0,29.0,10.0,11.0,9.0,8.0,18.0,23.0,71.0,3.0,27.0,15.0,20.0,18.0,32.0,10.0,14.0,5.0,5.0,22.0,-7,0,1,5,4
2023,144,1400,83,1462,71,0,32.0,61.0,7.0,12.0,12.0,19.0,5.0,25.0,16.0,9.0,8.0,3.0,16.0,28.0,64.0,7.0,17.0,8.0,12.0,9.0,24.0,12.0,12.0,2.0,4.0,15.0,-12,0,3,2,-1
2023,145,1163,82,1211,54,0,30.0,72.0,11.0,31.0,11.0,14.0,13.0,32.0,21.0,7.0,3.0,5.0,18.0,20.0,60.0,2.0,20.0,12.0,22.0,6.0,30.0,13.0,9.0,2.0,1.0,12.0,-28,0,3,4,1
2023,145,1194,79,1243,76,0,26.0,54.0,9.0,23.0,18.0,22.0,12.0,29.0,17.0,22.0,4.0,5.0,18.0,27.0,58.0,10.0,22.0,12.0,18.0,3.0,13.0,14.0,12.0,13.0,1.0,21.0,-3,0,3,9,6
2023,146,1274,88,1400,81,0,29.0,49.0,2.0,8.0,28.0,32.0,4.0,19.0,11.0,12.0,9.0,1.0,14.0,30.0,60.0,10.0,25.0,11.0,15.0,9.0,14.0,20.0,13.0,6.0,1.0,23.0,-7,0,2,5,3
2023,146,1361,57,1166,56,0,25.0,66.0,3.0,13.0,4.0,6.0,12.0,23.0,6.0,7.0,1.0,3.0,11.0,22.0,55.0,2.0,17.0,10.0,11.0,8.0,24.0,9.0,9.0,3.0,2.0,11.0,-1,0,6,5,-1
2023,152,1163,72,1274,59,0,28.0,57.0,9.0,26.0,7.0,13.0,13.0,27.0,19.0,14.0,5.0,5.0,11.0,20.0,62.0,7.0,20.0,12.0,12.0,12.0,17.0,10.0,9.0,8.0,1.0,12.0,-13,0,5,4,-1
2023,152,1361,72,1194,71,0,25.0,57.0,9.0,18.0,13.0,22.0,12.0,23.0,8.0,8.0,3.0,2.0,17.0,23.0,52.0,9.0,22.0,16.0,21.0,7.0,24.0,6.0,9.0,6.0,2.0,17.0,-1,0,9,5,-4
2023,154,1163,76,1361,59,0,23.0,53.0,6.0,17.0,24.0,27.0,10.0,30.0,13.0,13.0,8.0,6.0,15.0,19.0,59.0,6.0,23.0,15.0,20.0,12.0,21.0,7.0,12.0,7.0,2.0,20.0,-17,0,5,4,-1
2024,134,1161,67,1438,42,0,26.0,47.0,5.0,14.0,10.0,14.0,6.0,37.0,13.0,11.0,1.0,1.0,15.0,14.0,56.0,3.0,17.0,11.0,17.0,5.0,16.0,6.0,3.0,4.0,1.0,15.0,-25,0,10,10,0
2024,134,1447,71,1224,68,0,29.0,55.0,8.0,17.0,5.0,9.0,3.0,24.0,16.0,8.0,5.0,5.0,16.0,22.0,57.0,7.0,24.0,17.0,21.0,6.0,21.0,13.0,7.0,5.0,1.0,12.0,-3,0,16,16,0
2024,135,1160,60,1129,53,0,21.0,48.0,4.0,15.0,14.0,15.0,5.0,24.0,12.0,10.0,5.0,3.0,13.0,23.0,67.0,2.0,18.0,5.0,6.0,15.0,21.0,4.0,9.0,5.0,1.0,17.0,-7,0,10,10,0
2024,135,1212,88,1286,81,0,33.0,66.0,4.0,10.0,18.0,23.0,10.0,26.0,11.0,11.0,6.0,4.0,14.0,30.0,58.0,13.0,30.0,8.0,15.0,5.0,22.0,18.0,10.0,9.0,3.0,18.0,-7,0,16,16,0
2024,136,1112,85,1253,65,0,30.0,72.0,13.0,35.0,12.0,17.0,11.0,33.0,19.0,9.0,10.0,8.0,17.0,24.0,72.0,3.0,17.0,14.0,22.0,13.0,31.0,11.0,12.0,6.0,3.0,14.0,-20,0,15,2,-13
2024,136,1166,77,1103,60,0,26.0,46.0,10.0,17.0,15.0,20.0,4.0,32.0,11.0,14.0,0.0,4.0,12.0,25.0,66.0,6.0,28.0,4.0,6.0,9.0,17.0,8.0,4.0,5.0,1.0,20.0,-17,0,14,3,-11
2024,136,1173,63,1305,60,0,21.0,46.0,8.0,19.0,13.0,15.0,3.0,25.0,16.0,12.0,7.0,2.0,14.0,25.0,58.0,7.0,22.0,3.0,6.0,7.0,20.0,13.0,12.0,8.0,2.0,14.0,-3,0,10,7,-3
2024,136,1182,71,1140,67,0,26.0,56.0,7.0,18.0,12.0,16.0,5.0,22.0,13.0,9.0,7.0,7.0,17.0,22.0,57.0,8.0,24.0,15.0,17.0,8.0,24.0,16.0,11.0,6.0,2.0,18.0,-4,0,6,11,5
2024,136,1211,86,1270,65,0,31.0,60.0,10.0,21.0,14.0,18.0,9.0,29.0,22.0,13.0,4.0,2.0,16.0,23.0,69.0,5.0,22.0,14.0,19.0,13.0,18.0,10.0,6.0,7.0,2.0,16.0,-21,0,12,5,-7
2024,136,1228,85,1287,69,0,32.0,59.0,12.0,26.0,9.0,12.0,9.0,27.0,24.0,9.0,5.0,7.0,9.0,26.0,65.0,11.0,30.0,6.0,8.0,6.0,19.0,14.0,6.0,7.0,0.0,13.0,-16,0,14,3,-11
2024,136,1235,82,1355,65,0,33.0,57.0,11.0,23.0,5.0,8.0,5.0,22.0,23.0,9.0,11.0,4.0,15.0,23.0,53.0,10.0,24.0,9.0,11.0,6.0,18.0,15.0,15.0,4.0,2.0,13.0,-17,0,15,2,-13
2024,136,1242,93,1359,89,0,35.0,58.0,6.0,18.0,17.0,27.0,7.0,34.0,25.0,17.0,5.0,7.0,21.0,30.0,73.0,16.0,37.0,13.0,23.0,9.0,21.0,23.0,7.0,7.0,1.0,20.0,-4,0,13,4,-9
2024,136,1277,69,1280,51,0,27.0,54.0,10.0,23.0,5.0,6.0,11.0,23.0,14.0,13.0,7.0,3.0,15.0,20.0,54.0,6.0,27.0,5.0,10.0,10.0,14.0,13.0,14.0,9.0,2.0,11.0,-18,0,8,9,1
2024,136,1301,80,1403,67,0,27.0,53.0,5.0,13.0,21.0,26.0,7.0,23.0,15.0,10.0,8.0,5.0,14.0,24.0,62.0,7.0,31.0,12.0,14.0,9.0,21.0,15.0,9.0,3.0,2.0,20.0,-13,0,6,11,5
2024,136,1314,90,1447,62,0,33.0,60.0,9.0,18.0,15.0,19.0,12.0,29.0,14.0,9.0,4.0,3.0,13.0,23.0,58.0,7.0,18.0,9.0,15.0,7.0,13.0,8.0,7.0,5.0,2.0,13.0,-28,0,16,1,-15
2024,136,1324,80,1246,76,0,26.0,63.0,15.0,31.0,13.0,23.0,13.0,26.0,16.0,6.0,5.0,1.0,18.0,26.0,61.0,9.0,28.0,15.0,20.0,10.0,28.0,17.0,11.0,2.0,6.0,18.0,-4,0,3,14,11
2024,136,1332,87,1376,73,0,28.0,47.0,7.0,16.0,24.0,30.0,4.0,26.0,16.0,9.0,8.0,6.0,15.0,25.0,56.0,11.0,24.0,12.0,19.0,6.0,18.0,17.0,10.0,3.0,3.0,22.0,-14,0,6,11,5
2024,136,1397,83,1389,49,0,27.0,53.0,11.0,24.0,18.0,25.0,9.0,30.0,19.0,15.0,4.0,5.0,17.0,16.0,55.0,4.0,24.0,13.0,19.0,7.0,11.0,3.0,6.0,4.0,1.0,22.0,-34,0,15,2,-13
2024,136,1400,56,1161,44,0,22.0,55.0,1.0,14.0,11.0,17.0,7.0,29.0,3.0,10.0,9.0,2.0,12.0,17.0,58.0,6.0,24.0,4.0,6.0,13.0,29.0,8.0,18.0,3.0,3.0,18.0,-12,0,10,7,-3
2024,136,1450,66,1179,61,0,21.0,55.0,7.0,14.0,17.0,22.0,11.0,26.0,12.0,11.0,5.0,4.0,13.0,25.0,59.0,5.0,15.0,6.0,14.0,6.0,23.0,18.0,8.0,7.0,3.0,21.0,-5,0,10,7,-3
2024,137,1104,109,1158,96,0,36.0,60.0,13.0,23.0,24.0,37.0,4.0,24.0,17.0,10.0,5.0,2.0,22.0,32.0,78.0,10.0,33.0,22.0,29.0,14.0,23.0,16.0,10.0,8.0,3.0,22.0,-13,0,13,4,-9
2024,137,1124,92,1159,67,0,33.0,57.0,16.0,30.0,10.0,14.0,10.0,22.0,17.0,12.0,6.0,2.0,15.0,26.0,57.0,5.0,18.0,10.0,14.0,8.0,14.0,11.0,8.0,10.0,3.0,12.0,-25,0,14,3,-11
2024,137,1155,77,1307,56,0,28.0,63.0,7.0,21.0,14.0,19.0,8.0,30.0,16.0,9.0,7.0,4.0,20.0,19.0,64.0,3.0,23.0,15.0,23.0,15.0,24.0,6.0,13.0,4.0,2.0,16.0,-21,0,11,6,-5
2024,137,1160,102,1196,100,0,34.0,54.0,6.0,10.0,28.0,33.0,5.0,24.0,27.0,10.0,6.0,1.0,19.0,35.0,68.0,11.0,25.0,19.0,22.0,10.0,17.0,22.0,8.0,8.0,5.0,22.0,-2,0,7,10,3
2024,137,1163,91,1391,52,0,37.0,70.0,9.0,24.0,8.0,10.0,14.0,28.0,22.0,8.0,6.0,2.0,19.0,17.0,55.0,3.0,20.0,15.0,20.0,8.0,19.0,6.0,14.0,6.0,4.0,12.0,-39,0,16,1,-15
2024,137,1181,64,1436,47,0,19.0,45.0,6.0,18.0,20.0,29.0,7.0,29.0,11.0,9.0,9.0,5.0,13.0,20.0,52.0,5.0,20.0,2.0,6.0,5.0,18.0,12.0,11.0,8.0,3.0,19.0,-17,0,13,4,-9
2024,137,1213,75,1388,66,0,21.0,49.0,5.0,18.0,28.0,36.0,6.0,24.0,10.0,11.0,8.0,9.0,13.0,26.0,67.0,7.0,25.0,7.0,12.0,11.0,24.0,16.0,11.0,7.0,1.0,21.0,-9,0,5,12,7
2024,137,1222,86,1255,46,0,31.0,53.0,11.0,23.0,13.0,22.0,10.0,18.0,16.0,8.0,12.0,5.0,13.0,14.0,41.0,3.0,13.0,15.0,16.0,4.0,10.0,9.0,18.0,4.0,1.0,16.0,-40,0,16,1,-15
2024,137,1241,72,1458,61,0,23.0,56.0,5.0,17.0,21.0,30.0,8.0,27.0,12.0,11.0,14.0,4.0,20.0,19.0,51.0,8.0,21.0,15.0,23.0,7.0,26.0,13.0,19.0,6.0,3.0,19.0,-11,0,5,12,7
2024,137,1266,87,1443,69,0,33.0,69.0,13.0,36.0,8.0,15.0,10.0,25.0,23.0,10.0,9.0,11.0,9.0,28.0,69.0,8.0,24.0,5.0,6.0,12.0,30.0,17.0,18.0,5.0,4.0,15.0,-18,0,15,2,-13
2024,137,1321,77,1194,65,0,29.0,69.0,8.0,23.0,11.0,15.0,13.0,26.0,20.0,12.0,12.0,1.0,13.0,22.0,57.0,5.0,27.0,16.0,21.0,6.0,27.0,10.0,21.0,9.0,5.0,17.0,-12,0,8,9,1
2024,137,1345,78,1212,50,0,28.0,59.0,9.0,24.0,13.0,22.0,17.0,29.0,23.0,10.0,4.0,5.0,6.0,20.0,55.0,3.0,12.0,7.0,10.0,3.0,17.0,11.0,5.0,8.0,6.0,19.0,-28,0,16,1,-15
2024,137,1361,69,1412,65,0,24.0,55.0,5.0,18.0,16.0,20.0,13.0,18.0,10.0,12.0,11.0,5.0,20.0,20.0,53.0,7.0,20.0,18.0,24.0,8.0,14.0,10.0,14.0,7.0,2.0,18.0,-4,0,12,5,-7
2024,137,1401,98,1304,83,0,35.0,71.0,13.0,23.0,15.0,20.0,13.0,23.0,16.0,8.0,3.0,6.0,21.0,27.0,59.0,7.0,22.0,22.0,24.0,5.0,19.0,15.0,10.0,5.0,2.0,17.0,-15,0,8,9,1
2024,137,1429,88,1395,72,0,33.0,60.0,8.0,19.0,14.0,15.0,4.0,22.0,22.0,9.0,10.0,9.0,13.0,24.0,67.0,7.0,22.0,17.0,22.0,18.0,17.0,13.0,13.0,6.0,4.0,13.0,-16,0,9,8,-1
2024,137,1463,78,1120,76,0,24.0,52.0,9.0,20.0,21.0,31.0,5.0,15.0,10.0,9.0,10.0,2.0,19.0,27.0,53.0,7.0,20.0,15.0,22.0,9.0,25.0,11.0,14.0,6.0,3.0,25.0,-2,0,4,13,9
2024,138,1112,78,1173,68,0,28.0,53.0,8.0,18.0,14.0,20.0,5.0,26.0,17.0,14.0,9.0,6.0,18.0,24.0,59.0,7.0,24.0,13.0,15.0,4.0,19.0,9.0,14.0,8.0,3.0,17.0,-10,0,7,2,-5
2024,138,1166,86,1332,73,0,29.0,75.0,15.0,39.0,13.0,14.0,13.0,30.0,16.0,9.0,6.0,5.0,12.0,31.0,77.0,7.0,21.0,4.0,5.0,13.0,29.0,13.0,9.0,4.0,4.0,14.0,-13,0,11,3,-8
2024,138,1211,89,1242,68,0,35.0,58.0,8.0,15.0,11.0,15.0,8.0,29.0,19.0,9.0,2.0,5.0,12.0,27.0,70.0,9.0,22.0,5.0,9.0,13.0,17.0,20.0,8.0,5.0,2.0,14.0,-21,0,4,5,1
2024,138,1228,89,1182,63,0,35.0,59.0,7.0,21.0,12.0,17.0,10.0,21.0,17.0,7.0,6.0,1.0,12.0,25.0,61.0,5.0,17.0,8.0,10.0,12.0,13.0,14.0,9.0,4.0,1.0,17.0,-26,0,11,3,-8
2024,138,1235,67,1450,56,0,23.0,57.0,7.0,14.0,14.0,17.0,11.0,19.0,14.0,5.0,5.0,2.0,12.0,22.0,51.0,5.0,23.0,7.0,9.0,9.0,23.0,9.0,12.0,3.0,8.0,16.0,-11,0,7,2,-5
2024,138,1301,79,1324,73,0,29.0,64.0,9.0,26.0,12.0,16.0,11.0,33.0,19.0,8.0,4.0,5.0,16.0,25.0,68.0,12.0,35.0,11.0,15.0,9.0,21.0,13.0,6.0,4.0,3.0,13.0,-6,0,14,11,-3
2024,138,1314,85,1277,69,0,28.0,60.0,10.0,26.0,19.0,23.0,5.0,24.0,12.0,5.0,5.0,6.0,14.0,26.0,59.0,6.0,16.0,11.0,15.0,6.0,25.0,6.0,11.0,3.0,1.0,20.0,-16,0,9,1,-8
2024,138,1397,62,1400,58,0,22.0,65.0,3.0,25.0,15.0,18.0,13.0,27.0,11.0,11.0,9.0,3.0,15.0,20.0,55.0,7.0,23.0,11.0,12.0,6.0,23.0,6.0,16.0,5.0,3.0,16.0,-4,0,7,2,-5
2024,139,1104,72,1213,61,0,24.0,65.0,8.0,31.0,16.0,22.0,15.0,29.0,13.0,12.0,10.0,9.0,26.0,18.0,56.0,2.0,20.0,23.0,37.0,12.0,24.0,5.0,13.0,10.0,8.0,21.0,-11,0,12,4,-8
2024,139,1155,72,1124,64,0,23.0,47.0,6.0,17.0,20.0,24.0,3.0,26.0,16.0,11.0,4.0,4.0,21.0,21.0,54.0,6.0,24.0,16.0,26.0,8.0,22.0,7.0,10.0,8.0,2.0,16.0,-8,0,3,6,3
2024,139,1163,75,1321,58,0,29.0,54.0,3.0,22.0,14.0,20.0,5.0,27.0,20.0,6.0,6.0,9.0,13.0,22.0,59.0,4.0,15.0,10.0,10.0,7.0,20.0,8.0,8.0,5.0,0.0,17.0,-17,0,9,1,-8
2024,139,1181,93,1241,55,0,33.0,63.0,14.0,28.0,13.0,18.0,9.0,24.0,22.0,6.0,12.0,4.0,16.0,19.0,50.0,4.0,18.0,13.0,23.0,11.0,19.0,7.0,14.0,5.0,6.0,17.0,-38,0,12,4,-8
2024,139,1222,100,1401,95,0,34.0,66.0,11.0,34.0,21.0,30.0,11.0,21.0,18.0,10.0,6.0,8.0,28.0,29.0,75.0,8.0,23.0,29.0,45.0,22.0,23.0,12.0,11.0,5.0,4.0,24.0,-5,0,9,1,-8
2024,139,1266,81,1160,77,0,34.0,55.0,9.0,21.0,4.0,8.0,2.0,21.0,18.0,12.0,10.0,4.0,10.0,31.0,66.0,10.0,30.0,5.0,7.0,10.0,17.0,21.0,12.0,8.0,3.0,11.0,-4,0,10,2,-8
2024,139,1345,106,1429,67,0,38.0,68.0,11.0,23.0,19.0,23.0,10.0,35.0,29.0,9.0,5.0,5.0,10.0,23.0,64.0,9.0,27.0,12.0,16.0,5.0,17.0,9.0,8.0,5.0,4.0,20.0,-39,0,8,1,-7
2024,139,1361,85,1463,57,0,29.0,55.0,13.0,27.0,14.0,17.0,6.0,31.0,16.0,12.0,8.0,3.0,15.0,20.0,54.0,7.0,19.0,10.0,14.0,5.0,17.0,13.0,12.0,8.0,0.0,14.0,-28,0,13,5,-8
2024,143,1104,89,1314,87,0,32.0,67.0,11.0,26.0,14.0,20.0,14.0,23.0,13.0,10.0,4.0,7.0,18.0,30.0,78.0,12.0,32.0,15.0,17.0,17.0,21.0,17.0,7.0,8.0,3.0,18.0,-2,0,1,4,3
2024,143,1155,77,1112,72,0,29.0,59.0,8.0,25.0,11.0,16.0,6.0,27.0,17.0,10.0,4.0,2.0,19.0,25.0,67.0,5.0,28.0,17.0,25.0,16.0,25.0,14.0,9.0,8.0,4.0,16.0,-5,0,2,6,4
2024,143,1163,82,1361,52,0,30.0,65.0,10.0,26.0,12.0,16.0,20.0,27.0,17.0,9.0,10.0,1.0,14.0,21.0,58.0,5.0,22.0,5.0,10.0,10.0,17.0,9.0,12.0,8.0,4.0,16.0,-30,0,5,1,-4
2024,143,1228,72,1235,69,0,24.0,57.0,9.0,29.0,15.0,29.0,12.0,25.0,16.0,11.0,8.0,2.0,18.0,23.0,58.0,6.0,13.0,17.0,21.0,5.0,27.0,9.0,9.0,11.0,3.0,23.0,-3,0,2,3,1
2024,144,1181,54,1222,51,0,20.0,49.0,6.0,17.0,8.0,12.0,13.0,21.0,14.0,14.0,4.0,0.0,14.0,20.0,49.0,2.0,8.0,9.0,17.0,11.0,19.0,10.0,10.0,4.0,4.0,12.0,-3,0,1,4,3
2024,144,1301,67,1266,58,0,26.0,56.0,9.0,23.0,6.0,12.0,6.0,31.0,14.0,12.0,6.0,3.0,16.0,20.0,60.0,4.0,31.0,14.0,23.0,9.0,24.0,8.0,9.0,7.0,6.0,15.0,-9,0,2,11,9
2024,144,1345,80,1211,68,0,32.0,56.0,9.0,20.0,7.0,10.0,8.0,21.0,24.0,8.0,3.0,0.0,11.0,29.0,59.0,6.0,19.0,4.0,7.0,9.0,15.0,14.0,6.0,5.0,0.0,15.0,-12,0,5,1,-4
2024,144,1397,82,1166,75,0,28.0,67.0,11.0,24.0,15.0,18.0,11.0,23.0,16.0,4.0,5.0,5.0,14.0,26.0,58.0,11.0,23.0,12.0,13.0,5.0,27.0,13.0,8.0,1.0,2.0,17.0,-7,0,3,2,-1
2024,145,1104,89,1155,82,0,29.0,62.0,16.0,36.0,15.0,22.0,14.0,26.0,20.0,12.0,3.0,6.0,17.0,33.0,69.0,8.0,26.0,8.0,16.0,8.0,20.0,15.0,6.0,6.0,2.0,20.0,-7,0,6,4,-2
2024,145,1163,77,1228,52,0,31.0,60.0,3.0,17.0,12.0,17.0,7.0,33.0,21.0,7.0,5.0,10.0,17.0,17.0,67.0,6.0,23.0,12.0,17.0,7.0,20.0,7.0,8.0,3.0,4.0,15.0,-25,0,3,1,-2
2024,146,1301,76,1181,64,0,28.0,60.0,3.0,13.0,17.0,23.0,8.0,27.0,16.0,4.0,4.0,6.0,16.0,19.0,59.0,5.0,20.0,21.0,26.0,10.0,27.0,11.0,9.0,4.0,5.0,23.0,-12,0,4,11,7
2024,146,1345,72,1397,66,0,24.0,53.0,3.0,15.0,21.0,33.0,8.0,32.0,16.0,10.0,5.0,2.0,12.0,24.0,62.0,11.0,26.0,7.0,11.0,6.0,17.0,17.0,6.0,8.0,4.0,25.0,-6,0,2,1,-1
2024,152,1163,86,1104,72,0,31.0,62.0,10.0,25.0,14.0,18.0,10.0,25.0,20.0,4.0,4.0,8.0,17.0,26.0,58.0,11.0,23.0,9.0,11.0,7.0,21.0,9.0,7.0,2.0,5.0,15.0,-14,0,4,1,-3
2024,152,1345,63,1301,50,0,22.0,55.0,10.0,25.0,9.0,10.0,10.0,28.0,13.0,14.0,5.0,2.0,8.0,21.0,57.0,5.0,19.0,3.0,4.0,6.0,22.0,10.0,11.0,8.0,3.0,13.0,-13,0,11,1,-10
2024,154,1163,75,1345,60,0,30.0,62.0,6.0,22.0,9.0,11.0,13.0,19.0,18.0,6.0,3.0,4.0,18.0,24.0,54.0,1.0,7.0,11.0,15.0,8.0,19.0,8.0,9.0,3.0,3.0,15.0,-15,0,1,1,0
