Season,TeamID,Elo
2003,1112,1597.625278043819
2003,1163,1475.9039694309488
2003,1166,1479.9495807369399
2003,1173,1562.4507601905825
2003,1181,1516.0411308461346
2003,1196,1464.0313618682694
2003,1208,1517.8430251188863
2003,1228,1605.3760513630211
2003,1242,1583.971825724148
2003,1246,1809.0204644180392
2003,1257,1539.8045606667922
2003,1266,1555.9462268366544
2003,1268,1400.3377260167495
2003,1272,1524.7426117449504
2003,1280,1515.616030617639
2003,1281,1398.5874584032958
2003,1323,1219.962064708639
2003,1328,1602.303354510711
2003,1338,1695.1407591563354
2003,1390,1463.2829599011447
2003,1393,1454.9455443151521
2003,1400,1498.6710054391558
2003,1448,1456.6326338406304
2003,1458,1510.7460382001325
2003,1462,1552.422870965196
2003,1104,1269.4300811207295
2003,1437,1057.1801957508387
2003,1296,1143.8004401820294
2003,1457,1082.9268944425262
2003,1186,1094.3756749063198
2003,1161,1184.8892246109697
2003,1236,802.0730253871626
2003,1194,572.575532036169
2003,1156,650.985364593454
2003,1426,989.6034998250124
2003,1202,930.7619488425588
2003,1106,730.6160067631228
2003,1237,1155.2209698491165
2003,1135,1174.9590828955454
2003,1125,972.2940818256993
2003,1183,867.3026283790134
2003,1129,926.7137426952971
2003,1353,1007.416772697894
2003,1162,428.94539859359696
2003,1314,1206.666321632834
2003,1336,890.3387425617307
2003,1131,1142.3663486611372
2003,1389,885.8668776899394
2003,1422,647.3241553500065
2003,1447,1172.9086237132412
2003,1256,820.6826268649748
2003,1221,1348.8044216097694
2003,1304,1015.8065448812475
2003,1147,711.3759974252976
2003,1187,863.4127656856549
2003,1292,1121.229066638084
2003,1191,904.6844641731179
2003,1227,1144.655912193855
2003,1211,1295.9868085746732
2003,1220,803.8659623728256
2003,1217,696.4304081610088
2003,1193,1130.9665184705882
2003,1200,538.7530444431146
2003,1456,832.6722570705839
2003,1207,1202.7896777742885
2003,1212,705.8624986920333
2003,1110,1128.1298521010178
2003,1298,650.5442624617652
2003,1416,1156.197720389699
2003,1301,1317.5520832966201
2003,1291,685.8924027609285
2003,1308,1180.230958517861
2003,1410,600.9723318504184
2003,1265,942.4196108791225
2003,1159,883.786281704921
2003,1164,866.6487485089399
2003,1267,932.9153147525684
2003,1310,1174.0230586316138
2003,1277,1468.5537359515147
2003,1421,869.6822172476628
2003,1148,853.6191957917154
2003,1394,805.6430963418475
2003,1168,794.784538765192
2003,1452,1099.1273158923937
2003,1175,958.3740937084808
2003,1451,1399.8867816263532
2003,1364,1169.7455702501677
2003,1438,947.3086609747891
2003,1254,645.6008177078886
2003,1180,1196.4834987272955
2003,1436,1145.86240388858
2003,1185,882.1331414771248
2003,1435,1011.8130648037873
2003,1368,823.8130924106285
2003,1428,1367.4342549937026
2003,1381,766.7004342253739
2003,1427,795.9636230928909
2003,1226,945.1539586078711
2003,1425,1179.9290674181295
2003,1415,644.7455493222517
2003,1412,1294.2372276549222
2003,1128,976.0020283801902
2003,1379,933.4205903467201
2003,1108,819.101255814955
2003,1382,1086.0436577091452
2003,1439,994.8430563128525
2003,1384,819.9455577151006
2003,1224,860.4264983544389
2003,1375,852.9173738292602
2003,1380,563.307065490958
2003,1343,1033.376033753241
2003,1444,1096.257095126754
2003,1349,1145.9686357284431
2003,1408,1114.6316951800377
2003,1350,1073.7225663729748
2003,1347,690.2329504858837
2003,1352,769.6158902092176
2003,1282,876.5682830264816
2003,1317,633.1014951771521
2003,1283,1134.7017068791226
2003,1373,1201.9545103096123
2003,1107,623.1769172911561
2003,1218,1051.9487136107753
2003,1114,1038.0793078325455
2003,1219,644.41097920992
2003,1319,910.6345687000176
2003,1232,600.6259960202353
2003,1464,608.3914683275943
2003,1241,918.1845326087724
2003,1247,890.5147512246896
2003,1174,1033.0804208328507
2003,1250,775.1889177819364
2003,1171,756.5613350241273
2003,1258,773.0773668976542
2003,1260,1098.633034844921
2003,1261,1455.0077136642874
2003,1311,383.8215792092284
2003,1179,798.4239497381644
2003,1158,1139.6244055662116
2003,1149,837.9771702895704
2003,1348,1130.5248320773314
2003,1318,922.5836870948343
2003,1320,960.5748490367064
2003,1285,834.6332271934419
2003,1321,1065.9129209605348
2003,1271,538.7208219395854
2003,1329,1313.108800395567
2003,1463,955.576112761349
2003,1340,685.7455978248073
2003,1169,923.7717883674597
2003,1137,893.5658386528577
2003,1414,1078.6367494195551
2003,1365,760.2920292334146
2003,1334,807.4181363395746
2003,1113,1363.1699804811312
2003,1287,1033.361991246733
2003,1116,977.1976238869104
2003,1238,866.0683151883312
2003,1117,997.6740898332966
2003,1369,626.8359739441929
2003,1120,1256.9765752001638
2003,1459,861.8848209979625
2003,1122,1276.6327734938977
2003,1345,1268.8494196686913
2003,1275,904.415420689713
2003,1404,776.7346608588061
2003,1387,1294.715026483009
2003,1150,1035.85603785369
2003,1253,628.9193580698629
2003,1151,1062.1026621529122
2003,1359,883.474687979478
2003,1123,835.8259568276186
2003,1240,1023.8959123365181
2003,1133,988.4985691258586
2003,1337,973.632913733521
2003,1139,1241.0457130357781
2003,1140,1366.0244304911764
2003,1405,955.2134625799875
2003,1141,1435.9143539725517
2003,1206,1026.0973830909493
2003,1397,1272.5926839729298
2003,1205,619.2143580386704
2003,1160,1389.1384244295023
2003,1142,1060.3988113645337
2003,1165,650.3730067220478
2003,1138,683.2654028922628
2003,1157,763.1372428189617
2003,1441,732.1740250445454
2003,1395,919.652252448811
2003,1358,1277.0464007530095
2003,1403,1312.1343490030108
2003,1423,1455.468608218658
2003,1276,1201.495017904952
2003,1429,1212.8100270666218
2003,1229,818.6772810424745
2003,1409,1437.5543835930732
2003,1335,1395.2044537190015
2003,1341,929.1128021683453
2003,1222,879.9105629719952
2003,1274,995.1475948430442
2003,1306,657.922872904534
2003,1273,1155.6339764041945
2003,1189,874.2088597998184
2003,1233,1030.6937018960016
2003,1252,763.2456473915399
2003,1225,873.0478121539629
2003,1333,1012.6968561888141
2003,1210,1206.4729092326108
2003,1115,506.87986295308866
2003,1259,558.646263143704
2003,1288,593.1004795186863
2003,1102,997.7299704688639
2003,1453,751.7496214885888
2003,1461,1097.3245932465302
2003,1176,1026.5803000917897
2003,1450,804.5124353889411
2003,1363,620.7480149984847
2003,1454,1356.5114718112775
2003,1455,1124.9499906827773
2003,1460,764.0135367320593
2003,1103,985.4810862614823
2003,1442,522.9756845628767
2003,1313,720.8918604529613
2003,1371,1284.7274088614324
2003,1362,1067.694957543571
2003,1360,1344.5753734710227
2003,1305,1236.699726333068
2003,1351,830.2453601142897
2003,1284,842.6750019829929
2003,1182,760.3563702373489
2003,1372,1126.0419709463004
2003,1386,1361.4978335372355
2003,1130,1330.705504410224
2003,1440,747.2716581754074
2003,1251,693.1856857704304
2003,1127,828.3294306027051
2003,1248,890.6652331641827
2003,1243,1129.0615205859074
2003,1145,830.0050566952026
2003,1126,591.2662590206596
2003,1153,1329.2762545471307
2003,1399,1154.4422201109753
2003,1346,919.3635988102991
2003,1143,1270.1791681564
2003,1307,970.536890166266
2003,1177,1122.7430291810085
2003,1178,1218.6632233087514
2003,1132,849.3943747088575
2003,1119,453.9166425800068
2003,1361,1082.424474486311
2003,1198,814.2215092559388
2003,1289,339.0988467114688
2003,1209,978.8238948412107
2003,1299,352.24951276315693
2003,1344,1326.4942371991008
2003,1443,1448.966737435389
2003,1418,1147.733205979819
2003,1124,1117.199984285264
2003,1392,783.0515084137506
2003,1357,709.6859213776203
2003,1420,589.5539187234068
2003,1406,512.8867966028533
2003,1401,1066.3335759647916
2003,1411,953.5064378256667
2003,1374,1123.6794311712738
2003,1356,1350.518343205233
2003,1234,1148.9018530988521
2003,1204,888.797498499828
2003,1263,972.7207946669565
2003,1199,1121.7292465006644
2003,1366,428.1187070836738
2003,1197,990.4783916726639
2003,1105,651.5628024683649
2003,1424,1480.205807462075
2003,1376,1099.4332480276305
2003,1190,1197.3915320538401
2003,1434,1228.77994860803
2003,1279,1142.0125594862354
2003,1396,1344.354168969742
2003,1249,755.2316542044975
2003,1332,1307.4248073426506
2003,1330,934.4123399223685
2003,1286,744.5015318928274
2003,1449,918.2835110199917
2003,1278,1126.7772868596962
2003,1155,1000.4676299442435
2003,1152,482.94865298381615
2003,1391,606.9045623028632
2003,1239,828.3143666282665
2003,1111,872.4866059546478
2003,1203,1028.353066631898
2003,1231,1278.3749713094867
2003,1269,900.983245448893
2003,1214,960.6864831315646
2003,1192,827.2271537764353
2003,1172,1008.267825611011
2003,1270,934.8648027307844
2003,1264,1341.740167611731
2003,1170,926.2648879503528
2003,1383,990.92841580958
2003,1407,1336.1596268313915
2003,1326,1304.4317215755932
2003,1322,639.3836222124596
2003,1154,568.8876408454403
2003,1385,1210.2480549538418
2003,1290,981.5688648083643
2003,1378,1022.1734909969636
2003,1417,1190.7670151310276
2003,1331,946.7429383435843
2003,1144,382.32830977377444
2003,1324,1010.1803057419575
2003,1433,1201.9496668713264
2003,1431,714.9772866138059
2003,1354,1166.4354999624406
2003,1419,834.0064155141381
2003,1388,997.5409021377253
2003,1216,1045.4879078969868
2003,1339,783.1860807122664
2003,1309,816.3308491994702
2003,1235,1222.9661586124287
2003,1201,1129.294641133718
2003,1402,897.7958587084939
2003,1325,1025.2663609208812
2003,1245,1135.2585687391272
2003,1184,705.7096735599702
2003,1398,371.6922629186622
2003,1293,1065.4577123300057
2004,1112,1291.5852273690423
2004,1130,1494.1154986898023
2004,1153,1531.70128534096
2004,1163,1598.9404835964176
2004,1181,1574.4875978741693
2004,1210,1454.1063108220114
2004,1211,1544.048621010577
2004,1228,1493.943426122584
2004,1242,1448.7817870739607
2004,1246,1702.140855979932
2004,1268,1498.7253410492208
2004,1272,1343.8931514138487
2004,1280,1566.5214471981221
2004,1301,1516.340465613133
2004,1314,1435.6719224699204
2004,1329,1737.3275004029913
2004,1338,1644.3090466909705
2004,1344,1376.7590458670866
2004,1356,1339.4802447142956
2004,1386,1479.561771457432
2004,1390,1582.0309080207269
2004,1393,1434.413996642892
2004,1400,1469.3904878955911
2004,1429,1355.5932694012033
2004,1448,1434.4400776918574
2004,1458,1547.7010642958755
2004,1266,1136.766863359638
2004,1385,937.7443274966464
2004,1104,1392.231143117809
2004,1227,1399.0611078503314
2004,1414,676.2539439782056
2004,1273,833.7081619590326
2004,1325,801.5699667898468
2004,1324,864.4974008492778
2004,1360,509.0575403373721
2004,1462,1545.9974013520753
2004,1164,918.4184661871761
2004,1306,794.241884574483
2004,1291,903.5913765171231
2004,1428,1377.0598273911346
2004,1209,1109.212033172128
2004,1135,935.2813916289323
2004,1463,813.0530643599445
2004,1278,1012.3333681745827
2004,1282,1009.922678053329
2004,1350,1317.6343065869546
2004,1290,1124.0381771944835
2004,1362,969.3974855959253
2004,1404,808.489482865569
2004,1283,1207.5055344122302
2004,1442,508.5046609529993
2004,1305,1560.93708034129
2004,1436,1210.434704962543
2004,1376,1336.9351602615848
2004,1205,757.4127507482763
2004,1225,1081.9405954221859
2004,1189,916.3111791641498
2004,1120,1152.0750610789794
2004,1158,979.4819632242278
2004,1220,985.8287829763127
2004,1265,608.4264906135444
2004,1418,1329.1268058043413
2004,1403,1350.0071553797536
2004,1172,1201.7615675977268
2004,1269,848.1148836011873
2004,1383,933.8023995342877
2004,1450,1063.4053989577433
2004,1440,487.8466943847467
2004,1258,890.5200658441074
2004,1415,879.1879889433905
2004,1254,575.3656975369058
2004,1250,1082.7728862199458
2004,1457,897.4677752198919
2004,1392,744.0300028076118
2004,1171,424.344417982134
2004,1397,1198.8986231993485
2004,1459,717.0709013057728
2004,1423,1091.9625940219703
2004,1267,997.6302643038724
2004,1424,1230.3383045408225
2004,1175,865.0441422597526
2004,1433,1347.5331920021172
2004,1233,985.4371288927451
2004,1435,1374.3776441497214
2004,1125,1214.6099793598548
2004,1366,577.7986889192155
2004,1275,1157.6774546492393
2004,1251,1164.881554320922
2004,1335,1140.3134060412856
2004,1455,1230.650962192641
2004,1247,847.6381315574245
2004,1437,1185.706014844936
2004,1396,1190.7996512530312
2004,1444,1399.8471795427915
2004,1425,1062.3068382100291
2004,1449,1426.7200978257752
2004,1340,721.0022234054107
2004,1420,580.4965712209855
2004,1259,470.59674634269993
2004,1191,800.7993185021486
2004,1224,455.02407930427074
2004,1198,540.1334731822548
2004,1208,1369.7027552310192
2004,1441,734.0577229135797
2004,1369,652.662265273126
2004,1453,944.7163211471914
2004,1364,936.1322513841601
2004,1218,1144.3043634449882
2004,1326,980.3925844263549
2004,1361,962.9092206703647
2004,1253,523.4884460209297
2004,1351,786.0102590911026
2004,1349,1180.3743321054012
2004,1226,712.6267263069085
2004,1348,1088.554866756074
2004,1318,1056.005909862818
2004,1343,1247.2190134590164
2004,1159,805.2239418832445
2004,1334,1411.0841117779605
2004,1363,718.5551342174261
2004,1332,1122.534054585377
2004,1201,1134.333478555785
2004,1331,963.0841351739518
2004,1354,963.5011265017646
2004,1328,1243.2767911605201
2004,1186,1239.0494073012526
2004,1286,801.7031787195358
2004,1346,725.374671712124
2004,1421,666.123021808806
2004,1284,1090.8400016358726
2004,1111,659.7746950633074
2004,1256,1053.4511937832315
2004,1117,1007.1043022437046
2004,1279,1068.4055891716314
2004,1119,519.3080360114446
2004,1162,900.6395688163271
2004,1443,975.9399044288674
2004,1129,1368.036993285389
2004,1339,807.8388095016719
2004,1133,1027.3139290274544
2004,1419,688.9643725143314
2004,1140,1441.6662926162776
2004,1381,724.4658830870693
2004,1142,791.7197932071474
2004,1143,978.635116570718
2004,1406,803.0026915904824
2004,1405,1117.760465905427
2004,1236,468.287408324739
2004,1388,1268.5792651273327
2004,1127,936.3973379091233
2004,1387,1241.3889719667934
2004,1184,935.181996378802
2004,1382,731.3107630625252
2004,1352,791.456959896165
2004,1379,986.0294216553847
2004,1108,711.9455125557378
2004,1378,816.6813411338201
2004,1194,713.9612055217277
2004,1298,508.62602630986015
2004,1373,1030.7299902870204
2004,1107,625.1005633772827
2004,1322,703.9715403369916
2004,1320,1394.0289319956719
2004,1152,924.239589967766
2004,1319,874.7410852575982
2004,1168,889.1464793284664
2004,1261,1133.2668282188101
2004,1380,786.2957215672193
2004,1193,1150.3491208577757
2004,1217,582.7347174404312
2004,1206,1268.3096792479787
2004,1287,983.4729308338657
2004,1203,1254.6985985016304
2004,1150,1326.8877674666794
2004,1199,1240.7674696088816
2004,1263,1015.0411704178036
2004,1207,926.9338617662177
2004,1212,723.9222888885726
2004,1151,1104.1747859743896
2004,1240,859.4452603513317
2004,1105,791.366264717503
2004,1231,1101.437077391498
2004,1422,856.4675213010523
2004,1243,1093.711815663399
2004,1128,1097.189964407998
2004,1276,1250.5022137663416
2004,1277,1374.7979168792724
2004,1137,964.8571974102066
2004,1145,775.4007911103382
2004,1138,1167.0342204665685
2004,1116,1039.9399847486684
2004,1311,435.55569014917717
2004,1149,649.7201370518449
2004,1160,1248.6436302497575
2004,1321,1119.2254153185436
2004,1173,1320.2474457736591
2004,1337,1074.1479949404281
2004,1174,1037.5997013392073
2004,1177,1383.5762965045944
2004,1260,788.364075082858
2004,1190,1388.9876722940126
2004,1222,800.8776763639501
2004,1155,993.0417208719219
2004,1357,717.1235160329272
2004,1166,1113.7404342188397
2004,1178,1142.6556728092492
2004,1187,1100.24934071678
2004,1144,465.8057283995387
2004,1214,814.2547482011462
2004,1221,953.8873978879146
2004,1131,1309.7151102057198
2004,1157,862.1807945588544
2004,1434,1211.6667791395962
2004,1241,665.330903361888
2004,1202,1011.4029708255342
2004,1102,1282.2032467901029
2004,1115,289.0990329305021
2004,1103,803.9056415225305
2004,1106,1005.1983051165063
2004,1299,448.3135612259498
2004,1113,900.1222594156361
2004,1114,1084.3846633893552
2004,1124,909.6744586345139
2004,1411,671.3227795377649
2004,1427,1140.2561455151172
2004,1439,1179.6388381055085
2004,1409,827.3606037832648
2004,1395,1106.7369774710492
2004,1426,1057.5443011073241
2004,1170,862.3437196314733
2004,1330,1117.8529923687713
2004,1310,1221.374955049422
2004,1464,649.601416305961
2004,1309,1108.5550137842151
2004,1402,679.9326877900343
2004,1304,1176.323925247535
2004,1192,990.7658765340691
2004,1296,818.6906993663044
2004,1183,649.7360357971584
2004,1293,1316.7316268383536
2004,1447,904.1702033809086
2004,1374,980.6267499866326
2004,1410,963.639379328632
2004,1371,1358.2971240886397
2004,1288,633.2726590052151
2004,1461,992.2544478481882
2004,1353,1218.8310117612868
2004,1248,835.5524131228412
2004,1384,892.0534498343836
2004,1333,1043.326456743304
2004,1341,449.41492879822056
2004,1454,1171.9374783551136
2004,1285,850.0109021171937
2004,1185,815.8196166862119
2004,1110,1011.3490529006891
2004,1200,727.718921738351
2004,1238,673.7674623075692
2004,1375,935.3149956314793
2004,1271,533.4830814089111
2004,1456,703.6872660497846
2004,1229,966.1277014630874
2004,1197,951.6947990811161
2004,1232,771.2959529170816
2004,1234,1135.0095734195347
2004,1274,995.3626215004058
2004,1345,1026.8397549145088
2004,1359,704.8848757445045
2004,1165,765.7669777788477
2004,1438,1178.2969934700507
2004,1336,689.5014659470812
2004,1239,833.256279374702
2004,1412,1443.76451291612
2004,1204,1055.4885120400631
2004,1358,785.8763485575192
2004,1452,1101.1744716912367
2004,1401,746.5607997524974
2004,1219,830.7166710222463
2004,1141,667.6021112406005
2004,1176,794.4199422729196
2004,1216,810.3680617885814
2004,1365,943.6136728640424
2004,1237,1089.45050504532
2004,1389,968.0210519387695
2004,1270,894.4218698909655
2004,1126,605.3560696871236
2004,1264,1337.0488932666874
2004,1308,917.0171297706636
2004,1323,1292.267847526733
2004,1180,1176.1440730595295
2004,1347,703.9134183672614
2004,1368,931.3219603651632
2004,1123,1033.8407544379004
2004,1139,1139.2978740344286
2004,1372,1069.3416744839305
2004,1169,1038.208302426775
2004,1179,922.8815915404135
2004,1252,626.0771369420916
2004,1245,1256.7357991339313
2004,1156,478.4463668375098
2004,1182,1016.8698738083662
2004,1196,1476.707121220177
2004,1394,893.5321388878808
2004,1313,804.7098166094593
2004,1147,852.2711992406216
2004,1451,960.9345793328265
2004,1408,874.0789105372986
2004,1161,1004.9819537818715
2004,1416,1274.2538268469218
2004,1122,1184.977023176734
2004,1407,1300.075228633516
2004,1398,639.6330738251108
2004,1154,547.9476774623846
2004,1235,1156.586045195962
2004,1399,753.9736968054598
2004,1148,937.5955295510455
2004,1249,576.5117242607402
2004,1317,847.4445584470762
2004,1257,1342.9449024569567
2004,1281,1223.87223172355
2004,1292,1112.4271918634622
2004,1431,1383.4711575677475
2004,1460,838.2537149097659
2004,1417,886.7409981929957
2004,1132,966.6605516315868
2004,1307,1029.7325437409215
2004,1391,832.10770235956
2005,1104,1451.19712331382
2005,1112,1497.322663774363
2005,1130,1405.7774501744063
2005,1153,1335.3574235317876
2005,1163,1604.7091011940242
2005,1181,1621.296257611113
2005,1196,1639.9172457936975
2005,1210,1406.1403185507259
2005,1211,1590.9414417993667
2005,1228,1782.9828136111453
2005,1242,1457.6837766364858
2005,1246,1513.0111811827678
2005,1257,1621.6773360101354
2005,1277,1541.239237202791
2005,1314,1652.1491160010814
2005,1328,1488.1722492392244
2005,1329,1596.5001315870638
2005,1334,1402.2549975491543
2005,1393,1546.9292560333715
2005,1403,1388.6989676416956
2005,1428,1447.1302930180932
2005,1437,1635.292257215034
2005,1448,1506.3886612000667
2005,1449,1557.345629794652
2005,1458,1481.2098253700376
2005,1388,1361.4542503502732
2005,1125,1019.183548120478
2005,1343,1015.1470926476925
2005,1137,1215.7094442541272
2005,1280,1269.5567486829107
2005,1193,959.3723107446818
2005,1272,1396.8925575307996
2005,1366,360.8659429533896
2005,1294,558.5324788958872
2005,1143,1018.8709845232839
2005,1415,627.410952846738
2005,1128,956.3995274873218
2005,1105,943.4970762164628
2005,1206,981.9404574550682
2005,1236,736.6884599314476
2005,1307,1478.6036716097499
2005,1299,506.1909794690796
2005,1365,1087.457712467805
2005,1182,782.2940247374501
2005,1279,1018.4205139261052
2005,1354,983.630572542356
2005,1266,1161.1548043775483
2005,1441,596.4303499822538
2005,1229,1014.9635655866515
2005,1336,733.390642839394
2005,1102,1161.3324220642971
2005,1240,531.2928092837392
2005,1203,1356.7726132142336
2005,1352,827.8954810731545
2005,1288,743.4549235480415
2005,1433,1195.1928216160222
2005,1110,884.4109068068191
2005,1160,1075.8023623188249
2005,1158,1077.0188159814095
2005,1166,1467.8704011989241
2005,1108,458.39757231517063
2005,1222,1102.8071075245384
2005,1358,997.2402781391836
2005,1233,1030.0101053800304
2005,1319,715.1690365488955
2005,1326,1250.4932144196441
2005,1406,513.519903973362
2005,1281,1175.8295154160273
2005,1135,874.5896228716945
2005,1276,929.5277069949236
2005,1127,1129.7951472037669
2005,1360,1263.3929778208708
2005,1335,1255.927655689863
2005,1346,608.4395499313578
2005,1344,1182.8003052751324
2005,1310,1169.6312206178895
2005,1460,909.6802045055824
2005,1409,871.6844875862339
2005,1189,736.0893941768579
2005,1192,1185.4933606016773
2005,1187,820.7569858088692
2005,1337,1101.9074194340194
2005,1301,1473.6149748688217
2005,1309,924.1469112775517
2005,1333,1188.459254164898
2005,1373,647.0459664394925
2005,1429,1453.3903516870719
2005,1204,981.0202208736282
2005,1382,572.5017895651913
2005,1175,1126.5901376195657
2005,1232,991.871872663317
2005,1157,755.3759679602751
2005,1245,1167.3629768326637
2005,1436,1349.2240109533757
2005,1290,858.2396382112652
2005,1234,1323.139104669092
2005,1442,856.483292194748
2005,1268,1123.3974252361502
2005,1238,783.7652770634112
2005,1265,666.5708977324781
2005,1165,876.4784914483714
2005,1261,1492.7460636289109
2005,1408,863.0330030224604
2005,1340,922.805391083149
2005,1106,751.3088647206404
2005,1202,881.6368983035097
2005,1144,417.6507028100318
2005,1201,894.9581435820186
2005,1271,349.94651549136915
2005,1107,946.9182586280633
2005,1357,467.9294659987357
2005,1270,821.1580371803124
2005,1399,1057.5679629365443
2005,1197,800.9100669902484
2005,1170,868.3886853532201
2005,1275,1227.841533269181
2005,1345,1001.8994436185361
2005,1172,1234.903793189985
2005,1179,1085.5936391214614
2005,1103,1159.0769637640212
2005,1191,842.0510861870961
2005,1141,828.6897788538136
2005,1239,798.2190589380438
2005,1421,793.7174829485891
2005,1313,781.2511596304478
2005,1418,1315.329964551642
2005,1256,989.0072024770769
2005,1420,819.0001752862754
2005,1298,737.4277697081919
2005,1439,1169.7904400766474
2005,1259,593.5870738501087
2005,1443,1182.0735115577438
2005,1398,797.3866650807001
2005,1450,1102.0977573915452
2005,1286,910.6148149659065
2005,1451,894.3619542971481
2005,1430,926.1329788067171
2005,1347,736.2701231241607
2005,1463,909.9023038612247
2005,1348,710.8380773521833
2005,1350,981.4421577812196
2005,1371,1056.3937377185573
2005,1359,796.1545661024869
2005,1168,1146.5369031618293
2005,1250,906.38090752989
2005,1199,1050.9340624960953
2005,1411,814.5127986500813
2005,1198,902.4626148850124
2005,1194,800.6034841072905
2005,1423,1103.4264631074384
2005,1267,845.7675859323818
2005,1392,843.052902134946
2005,1435,1235.0598676939176
2005,1405,1201.703540421865
2005,1438,1027.310217675087
2005,1395,1176.5581204708035
2005,1426,715.2806002008224
2005,1400,1269.063694329337
2005,1402,778.6542843013491
2005,1401,1339.3944739458502
2005,1390,1394.4714263871056
2005,1362,1046.952021741935
2005,1384,695.6419654313169
2005,1224,361.9487884678212
2005,1364,851.3325386091467
2005,1361,955.6829284503211
2005,1120,1065.827057507377
2005,1396,1116.7412115540528
2005,1122,914.0028522404982
2005,1387,1020.603805249228
2005,1318,1200.4695288624232
2005,1129,1015.3662452158605
2005,1225,700.4067924804368
2005,1287,747.325399207329
2005,1291,575.3084282658383
2005,1306,822.621328258535
2005,1251,933.3842977920643
2005,1462,1218.109265995749
2005,1324,972.5394123904077
2005,1461,1076.6896473018135
2005,1456,770.3471174692372
2005,1216,554.5623436153335
2005,1162,589.957269163157
2005,1255,354.45340887505233
2005,1149,852.0810459115472
2005,1155,1247.612670167206
2005,1214,1063.5696023666799
2005,1434,878.2631494357354
2005,1150,1203.5017669686665
2005,1253,867.6653025008859
2005,1148,842.4836747619958
2005,1159,795.6495957491651
2005,1351,1029.7590802376428
2005,1133,955.1422569793883
2005,1369,883.3987090053234
2005,1263,956.9379732555167
2005,1308,627.6859752491517
2005,1444,1108.0186008782832
2005,1321,1146.323259987218
2005,1339,964.2227578919073
2005,1323,1204.6759252146683
2005,1217,906.6728212207767
2005,1116,1022.9040960337868
2005,1457,1306.9763982600632
2005,1332,1075.9865398538177
2005,1226,553.2939985739844
2005,1322,1194.9004465721798
2005,1174,847.1215398502384
2005,1185,750.7729088921214
2005,1404,582.7061930133248
2005,1178,1076.2639716341357
2005,1283,1301.1967410100506
2005,1177,1239.6789168376567
2005,1132,974.9221858049436
2005,1154,537.2733555885487
2005,1119,458.10714213805545
2005,1200,945.0664097970038
2005,1383,843.2797343973401
2005,1209,883.0024230673464
2005,1379,740.0184801331395
2005,1453,787.7785188630993
2005,1237,999.4085843999014
2005,1454,1345.210152397144
2005,1341,448.39733627076583
2005,1455,1234.139674238645
2005,1186,669.9392527429166
2005,1407,807.5896645410344
2005,1221,1311.0051373781446
2005,1131,1094.6602072188361
2005,1241,590.3291791610125
2005,1247,869.2210457718152
2005,1164,915.2880441509191
2005,1248,719.7792324589536
2005,1258,850.0743321976752
2005,1284,1010.3473768019775
2005,1260,1006.1732370352637
2005,1296,894.3346694437582
2005,1274,1128.9659796271264
2005,1459,874.7875071621552
2005,1169,1134.3439549563598
2005,1330,1364.5569938221179
2005,1375,848.9053737855944
2005,1363,628.3667709448973
2005,1338,1440.0338060788808
2005,1368,1235.720069200499
2005,1378,1135.9711929512712
2005,1372,739.8751626147498
2005,1385,1021.4914745187141
2005,1447,1013.8364910989764
2005,1416,1184.0726375152565
2005,1417,1354.6649883011055
2005,1152,795.6460408191444
2005,1452,1410.173635333321
2005,1389,1019.8064081467414
2005,1138,1359.1770771203364
2005,1115,495.808870139542
2005,1117,886.137668147456
2005,1147,474.47106250005794
2005,1317,779.8553313732652
2005,1113,1106.5918952722118
2005,1184,1138.4285315552274
2005,1173,1033.9026235091674
2005,1278,1431.6336274161542
2005,1252,904.3031651951106
2005,1311,466.58920027316265
2005,1220,1238.4620767549443
2005,1254,890.2180660919555
2005,1376,1163.9549980117774
2005,1305,1477.5227285919852
2005,1285,1101.1855729446413
2005,1431,1412.1477346773129
2005,1425,1112.042846526795
2005,1414,973.0600386381125
2005,1374,1081.4340349925592
2005,1145,812.2341703119222
2005,1161,928.4024751805192
2005,1126,669.4124230870302
2005,1397,1212.3901523972343
2005,1207,1225.488055447942
2005,1394,955.6118624312942
2005,1353,956.6309928726397
2005,1140,868.6975927125453
2005,1227,979.1668376779712
2005,1142,599.7304354123708
2005,1381,684.0450022995404
2005,1380,746.6668581544509
2005,1114,1030.3137611818593
2005,1180,1185.4136142233365
2005,1208,892.7818990140597
2005,1424,1211.871574048502
2005,1422,964.8842461980538
2005,1282,1011.3744612577975
2005,1349,1232.4714318391825
2005,1292,1087.270572158785
2005,1356,1423.9775897602433
2005,1304,1139.7736476416292
2005,1123,1045.3741158658727
2005,1264,949.2711782905686
2005,1171,792.8738214758525
2005,1183,844.5790736989429
2005,1190,780.4946129355191
2005,1273,922.9335219000172
2005,1205,983.5957463161888
2005,1218,1010.6418427738786
2005,1231,1322.1568046047616
2005,1269,964.0228161489576
2005,1235,1286.6553846256047
2005,1386,1286.851818623149
2005,1320,1227.0962379720622
2005,1243,1252.6947926324997
2005,1176,1206.5893926712647
2005,1419,650.4931391067007
2005,1124,806.0192651674324
2005,1331,1258.9038508064014
2005,1111,980.0518940547244
2005,1219,817.5014575018041
2005,1391,676.3662700727023
2005,1412,1272.1178897502257
2005,1413,742.6924517463494
2005,1139,962.6297424985761
2005,1464,561.7770421892109
2005,1156,713.4257673941767
2005,1212,895.8864164553875
2005,1410,521.1360164822486
2005,1151,1097.115298413299
2005,1249,946.0665706520626
2005,1293,1008.6272767329655
2005,1440,745.0519050555495
2005,1325,1322.5951982016607
2005,1427,965.3956101209793
2006,1130,1511.2699851343186
2006,1163,1689.926862342639
2006,1181,1649.1140593134248
2006,1196,1567.817619079735
2006,1203,1430.8200710183269
2006,1207,1431.4672984819008
2006,1211,1503.104751893942
2006,1228,1424.5273906127097
2006,1234,1593.111115067026
2006,1242,1620.625256981929
2006,1261,1422.319410679882
2006,1272,1644.5961834828017
2006,1305,1542.3126560952487
2006,1314,1599.9680319328506
2006,1326,1543.611434685778
2006,1328,1275.1195866123462
2006,1338,1541.3844889668894
2006,1393,1272.288688708285
2006,1397,1337.6225538804802
2006,1400,1549.2138836581437
2006,1412,1370.4157920981697
2006,1417,1582.8446761039704
2006,1437,1553.7765678648395
2006,1449,1445.6211714706997
2006,1452,1368.828091199424
2006,1165,863.4254748752471
2006,1384,499.91695689773536
2006,1126,653.6058555749514
2006,1107,1151.9270642886556
2006,1324,658.3859290526735
2006,1389,1044.500787171223
2006,1204,1045.7285272621007
2006,1339,932.0113085000576
2006,1206,1347.158268636177
2006,1414,1029.6346059006648
2006,1439,1090.1662926145382
2006,1347,866.1873812206854
2006,1403,1138.1238473156932
2006,1363,695.9611002842497
2006,1441,858.7055914614389
2006,1132,673.6324010445546
2006,1448,1314.8106797190344
2006,1290,586.2688343342026
2006,1419,730.8393624178362
2006,1459,853.9919083224971
2006,1192,1134.249640513668
2006,1453,1045.9710871917648
2006,1422,686.1803023502424
2006,1321,1044.126143268285
2006,1250,991.287526566148
2006,1102,1338.706275556391
2006,1319,1088.511412721713
2006,1252,1081.9043117423923
2006,1294,648.0619451151035
2006,1246,1316.3211210889103
2006,1355,588.8417966052072
2006,1423,1490.2511452472602
2006,1139,1161.0610630947415
2006,1288,433.8598259541004
2006,1150,1177.7942419609888
2006,1164,754.8978754231593
2006,1274,1254.4530362012556
2006,1426,841.5316508294209
2006,1461,1004.4201688542039
2006,1106,752.9834032137429
2006,1358,1084.902447659858
2006,1281,857.6187504198189
2006,1371,1265.2615746193721
2006,1264,1010.0082913992541
2006,1271,518.5656666967976
2006,1131,914.6213593394864
2006,1180,1075.3250399070096
2006,1343,945.5206311587027
2006,1159,718.3529387163469
2006,1430,925.1849340070171
2006,1359,1008.0925151351488
2006,1170,787.5543035707591
2006,1454,1362.5393634333304
2006,1308,1137.4061032899308
2006,1396,1205.3397198159466
2006,1119,454.3594492933811
2006,1380,1058.7422884677733
2006,1104,1219.0039150277657
2006,1275,1178.6836510720802
2006,1227,1060.0077543562766
2006,1286,829.4947490067473
2006,1360,1019.7560132599959
2006,1144,725.4355677578619
2006,1356,1384.0595893577504
2006,1418,1072.9935394182935
2006,1424,1151.8046307989848
2006,1253,1150.2407856486004
2006,1420,711.6374403681806
2006,1407,943.5115407231912
2006,1346,796.8792750088086
2006,1190,798.43697541924
2006,1386,1327.785805952221
2006,1248,668.3876844082519
2006,1378,839.4118468412197
2006,1108,667.3862636673399
2006,1379,875.2431264643799
2006,1249,922.101331047436
2006,1382,743.0017673672558
2006,1352,865.250989786336
2006,1383,746.0494145574601
2006,1193,761.0073925599347
2006,1392,509.84232207097426
2006,1435,1229.1054240788894
2006,1240,1062.70933463001
2006,1428,1030.6575099713405
2006,1402,457.13639152551394
2006,1129,918.3496051060255
2006,1285,1319.7778679384908
2006,1138,1035.1396770438837
2006,1145,901.6505567350954
2006,1137,1428.780040330055
2006,1351,708.9180743322127
2006,1171,767.9703410235576
2006,1148,1075.1565969385892
2006,1128,913.3469150498629
2006,1210,1051.472243062616
2006,1421,694.4458663111343
2006,1298,655.0334972970628
2006,1191,968.2477696397243
2006,1267,891.9911734446464
2006,1187,601.9157288534054
2006,1299,559.8249246723332
2006,1185,681.8369291471914
2006,1143,1337.9565534708959
2006,1176,863.2683396647964
2006,1244,559.9521487946205
2006,1174,853.0326018013427
2006,1154,690.1970179107733
2006,1173,956.1395821135826
2006,1399,965.1264972906225
2006,1337,759.4615114915866
2006,1162,570.2859809838595
2006,1306,879.8132036081803
2006,1161,1002.2912284130609
2006,1160,1192.236996803169
2006,1194,950.904503487829
2006,1364,899.5153007424993
2006,1362,933.0050311734211
2006,1376,1388.490576276338
2006,1438,1166.3333415158688
2006,1251,570.5911347818134
2006,1291,879.6117680496457
2006,1278,1201.7971673704674
2006,1295,969.9918352671511
2006,1279,897.0357130898301
2006,1381,735.1348228318194
2006,1301,1251.9467911415768
2006,1391,1049.652405840156
2006,1304,1230.121865615588
2006,1255,704.0183870503843
2006,1307,1127.134314632289
2006,1354,920.653042525453
2006,1155,1280.3080393010232
2006,1149,882.1597053611185
2006,1158,1059.0860222054137
2006,1111,956.0199924449565
2006,1114,868.417642369463
2006,1116,1454.958904867266
2006,1340,966.9280062837876
2006,1310,880.6590366627811
2006,1127,1048.2837553192537
2006,1350,881.2077310936422
2006,1214,904.1249382859841
2006,1330,1182.3834785951244
2006,1208,1005.7673231160653
2006,1329,1297.7266776390288
2006,1318,1165.8639660969195
2006,1135,780.3224804103083
2006,1458,1186.154426543962
2006,1313,760.5458734820302
2006,1463,818.9889347271635
2006,1256,1188.7377694580882
2006,1231,1278.5692155760648
2006,1311,651.8372093451387
2006,1226,909.1604060334957
2006,1243,1178.79063593803
2006,1258,991.2670407991332
2006,1140,1322.259224036095
2006,1266,1366.937886766907
2006,1349,854.401459101407
2006,1268,1238.3982969574156
2006,1269,1045.3387076501351
2006,1216,888.895336131942
2006,1276,1208.5747128474936
2006,1141,548.0833666565561
2006,1443,1218.6276420600466
2006,1122,952.5616313780658
2006,1456,791.3083518136145
2006,1263,738.5207503160186
2006,1457,1203.2807032221815
2006,1237,937.3538503256038
2006,1221,1193.2686480590576
2006,1219,866.3275820001177
2006,1225,587.426048288321
2006,1257,1228.5837637070815
2006,1404,926.4610303018318
2006,1259,958.3187392963539
2006,1406,774.6370266020017
2006,1260,1086.2722708051665
2006,1236,817.9764374453388
2006,1280,1160.3387620514186
2006,1151,1033.0319838046166
2006,1283,1342.6777212646234
2006,1296,1109.588205825275
2006,1199,1310.4869880877743
2006,1239,378.32981946027587
2006,1217,716.5827854746152
2006,1436,868.8044974054798
2006,1218,1128.858121184425
2006,1277,1386.4512926842003
2006,1220,1395.4929530846953
2006,1198,735.3553042844219
2006,1361,1415.0688052465666
2006,1133,1383.2300126335276
2006,1177,1174.462424520937
2006,1153,1255.29437244677
2006,1293,1373.2059187725165
2006,1166,1260.6303012475487
2006,1115,853.8136990156448
2006,1172,1219.1286717163766
2006,1197,738.7730562932379
2006,1156,817.38274705518
2006,1125,1209.9117775173129
2006,1460,864.562821949416
2006,1200,1102.7324253224315
2006,1336,1187.5098091131833
2006,1184,801.4671508633977
2006,1462,1294.88763889485
2006,1183,607.6804424912723
2006,1450,885.6217602854314
2006,1415,633.6459732805783
2006,1413,612.8292688197123
2006,1175,1053.1418210075574
2006,1429,1293.499199465152
2006,1331,1200.2169806456081
2006,1110,943.1787083950356
2006,1464,656.8409962078682
2006,1372,972.7309274643568
2006,1409,997.148728804261
2006,1390,1187.7334167130732
2006,1385,1094.815031716383
2006,1348,1004.7598889401801
2006,1357,760.9980513304054
2006,1265,1126.3758496131018
2006,1345,987.0730046845696
2006,1205,903.152198443386
2006,1332,1238.547842930129
2006,1366,290.5142844957732
2006,1353,1239.7088056698042
2006,1455,1341.5945563985674
2006,1411,529.176075394227
2006,1202,814.5801311635324
2006,1401,1433.246902780956
2006,1374,907.1466396445471
2006,1405,1237.9872082559975
2006,1247,1175.04502988226
2006,1410,393.78047191792194
2006,1323,1339.6441623473017
2006,1320,1339.1518940929038
2006,1152,927.5873177011078
2006,1238,762.945786858386
2006,1179,854.2940083910287
2006,1178,1029.702179830315
2006,1322,1340.867171027778
2006,1142,817.3882870161306
2006,1169,715.6917186032985
2006,1425,1047.2676862521516
2006,1120,1005.6184103176676
2006,1333,1021.2301166725316
2006,1440,506.33298320894136
2006,1433,1178.9946454412482
2006,1369,525.3377620981656
2006,1189,899.520559639471
2006,1157,1176.2440831926572
2006,1284,1089.1989717624908
2006,1292,1095.7749942205933
2006,1117,773.7617819802508
2006,1335,1221.8684558530663
2006,1373,1118.133956972152
2006,1334,1317.827495976535
2006,1344,1126.1057184503481
2006,1451,775.1697122954024
2006,1241,613.4999625886395
2006,1245,1421.8612920374123
2006,1112,1290.6991591650867
2006,1182,636.4561701529144
2006,1273,683.658054277911
2006,1254,832.5349630527388
2006,1229,833.7672849420336
2006,1341,362.4848661710893
2006,1447,816.5958655302925
2006,1408,962.2356378113475
2006,1309,867.4532866133824
2006,1365,1009.98055530693
2006,1317,766.1779582810086
2006,1442,520.7036012917766
2006,1147,420.58160140283155
2006,1387,1122.5293022628205
2006,1395,761.3859022558116
2006,1209,729.4808767076211
2006,1375,1363.9683383209206
2006,1434,889.3136291135141
2006,1113,1018.6148180985539
2006,1168,1007.2607905283986
2006,1186,1112.3496784117517
2006,1233,1291.3222885185082
2006,1224,753.262452255957
2006,1235,1137.4859572880123
2006,1201,1009.821649565221
2006,1287,495.83794804659476
2006,1444,923.3786061253533
2006,1368,1006.944625628911
2006,1222,1238.0937540772068
2006,1388,1194.2967916629345
2006,1103,1202.0904141188457
2006,1427,812.5394938983011
2006,1232,978.3285015954565
2006,1282,823.1810095496774
2006,1270,798.1818001232768
2006,1416,975.8880935463939
2006,1394,1129.9337971551408
2006,1123,791.811768937261
2006,1431,1263.3075068108444
2006,1325,1148.172721388838
2006,1212,708.6125411262398
2006,1316,519.9267643475732
2006,1398,965.206294306175
2006,1105,850.0489336332231
2006,1124,1092.0812324755225
2007,1139,1280.2233897675924
2007,1140,1419.4217562584956
2007,1196,1631.2972681756742
2007,1207,1751.5894622191815
2007,1242,1748.3868406410988
2007,1257,1542.897850679629
2007,1266,1407.9039112615508
2007,1268,1512.7609586741937
2007,1272,1636.0162687894128
2007,1305,1430.9327194659418
2007,1314,1640.8174571649142
2007,1323,1561.7443639643793
2007,1326,1758.2521993371056
2007,1332,1536.4939977269682
2007,1338,1555.7722791860106
2007,1356,1506.2878005041098
2007,1397,1433.063425225677
2007,1400,1527.2115725041358
2007,1401,1589.461456572844
2007,1417,1468.303871660924
2007,1424,1560.0723442673495
2007,1425,1346.2452077526773
2007,1450,1446.4043082102278
2007,1457,1377.997835074944
2007,1458,1576.2760391725596
2007,1214,866.2402580231426
2007,1436,1261.3930932806588
2007,1309,869.8630099897837
2007,1277,1401.1007724304936
2007,1135,929.4170430973339
2007,1464,955.0627895906374
2007,1141,851.5565792446796
2007,1152,603.3486192775938
2007,1382,674.9448729034754
2007,1108,573.0911479810233
2007,1301,1327.231520819544
2007,1459,754.695262946486
2007,1322,1033.0843184895657
2007,1429,1231.9951013993577
2007,1236,795.3275461451399
2007,1328,1210.573349351844
2007,1313,681.979956850058
2007,1329,1191.6722559669356
2007,1194,935.2631476143031
2007,1330,1375.8457057465203
2007,1284,695.2683625462269
2007,1381,760.8155921375821
2007,1428,1037.1427391141829
2007,1376,1110.3458305001252
2007,1354,812.3655724642982
2007,1375,1025.3594912757455
2007,1414,924.5753536789257
2007,1368,687.3428197167303
2007,1142,1191.3590484908977
2007,1364,985.9016288468225
2007,1363,674.157377929905
2007,1361,1326.2095749919793
2007,1293,970.0710696108023
2007,1336,944.377929667732
2007,1287,617.1972501758681
2007,1333,937.9024120584088
2007,1339,788.4543078550438
2007,1250,774.1183568552543
2007,1408,1207.584411746815
2007,1138,804.3300126037275
2007,1145,718.0060547198665
2007,1440,815.4263908153971
2007,1298,717.9662808049317
2007,1259,1027.2735821026613
2007,1119,730.3225995969315
2007,1391,690.550152779055
2007,1116,1419.9460430347706
2007,1369,670.5592989811593
2007,1110,1026.9953525465844
2007,1193,1041.7016852043535
2007,1237,948.217279959944
2007,1105,571.1830042559891
2007,1235,1101.5728320005478
2007,1415,652.9225170620794
2007,1211,1328.9217531377062
2007,1186,872.1159303074223
2007,1210,1431.9421933591254
2007,1189,627.0593146032417
2007,1208,1289.2410691960931
2007,1380,734.0258973184042
2007,1203,1339.5055864127048
2007,1131,903.0300832405497
2007,1201,1260.6269333657383
2007,1445,457.85394523673637
2007,1200,1097.2357003702687
2007,1357,1137.1510059521127
2007,1359,874.4644825761654
2007,1104,1156.8380991450952
2007,1238,1012.6070387762322
2007,1102,1173.7068141786256
2007,1115,836.3817689239906
2007,1431,921.3324091875222
2007,1335,1357.0166770424698
2007,1439,1276.5757662595463
2007,1164,794.2395100285814
2007,1412,1045.5703061402196
2007,1452,1349.0604298797305
2007,1291,820.8165462168872
2007,1454,708.4141232915142
2007,1347,512.7905324111248
2007,1404,574.9143162760478
2007,1219,974.2777511006791
2007,1341,567.1380616130842
2007,1292,921.3283512426261
2007,1393,1443.4296981849634
2007,1383,749.5866651328922
2007,1430,1117.7576096996359
2007,1286,694.1718430588608
2007,1218,1261.9370109847255
2007,1419,801.7709361016649
2007,1183,691.6023725709163
2007,1385,1220.3925855233654
2007,1316,433.5523736936523
2007,1392,729.1420833998545
2007,1159,750.7113864587011
2007,1130,1251.323372016638
2007,1306,725.548148092258
2007,1120,1180.5459655985453
2007,1407,813.0008315229331
2007,1169,739.6214621123963
2007,1340,958.1612905161796
2007,1172,1430.0682829461027
2007,1185,888.2167239988646
2007,1163,1145.203064704709
2007,1346,922.2037162276914
2007,1155,1269.4948559958818
2007,1117,1037.1587453299085
2007,1160,902.8640860583354
2007,1176,495.0952036106689
2007,1153,951.5817063594758
2007,1224,467.1946953196316
2007,1165,1028.3815321310633
2007,1321,999.0362674605518
2007,1260,1225.7002154517866
2007,1343,646.0334306690856
2007,1258,661.4587100300031
2007,1331,1259.5287419788342
2007,1248,589.9155352128616
2007,1447,771.6627512799995
2007,1245,1226.1398801292858
2007,1355,575.1361965424512
2007,1295,1103.7447918042033
2007,1225,538.2626540499468
2007,1281,1179.2822887623145
2007,1299,841.9681634400205
2007,1279,1301.4033602327986
2007,1290,1010.5159439613404
2007,1276,1277.292228627684
2007,1148,1290.7949645696938
2007,1448,1109.135349605829
2007,1241,657.8977152815122
2007,1443,1058.941618554851
2007,1244,966.0192893755556
2007,1403,1219.2280607540604
2007,1358,1082.2821813420562
2007,1267,955.2919760161508
2007,1422,1038.9870373235838
2007,1269,1266.5281853984816
2007,1171,715.8581945428953
2007,1274,1080.2224479933054
2007,1198,681.9004531942835
2007,1280,1354.550766300649
2007,1311,782.6713481984151
2007,1283,1309.6257349268444
2007,1405,1166.3980617877532
2007,1254,603.7295884414053
2007,1127,835.0400687904713
2007,1249,825.089403560317
2007,1411,674.8331570977704
2007,1243,1378.054853544305
2007,1456,916.0096675333984
2007,1319,1025.093297267115
2007,1217,784.1590138470591
2007,1263,657.9540288482976
2007,1461,1087.9689189751714
2007,1129,1091.827500928732
2007,1460,1402.6794280242202
2007,1275,1166.9170928477567
2007,1462,1436.9540863644024
2007,1157,817.7274875122346
2007,1240,690.8493995370352
2007,1107,1190.3657028037858
2007,1137,1219.6630440927656
2007,1123,712.6533880044141
2007,1294,486.16533965012843
2007,1133,1281.9978199390982
2007,1177,1254.3888250351201
2007,1150,936.0855388508676
2007,1220,1201.1179028968031
2007,1395,1036.2862543919528
2007,1147,657.9596234958772
2007,1390,1248.4701198063383
2007,1373,1095.9535156837098
2007,1389,536.4149659830726
2007,1420,733.6217492432747
2007,1372,770.0029113297453
2007,1360,993.2080625086669
2007,1158,1140.0156433784498
2007,1209,857.6878006579336
2007,1173,1130.5834815740886
2007,1122,1074.4432386474562
2007,1187,568.918284062439
2007,1288,721.4896898986996
2007,1202,894.9002123160371
2007,1149,557.5674750616256
2007,1206,1127.13322756138
2007,1156,756.52321128965
2007,1216,840.1383868346171
2007,1312,451.0636239897659
2007,1264,721.5761208958337
2007,1325,949.6554472812911
2007,1265,1182.752224571254
2007,1388,1020.5462224585824
2007,1320,1139.24572872163
2007,1307,931.4077152579005
2007,1170,695.3663859301889
2007,1317,1166.0948805868734
2007,1221,1316.696877232334
2007,1204,874.9878126923498
2007,1413,578.5224246219891
2007,1154,502.0628104721125
2007,1197,1025.632885657281
2007,1410,678.1078427801426
2007,1427,533.9186941734723
2007,1449,1332.9813557140635
2007,1337,757.7175281881919
2007,1374,749.6746081523816
2007,1229,1094.6322723327653
2007,1438,1275.1730879950328
2007,1112,1330.220267641701
2007,1273,651.9008686006771
2007,1444,1081.8294609844284
2007,1324,1046.6392165301975
2007,1453,1067.4806438690073
2007,1181,1322.8016720579935
2007,1162,1014.6036332296966
2007,1199,1316.9567202382887
2007,1270,849.2083737654239
2007,1366,566.1996662887577
2007,1239,942.5083502370909
2007,1345,1453.2493394815913
2007,1182,784.3290928065724
2007,1184,1042.7869212710755
2007,1190,1140.1318082160726
2007,1228,1360.25661944944
2007,1222,1221.132058428912
2007,1348,1173.7689041073388
2007,1226,803.7141264960281
2007,1278,942.4713094883269
2007,1282,896.7083997070639
2007,1113,929.5179371688117
2007,1378,935.8430164596432
2007,1178,872.983666827521
2007,1166,1489.694747946661
2007,1114,765.8938258759928
2007,1103,1392.1636146765497
2007,1352,831.2197564213864
2007,1231,1335.7695925114533
2007,1252,940.0730647367093
2007,1191,1047.3392511715979
2007,1234,1326.5044786929661
2007,1434,974.834137956477
2007,1433,1352.1082853287537
2007,1255,577.2924513413601
2007,1285,946.8780159580003
2007,1423,739.9055237503042
2007,1125,1225.8251372837585
2007,1406,1015.6909583572668
2007,1205,681.6330618992666
2007,1386,1090.0746924748676
2007,1146,711.8372996870473
2007,1351,828.3223275333734
2007,1308,1406.6689333630272
2007,1334,855.0216976870571
2007,1253,1318.640732921944
2007,1124,1139.1703453351538
2007,1161,1167.1533481835531
2007,1402,556.4862178875013
2007,1418,752.8203226229955
2007,1174,619.70619253088
2007,1362,938.0321082816681
2007,1350,764.9552257245314
2007,1175,1096.0011738836902
2007,1344,1179.1798091371847
2007,1192,717.4626294474798
2007,1455,1110.7815910253414
2007,1233,463.6376125078053
2007,1349,968.7644193885568
2007,1232,919.4431002596323
2007,1441,720.355563754021
2007,1421,830.5520199148247
2007,1143,1185.7687616511191
2007,1227,978.949458821109
2007,1318,1073.3294508532201
2007,1426,879.2428726542289
2007,1246,1343.382327097707
2007,1353,904.5727350790839
2007,1435,1321.590607498681
2007,1151,949.5342967191368
2007,1132,736.0425537626603
2007,1310,1273.4078223990948
2007,1379,1141.4854099435113
2007,1251,885.7302013291336
2007,1144,898.7491269072113
2007,1111,1338.7164827706772
2007,1179,1139.981604536696
2007,1261,1201.9029071509337
2007,1437,1464.0888226193726
2007,1442,575.328932043549
2007,1387,1114.0644858581848
2007,1256,953.267476954805
2007,1416,1201.9964077413872
2007,1409,1095.2705784553127
2007,1180,1268.715988269484
2007,1451,1069.3474131145606
2007,1271,394.6357751994764
2007,1247,775.3977392071888
2007,1371,1062.4079277611936
2007,1365,1197.1934070885998
2007,1106,648.3850854679516
2007,1304,1132.2204234931305
2007,1399,1035.100005728074
2007,1463,1054.4231624004517
2007,1398,720.8641563590213
2007,1384,756.8829522068951
2007,1394,1297.969599381659
2007,1296,752.6109919228462
2007,1126,591.4874369115288
2007,1396,931.8596913490945
2007,1212,772.9562328703514
2007,1168,988.1860493088803
2008,1139,1548.7908998243252
2008,1155,1465.1799234952807
2008,1163,1470.4052391704306
2008,1172,1492.9689107248555
2008,1179,1594.447757658072
2008,1181,1566.424207706711
2008,1207,1567.0359757268989
2008,1211,1337.4371644147911
2008,1242,1740.8312664150078
2008,1257,1530.8288279177787
2008,1266,1394.1818684476184
2008,1272,1795.4252442330562
2008,1277,1399.2722560945078
2008,1314,1771.6663517397521
2008,1323,1418.3105320092482
2008,1338,1529.082195633926
2008,1345,1399.4059742969953
2008,1390,1480.5598823565235
2008,1397,1676.0539497084874
2008,1400,1615.4048940752164
2008,1417,1710.9648223319857
2008,1435,1342.7963182697995
2008,1450,1396.674822765688
2008,1458,1641.4457090526832
2008,1462,1509.2001753675322
2008,1404,886.174413489039
2008,1350,1101.4222587348024
2008,1263,491.6667652342
2008,1205,972.2769372987923
2008,1105,817.0036292137858
2008,1246,1343.8036248207966
2008,1146,638.5572035208697
2008,1288,1118.3324893015226
2008,1138,867.6340893691522
2008,1328,1390.673909015709
2008,1362,824.4389765263621
2008,1294,813.5324022546143
2008,1440,792.6001066619497
2008,1298,1058.2788606855263
2008,1255,684.2251160082988
2008,1364,1083.3153059303884
2008,1322,935.1276894073308
2008,1361,1134.3584507758308
2008,1251,919.3170154051791
2008,1353,965.5038589409138
2008,1399,778.7383877566507
2008,1422,1197.7480227807935
2008,1210,1300.2393141064656
2008,1421,1093.4411782684872
2008,1202,684.8685370178459
2008,1340,1234.2588314469467
2008,1414,1118.771902640757
2008,1258,457.94034357723183
2008,1408,986.7990096413058
2008,1120,994.9658394598172
2008,1406,884.9479591627498
2008,1259,1079.2128004666445
2008,1401,1361.5609477681912
2008,1270,803.2852578513789
2008,1396,1454.0137227893017
2008,1217,687.7827113559505
2008,1387,936.0818772920582
2008,1299,675.7209444733905
2008,1383,662.0225093173041
2008,1216,905.8945371393154
2008,1376,1133.4612687026197
2008,1354,730.9835378922021
2008,1368,866.9527427310832
2008,1108,517.5426345970568
2008,1360,1274.3043514540566
2008,1218,767.8845305085349
2008,1199,1307.2099593510518
2008,1311,888.3372023204057
2008,1196,1148.605961293858
2008,1295,1077.2057218499554
2008,1102,1115.844547072731
2008,1171,761.3841767320462
2008,1300,472.78829472829415
2008,1180,700.2764852019799
2008,1335,848.2163002797514
2008,1168,1322.4493199481053
2008,1167,576.26734978012
2008,1166,1254.043392969998
2008,1177,1006.2841063360789
2008,1159,1054.2238175188952
2008,1284,701.3225851257484
2008,1156,1211.0967208832028
2008,1378,950.4812774528023
2008,1150,1272.215846287691
2008,1219,1034.9177638849624
2008,1147,607.5135683082307
2008,1252,1002.6696163806588
2008,1123,759.6781210848886
2008,1135,1149.1232420554732
2008,1185,953.5531713437972
2008,1131,962.9721758637712
2008,1382,795.3359136205326
2008,1329,1307.6907030190307
2008,1341,536.6028980892618
2008,1176,743.5190705854097
2008,1348,1115.0995075843346
2008,1194,1041.5935119097721
2008,1223,602.1290841235846
2008,1320,1138.5273663199303
2008,1296,608.2196282834258
2008,1325,1097.3039120683181
2008,1308,1286.8179679009668
2008,1307,1377.8551441795935
2008,1160,1084.2155736529603
2008,1453,932.3885937704928
2008,1324,1006.5034921761869
2008,1186,767.1651476262151
2008,1448,1156.2957553760718
2008,1193,936.9783918869632
2008,1447,1131.2958818406885
2008,1248,805.0276456238431
2008,1443,1417.1873338340238
2008,1244,753.9191337404022
2008,1441,752.8298287924065
2008,1132,739.0436361571836
2008,1439,1430.9499513212622
2008,1189,1005.4929945657507
2008,1437,1363.860832395106
2008,1392,611.9061952234503
2008,1433,1309.1688131380793
2008,1271,400.60758717248365
2008,1431,1106.4998355279026
2008,1115,644.8777561185047
2008,1429,1248.7915548825238
2008,1381,974.9981062839123
2008,1428,1069.756442715432
2008,1367,711.336906049509
2008,1424,1451.173115064911
2008,1286,678.4417825311451
2008,1182,1119.462758264362
2008,1224,485.10635870820266
2008,1285,897.1778506969273
2008,1161,661.415212669567
2008,1276,1042.3280183627935
2008,1347,711.8356391900464
2008,1269,1326.9772650270372
2008,1142,715.7655264403778
2008,1243,1309.9157718381168
2008,1170,436.7040084472896
2008,1419,696.1509722257755
2008,1241,858.1575702081581
2008,1373,1388.9034707459425
2008,1235,947.1937078011333
2008,1445,579.9503124609209
2008,1234,955.8828184647156
2008,1226,786.0246330742274
2008,1222,1278.6531527101515
2008,1287,780.8069504152287
2008,1208,1281.368294398996
2008,1240,593.5576615347723
2008,1206,1224.4653006656079
2008,1436,1053.7605516276328
2008,1129,1297.4352279450022
2008,1430,900.9094360997256
2008,1125,1275.761844899822
2008,1153,1038.717458073414
2008,1116,1303.7206299552226
2008,1459,836.8736532562784
2008,1104,1185.833155431717
2008,1407,828.3944262547682
2008,1201,928.4000159031724
2008,1339,674.4643254075743
2008,1200,983.3217220945854
2008,1162,806.0443469333063
2008,1169,1024.0820287202548
2008,1152,802.2652147007246
2008,1178,696.8309261823835
2008,1245,1452.517768898004
2008,1173,1323.456106194069
2008,1190,997.1589872275566
2008,1140,1386.5101477241456
2008,1253,619.7258698720248
2008,1137,695.3250143870526
2008,1107,999.1070929708853
2008,1130,1049.878468994265
2008,1306,717.9042459735484
2008,1110,1206.027837836213
2008,1384,558.2787981238791
2008,1165,1284.8261198014318
2008,1250,858.8660128972718
2008,1411,485.85899804926913
2008,1394,786.6767444171699
2008,1451,992.3501371530623
2008,1420,1260.8250927883257
2008,1389,617.355198174061
2008,1423,1097.5587977450741
2008,1158,996.9444282008519
2008,1122,1189.5595149026233
2008,1369,514.2429866048969
2008,1463,840.1510786709692
2008,1357,1117.4179955884624
2008,1412,1349.0457800891322
2008,1209,738.7171425864454
2008,1221,898.2951164522543
2008,1220,876.0524654845705
2008,1273,567.2654597925517
2008,1425,1443.0148942044132
2008,1278,1168.6307745242195
2008,1119,853.937648732987
2008,1279,1208.7562951979965
2008,1290,951.6927672935452
2008,1280,1411.4246230494336
2008,1256,752.14171855046
2008,1264,764.5330044549322
2008,1312,279.43217995005693
2008,1237,1190.9084459224189
2008,1332,1337.9853090691774
2008,1337,729.9315592163875
2008,1334,1054.9553522374597
2008,1444,1180.9282209982239
2008,1352,1274.685326736354
2008,1233,778.0384291129669
2008,1380,693.2711683561945
2008,1374,742.3450104055057
2008,1388,1185.0971502507282
2008,1403,1149.8692273116671
2008,1415,801.0009928080392
2008,1405,867.0537247663253
2008,1283,1171.131264345958
2008,1293,958.9029404601947
2008,1351,1154.212522707177
2008,1304,1331.585107578458
2008,1342,582.5285206399841
2008,1313,760.2000377440307
2008,1456,929.3781119322572
2008,1203,991.2413431913517
2008,1291,1234.6147905763048
2008,1227,1102.437004001848
2008,1133,1169.4745393577973
2008,1371,1034.0704392394207
2008,1265,1046.1212907852075
2008,1174,836.0231859368482
2008,1106,960.3017926857215
2008,1330,1054.195508046258
2008,1268,1164.524158255629
2008,1316,487.93798015726475
2008,1214,935.5734546453413
2008,1409,1403.7851210322576
2008,1398,925.784699384497
2008,1124,1250.9593073419212
2008,1238,783.3643586777026
2008,1282,827.1836988014679
2008,1239,956.3687969548573
2008,1366,757.1548841280519
2008,1228,1304.6748000374748
2008,1318,999.6478825790376
2008,1343,540.5277655411631
2008,1148,967.0829950180585
2008,1236,869.8690673432777
2008,1416,1093.5249316739728
2008,1305,1208.1194752864008
2008,1438,1189.6089377106182
2008,1359,710.9435275804503
2008,1191,770.1485297683038
2008,1346,856.5039611340658
2008,1175,869.3970065784109
2008,1386,1329.5976650634066
2008,1192,663.1148582181535
2008,1393,1274.8148604316723
2008,1427,828.312756034362
2008,1149,594.7434894465767
2008,1195,644.1681140231356
2008,1126,554.7823151023069
2008,1204,970.8453331517889
2008,1231,1413.732603287051
2008,1151,886.6791777432207
2008,1261,1148.568523897716
2008,1281,1126.196080042358
2008,1141,871.1444309390932
2008,1254,907.8438983736347
2008,1326,1228.9777090124296
2008,1336,1119.6035389021038
2008,1426,1081.5930153391969
2008,1127,880.1241136971919
2008,1114,1055.1312056637028
2008,1154,472.3348049307574
2008,1464,670.2094869930727
2008,1111,1020.6684658049323
2008,1395,881.5262470186751
2008,1349,576.7145163754379
2008,1455,881.8960169200343
2008,1449,1151.7923344296873
2008,1461,934.8748032963608
2008,1225,801.6187229442099
2008,1260,836.006156238245
2008,1183,719.8332654518058
2008,1275,1190.3378616842303
2008,1375,1310.0608601877584
2008,1442,704.9778100581966
2008,1187,875.2088356850942
2008,1372,1221.032727667768
2008,1112,1217.868401801733
2008,1319,1099.4769327397337
2008,1145,687.623363190398
2008,1157,712.9340869013499
2008,1144,605.7655258108233
2008,1247,1056.3489996044018
2008,1391,914.2661562158854
2008,1331,1246.0691790685057
2008,1232,1009.6733765023167
2008,1229,1404.0806345749465
2008,1454,941.9762478106328
2008,1212,581.3337751989305
2008,1143,1137.3210045999465
2008,1379,1241.524900908759
2008,1358,1047.7840585778793
2008,1385,1017.3250446479683
2008,1117,694.9985346553639
2008,1317,1069.8975837383152
2008,1309,945.5884080394652
2008,1413,542.3350057661731
2008,1274,1251.5004026187587
2008,1344,1128.884198713747
2008,1301,935.7144559259752
2008,1197,848.7078184827556
2008,1434,1137.8435339067048
2008,1363,774.5161485231141
2008,1292,1157.8996444313198
2008,1321,871.6923120184169
2008,1333,782.8015092835257
2008,1103,1212.0294377148007
2008,1402,840.0940215087801
2008,1249,1059.6181288226232
2008,1457,1226.65377031822
2008,1418,955.8087803528923
2008,1410,915.5369103043721
2008,1310,1022.8749087601255
2008,1355,567.8264206861053
2008,1365,895.1345127428968
2008,1356,1297.5882651350735
2008,1184,782.2084396685403
2008,1164,953.9547072886623
2008,1452,1439.0936818658413
2008,1113,1266.0848903020733
2008,1460,1086.9306093904838
2008,1267,1086.925605966798
2008,1198,820.014181977516
2009,1113,1524.5043737255676
2009,1139,1398.6711556728433
2009,1155,1332.9729242623785
2009,1163,1554.97366690214
2009,1181,1617.987119983202
2009,1199,1457.3346860139693
2009,1211,1513.317599657886
2009,1242,1570.6624454930002
2009,1257,1728.4824550253372
2009,1261,1387.3755817943245
2009,1266,1386.789759131027
2009,1272,1735.0767326294551
2009,1277,1584.9831559900285
2009,1281,1576.2358957473723
2009,1314,1681.8189494126823
2009,1328,1504.2861757371686
2009,1338,1658.6563304743945
2009,1345,1557.656927692432
2009,1393,1581.4795697479171
2009,1417,1494.130534936474
2009,1428,1451.2343308506565
2009,1437,1519.099177546234
2009,1448,1468.8887567040153
2009,1449,1492.373890460171
2009,1462,1365.3753173076182
2009,1342,817.7945145400001
2009,1204,496.22644051100156
2009,1222,1267.475794865921
2009,1318,1050.4200265484628
2009,1237,852.7151148562837
2009,1356,977.6457535014445
2009,1269,1026.9019669193783
2009,1276,1313.1123815924805
2009,1275,943.0469789073255
2009,1451,1185.5029538963054
2009,1341,813.9873607044465
2009,1182,1298.3555248278349
2009,1219,778.0048050222572
2009,1196,1322.4471071313837
2009,1405,580.4199067716871
2009,1194,516.2328954370184
2009,1284,670.4872478785875
2009,1441,906.128860390266
2009,1162,847.6827576892764
2009,1200,600.2244309791874
2009,1454,993.4940015647423
2009,1258,587.2360603597225
2009,1461,1189.006996700856
2009,1167,706.1949440886772
2009,1332,935.8636421968872
2009,1294,897.4558633069964
2009,1402,889.2855364199216
2009,1168,904.2178184042921
2009,1395,947.4116378157188
2009,1444,682.4145712495315
2009,1392,1023.2651855294185
2009,1271,376.639443851158
2009,1198,809.1422091642155
2009,1184,895.3384890896605
2009,1165,1150.1320363633429
2009,1377,831.3153001486829
2009,1336,1170.4022019580077
2009,1456,800.2932953966497
2009,1192,465.1984421848516
2009,1178,547.0411454514644
2009,1346,923.3884386748518
2009,1216,594.2339854272853
2009,1348,1318.23541117613
2009,1135,778.8036344571806
2009,1353,922.8014058850525
2009,1265,742.7599713898046
2009,1362,644.2201812712451
2009,1218,873.7524483231456
2009,1236,920.666277779283
2009,1223,598.7254709080006
2009,1263,575.127028460249
2009,1296,601.1433264054265
2009,1248,611.0083792720463
2009,1447,870.3976529665671
2009,1244,467.0475363016584
2009,1442,664.8319822189784
2009,1243,1279.016066677362
2009,1197,631.3880666999215
2009,1235,1025.6599531347367
2009,1413,828.0380111814666
2009,1234,1112.2391008708216
2009,1149,609.6452186637742
2009,1233,732.2850097046207
2009,1214,773.4207442148678
2009,1228,1406.33768718889
2009,1186,722.9284241757648
2009,1224,536.3129148440674
2009,1333,1061.7106578982916
2009,1110,1335.710885745731
2009,1315,772.0243837667746
2009,1282,550.7003906138796
2009,1307,1433.0253675357378
2009,1369,420.0114771872274
2009,1291,1130.5618015065595
2009,1259,797.9138406602821
2009,1279,1099.3391285826037
2009,1117,634.3354990544694
2009,1268,1376.5239464978058
2009,1137,672.5564086567823
2009,1210,1125.8504328232436
2009,1445,486.9653726118122
2009,1208,911.472074012527
2009,1367,806.3532711792143
2009,1443,1310.0197474139818
2009,1221,1055.4763021783924
2009,1357,1066.6123563712947
2009,1203,937.4767605507914
2009,1131,1004.66278113387
2009,1201,829.2531509399074
2009,1170,405.2738132049691
2009,1329,1398.6948890888657
2009,1427,960.659484116522
2009,1363,922.7072989745662
2009,1355,734.9714734889901
2009,1371,1174.943440752539
2009,1383,750.0083486377124
2009,1375,1123.8716682474483
2009,1108,372.46805858925677
2009,1376,1211.4530554926075
2009,1240,612.2920003953741
2009,1378,891.5911286184851
2009,1374,900.2351923155587
2009,1382,1000.3904661749609
2009,1352,1270.2004749450039
2009,1385,1116.9249561797888
2009,1254,922.62415971384
2009,1386,1101.0433661172149
2009,1351,1126.1917293873034
2009,1390,1203.8542363045162
2009,1463,968.8040550544762
2009,1161,858.9643803910285
2009,1285,1002.5834505119655
2009,1300,572.4355497236375
2009,1440,1078.740727678983
2009,1246,1204.1649528401406
2009,1439,1303.05410593702
2009,1205,793.516922311022
2009,1107,778.9675068728216
2009,1431,1267.4844861496852
2009,1411,638.1125760430795
2009,1430,963.4185746779729
2009,1319,735.1126850379271
2009,1423,621.5500416692317
2009,1111,806.5612422996721
2009,1419,737.6701241626984
2009,1287,1134.348633818515
2009,1406,850.0586134038132
2009,1298,916.9870044212374
2009,1290,566.5529970113821
2009,1114,1127.2537299925016
2009,1142,707.8086299284295
2009,1116,980.140927953254
2009,1368,857.703014439233
2009,1403,1135.0243304545886
2009,1384,574.9587592757471
2009,1396,1406.6407579003674
2009,1190,1226.534101529103
2009,1400,1289.3381091259105
2009,1391,736.4457510637786
2009,1125,988.159254406794
2009,1359,878.4072085368757
2009,1120,1474.332932172182
2009,1283,807.2658193424446
2009,1130,1308.9013044041542
2009,1148,709.0826543728771
2009,1150,923.7753847793549
2009,1422,629.7861377314448
2009,1141,845.5971252264724
2009,1343,896.3092423205312
2009,1140,1520.7733090706154
2009,1253,903.5715997971917
2009,1133,1124.101149875842
2009,1227,1096.040288875635
2009,1132,1042.5652947519466
2009,1209,958.2162459349048
2009,1160,788.5424662263669
2009,1115,735.8987585113781
2009,1158,1148.8111602885283
2009,1188,488.53133043879876
2009,1220,1044.119016151458
2009,1397,1454.4169307558539
2009,1151,1091.025947308002
2009,1344,1212.206508722413
2009,1340,1144.1165909304832
2009,1349,870.2786063416899
2009,1339,1061.233384628899
2009,1452,1548.3202813270468
2009,1189,727.788338854573
2009,1450,1245.7992050486275
2009,1308,1104.797741119428
2009,1415,812.4736861302986
2009,1305,1311.17159507138
2009,1286,769.6864679619756
2009,1335,799.2358748926548
2009,1408,1112.0914057075863
2009,1270,679.6094631081298
2009,1424,1172.6770849213442
2009,1360,946.6461037421566
2009,1412,1271.4084745186424
2009,1407,1225.5228695010471
2009,1409,1380.5150072735087
2009,1331,1029.8254941243458
2009,1425,1466.2777808599524
2009,1414,990.2032646259535
2009,1278,1331.836084275832
2009,1229,1363.7495048811027
2009,1460,1196.424250768035
2009,1231,845.3250266927392
2009,1322,539.807632387495
2009,1156,1332.6697213033847
2009,1324,1176.3372382161942
2009,1143,1261.6302983317717
2009,1334,1120.1081612519984
2009,1206,1192.7653216207514
2009,1436,1319.448788893051
2009,1239,1077.794953699198
2009,1191,1123.056981793001
2009,1122,1055.4851338220901
2009,1250,705.0335835117272
2009,1389,935.7923893218365
2009,1256,1113.7804255777853
2009,1418,784.624251821535
2009,1238,943.7052681356743
2009,1247,1176.315473925726
2009,1288,1136.965487678345
2009,1320,1416.0206147200943
2009,1176,993.2082540107016
2009,1264,962.2182110308379
2009,1312,316.26589216796424
2009,1193,933.9276379874823
2009,1301,1175.927001837105
2009,1309,662.6681108338905
2009,1280,1489.0032881587447
2009,1147,709.5196340861485
2009,1103,1223.9090527459446
2009,1145,937.9431763112968
2009,1179,980.0486285704114
2009,1119,875.8403439434677
2009,1171,759.7188737663081
2009,1123,861.0122789253519
2009,1183,658.7578906036762
2009,1138,1069.6693689486613
2009,1464,894.220400795432
2009,1225,1060.690360249404
2009,1398,892.1767437143977
2009,1273,852.3202974342875
2009,1104,1246.8330572387213
2009,1394,1071.000138070408
2009,1433,1401.3538530003902
2009,1154,1111.7643133122242
2009,1435,1319.2311889314963
2009,1457,796.4173003725992
2009,1174,927.8340564314792
2009,1416,881.8254348551397
2009,1299,771.8184028859197
2009,1292,921.5332882710369
2009,1366,783.144823569562
2009,1316,721.0166198107742
2009,1401,1425.4821632287697
2009,1455,1150.7207489040914
2009,1438,1124.9861889399194
2009,1330,1218.702433787448
2009,1458,1333.935493260246
2009,1313,932.6944021155891
2009,1255,691.3057394221507
2009,1310,1361.2949541527034
2009,1304,1153.2597175766118
2009,1173,1297.5349524330002
2009,1459,983.729328397071
2009,1102,802.1899869022864
2009,1337,745.9635050414917
2009,1153,1027.5993878417535
2009,1166,1366.7865394238186
2009,1323,1292.9626520688012
2009,1325,809.6697949391887
2009,1321,1167.9090925243413
2009,1146,584.4603247534179
2009,1207,1117.5190840462064
2009,1172,1170.6208050282896
2009,1241,991.922246444653
2009,1177,819.1020151482289
2009,1112,1346.4225823293768
2009,1245,1115.1040139028485
2009,1175,595.1827565996566
2009,1260,769.7629533455353
2009,1152,984.4721995493579
2009,1202,605.1813912031139
2009,1159,710.6071634003663
2009,1317,1115.748978108436
2009,1429,1335.0078900259318
2009,1364,1038.5383619988331
2009,1365,1094.0434518511531
2009,1358,1074.1286011457516
2009,1388,1281.2577275490212
2009,1373,1455.1449856695142
2009,1129,997.4844192763087
2009,1185,714.454104618328
2009,1420,918.582902809974
2009,1226,997.1896776827156
2009,1399,703.2474085991938
2009,1252,1199.4647299014516
2009,1212,281.8536730367815
2009,1404,1144.0871551532207
2009,1410,644.865192560144
2009,1421,911.2037237283521
2009,1251,993.5038184299101
2009,1372,1191.9721395008678
2009,1453,1206.9291785412795
2009,1195,629.9593486548706
2009,1350,1185.4130490759783
2009,1126,766.7057938457963
2009,1169,1182.6379227103087
2009,1379,978.4228360265113
2009,1106,1071.5852817164212
2009,1157,613.1353885989498
2009,1232,1068.8833537809146
2009,1249,788.0149497483434
2009,1434,934.4805674355152
2009,1124,1260.9672028129723
2009,1361,1371.0423393367557
2009,1180,1007.3785617603235
2009,1387,1101.030192569979
2009,1311,1075.229950648972
2009,1187,791.3744698081758
2009,1144,971.3789902938456
2009,1127,1239.4650775323516
2009,1217,920.2890089002191
2009,1306,1024.3254392956549
2009,1293,1119.909132544819
2009,1136,684.4462002674304
2009,1326,1468.6678377579283
2009,1381,790.4865139744526
2009,1347,1279.7603276508469
2009,1267,1012.658704994669
2009,1274,1238.1315745044003
2009,1295,1300.152070476891
2009,1426,947.1330128478178
2009,1380,619.7160448560653
2009,1164,813.4216334505406
2009,1354,938.7751641169446
2009,1370,993.5356650865641
2009,1105,454.24784509508106
2010,1124,1517.3265187707652
2010,1139,1600.847796089526
2010,1140,1459.022918728898
2010,1181,1687.110444716545
2010,1207,1601.8836894786725
2010,1211,1395.5011374556354
2010,1242,1802.3149113864893
2010,1243,1572.1343164822174
2010,1246,1696.4482136893064
2010,1268,1593.4009194973348
2010,1277,1433.2268897984363
2010,1307,1522.2803842823914
2010,1326,1663.402618596294
2010,1338,1478.7192008102188
2010,1345,1440.7797466713955
2010,1350,1460.226208383449
2010,1393,1558.9900426281108
2010,1396,1596.252569181794
2010,1397,1441.4962880639587
2010,1401,1541.1811958534663
2010,1435,1389.3774426430282
2010,1437,1406.8103772141947
2010,1452,1637.2565445175403
2010,1458,1410.6284808924552
2010,1462,1462.4953451808485
2010,1143,1491.151488167359
2010,1293,1373.3979321640938
2010,1314,1174.3602654593128
2010,1198,623.6611693186554
2010,1108,258.08153989122945
2010,1107,544.0053335311858
2010,1178,1061.609944096671
2010,1300,517.7196711029228
2010,1352,1218.4346683601875
2010,1301,1300.0109752700967
2010,1209,928.555212395198
2010,1241,892.5888888318468
2010,1111,1230.853533119084
2010,1423,711.9911147932237
2010,1113,1291.2837724421584
2010,1442,761.360630261111
2010,1336,1111.7213917277122
2010,1335,733.7462958856939
2010,1334,1044.4253281864667
2010,1337,585.2403357250267
2010,1332,1128.3819851876278
2010,1445,596.7111384902737
2010,1321,1076.5982398532806
2010,1296,726.5027928324636
2010,1429,1521.1833529691635
2010,1451,1178.6548297697748
2010,1386,936.9069258205627
2010,1180,891.4556209131975
2010,1388,1456.72355414142
2010,1308,1302.683631851033
2010,1392,1106.144355505851
2010,1271,658.876744535626
2010,1394,977.900580054346
2010,1333,1162.2849407350366
2010,1122,887.3516103741745
2010,1403,1140.9102611387993
2010,1377,1010.141881053133
2010,1406,909.1079182204924
2010,1275,1135.908873701781
2010,1412,1183.438936273846
2010,1453,1010.9386837307285
2010,1320,1589.8684080750834
2010,1176,1039.6328738055145
2010,1360,856.441940413131
2010,1390,1174.1917670965427
2010,1355,894.9983475911374
2010,1461,794.3830709149469
2010,1357,713.4273456044085
2010,1463,822.6164804336589
2010,1250,1245.224554311689
2010,1349,645.6943803744284
2010,1170,629.9883180798241
2010,1347,966.436756700974
2010,1298,678.0560998361639
2010,1351,1063.7006306299456
2010,1280,1403.27966155081
2010,1284,622.0541677524827
2010,1294,1162.412972797296
2010,1270,721.4248720775768
2010,1285,1261.7734212526323
2010,1315,418.3863469707012
2010,1288,1167.2901613756549
2010,1278,1437.1702034148232
2010,1399,843.9765393183721
2010,1279,1295.30408109499
2010,1114,686.0664768811788
2010,1195,618.4521247159415
2010,1346,1108.1355572236537
2010,1216,657.1647562541698
2010,1169,732.4747503663392
2010,1344,1045.9460659669103
2010,1136,385.95730018002314
2010,1459,1363.8407362519372
2010,1313,881.9284639391522
2010,1273,977.1109681720669
2010,1137,921.5115946635517
2010,1272,1391.8615408677997
2010,1238,978.3187514142588
2010,1385,1304.722593584739
2010,1254,800.9977220514851
2010,1149,731.680101996462
2010,1416,1012.8967468646188
2010,1269,905.5341056143974
2010,1123,867.1868059755881
2010,1434,931.8846682314208
2010,1266,1472.719546823897
2010,1147,509.26356373967445
2010,1192,697.6878920669465
2010,1433,1347.4109539746821
2010,1126,664.9570242754735
2010,1431,1458.0263607593006
2010,1411,843.3436487073217
2010,1430,534.6072078277375
2010,1295,870.0576023065121
2010,1384,724.0988444262155
2010,1110,887.9328404576562
2010,1382,1141.8020008760393
2010,1156,1012.1693446411093
2010,1378,1276.769840630495
2010,1374,998.2139079515898
2010,1376,1079.418433655314
2010,1105,604.0894079347415
2010,1375,809.785219782116
2010,1223,750.2045346779299
2010,1373,1429.7033591860304
2010,1398,810.4561097001073
2010,1371,1300.0028256817761
2010,1389,948.9865331871725
2010,1365,814.9689484776297
2010,1167,660.5347251547711
2010,1362,971.8219081492435
2010,1142,740.6521146738653
2010,1135,719.6315305717633
2010,1383,605.0182711331148
2010,1155,1402.2419947579517
2010,1342,498.2553775536987
2010,1133,1211.572470140231
2010,1150,994.9405467486819
2010,1421,941.0142119146803
2010,1129,1148.3181332869553
2010,1258,1119.7948393816434
2010,1130,1121.8366836174505
2010,1171,476.73034163175345
2010,1125,1067.5064477971464
2010,1340,866.9235772216197
2010,1408,761.5176174072826
2010,1206,1035.2926428235703
2010,1251,799.3231502066665
2010,1193,1223.2346949338425
2010,1148,835.1530409986761
2010,1182,966.6028841229777
2010,1311,810.9991518785815
2010,1422,789.5080974703432
2010,1163,1158.9977509272694
2010,1456,1103.3437447049087
2010,1161,1080.1661736290919
2010,1413,904.8393848268454
2010,1160,1164.2141338782728
2010,1115,1046.2422291682494
2010,1157,1178.1960643019884
2010,1158,1063.0716303530783
2010,1225,1042.373213288614
2010,1428,1042.5999522552718
2010,1208,1208.5044524006303
2010,1309,539.6599916580423
2010,1217,1138.0191909563628
2010,1221,842.8431325609178
2010,1218,754.334091854723
2010,1381,596.4602819741799
2010,1231,882.0862520753014
2010,1224,448.95929978045933
2010,1228,1293.5609437932192
2010,1188,417.17125657778115
2010,1233,1133.9827121483381
2010,1131,1134.6949852552973
2010,1263,885.6378730984859
2010,1200,523.4291906744207
2010,1261,930.0530553982234
2010,1419,661.9723337824365
2010,1259,825.5554813920669
2010,1436,1282.9968446069295
2010,1248,932.6097789738463
2010,1447,527.3872065807324
2010,1287,1221.073064191882
2010,1245,1277.4968212782985
2010,1359,687.6183584836891
2010,1260,752.9095734902219
2010,1220,1266.9334494550428
2010,1235,1106.5888026834168
2010,1226,534.5407736182535
2010,1448,1197.8942408730475
2010,1331,1098.1392716989
2010,1440,622.6464200889666
2010,1119,762.058385794778
2010,1438,1087.4161335064173
2010,1255,693.1640038050027
2010,1116,1048.8287381974778
2010,1120,1125.9752240557407
2010,1310,1075.1698156317145
2010,1464,620.6647191495227
2010,1450,986.2488607258879
2010,1290,682.6233856914816
2010,1449,1544.9435781078791
2010,1460,1194.7729038414045
2010,1172,919.1073920657298
2010,1165,1352.7460575153518
2010,1104,1260.2079574996576
2010,1210,1398.4745394725358
2010,1197,560.1915234377567
2010,1190,1097.4056177440116
2010,1189,772.6376518447051
2010,1252,1075.4140879659917
2010,1185,1013.2197221908273
2010,1324,1309.6803207467635
2010,1183,1120.86315901351
2010,1405,490.7088707941315
2010,1387,1229.7287491345337
2010,1369,578.5068662927906
2010,1356,983.0224314891346
2010,1404,504.55614928070975
2010,1323,1590.1162590821039
2010,1316,732.9624340605932
2010,1329,1335.1107269552583
2010,1370,1080.2386116461068
2010,1339,1210.0007399258047
2010,1186,683.2100862051564
2010,1174,692.61882705782
2010,1328,965.8981923562377
2010,1291,1051.1065159450995
2010,1415,776.967550786577
2010,1379,1156.1435641349585
2010,1418,828.7976292263779
2010,1343,1168.2262738385962
2010,1141,948.1091441874091
2010,1353,1039.5630654234603
2010,1265,432.8879249001468
2010,1264,893.6834958885456
2010,1312,534.5778376228748
2010,1305,1304.4816840066753
2010,1286,915.6335695090257
2010,1304,1110.2625719131072
2010,1367,671.1412979359008
2010,1256,1113.0090504718787
2010,1410,519.8552826665501
2010,1274,1272.1418759349226
2010,1237,1187.161524675331
2010,1179,1017.5568177189334
2010,1247,806.7741676923278
2010,1214,958.0369634537755
2010,1173,1299.6234970344408
2010,1166,1137.5796811486885
2010,1152,529.1730180049533
2010,1112,1177.8504953090512
2010,1319,888.5873029485759
2010,1229,1323.0891777271956
2010,1196,1310.9241091407398
2010,1391,596.8860771701025
2010,1444,1011.3881686787602
2010,1203,1027.793797847058
2010,1330,1419.057983434537
2010,1325,1384.3958772204328
2010,1292,1035.6517102230298
2010,1420,582.8213843610881
2010,1236,965.5549257521212
2010,1455,1354.5678210043568
2010,1427,874.829127759542
2010,1234,956.84972593941
2010,1138,1017.821428337194
2010,1400,1302.1222733887948
2010,1414,727.021124052043
2010,1409,1229.649078263478
2010,1439,1357.3864205411764
2010,1187,793.9309107125433
2010,1103,1235.8324357329907
2010,1267,1207.9074998912486
2010,1299,638.8911006638954
2010,1361,1478.2264918598446
2010,1395,1023.2678201911837
2010,1146,573.9785855084297
2010,1159,753.7203099182807
2010,1168,853.9196562381867
2010,1417,1132.3653585166348
2010,1199,1336.4613244545646
2010,1239,1108.5145862496122
2010,1249,633.4403637636174
2010,1232,1133.15073869243
2010,1372,1086.2711966875288
2010,1106,851.9106397879341
2010,1283,1167.8481518019025
2010,1366,597.5906031887425
2010,1368,938.2124373349081
2010,1194,876.0921770219736
2010,1204,687.7739073599284
2010,1164,556.5786664994939
2010,1380,366.99948007079536
2010,1402,972.0164420798898
2010,1153,1166.1420939203163
2010,1341,725.5332739504997
2010,1443,1145.1358091531627
2010,1454,1149.0106334967682
2010,1132,916.1938165673961
2010,1425,1111.4179024001096
2010,1240,609.5726935986974
2010,1318,1289.2384271119818
2010,1364,1178.8051261033072
2010,1127,812.3089638541267
2010,1281,1342.520824146619
2010,1257,1372.0155467826667
2010,1253,1025.4196064821315
2010,1145,867.800108419517
2010,1201,965.6487665978958
2010,1202,854.8769690622817
2010,1222,1270.5227733384938
2010,1457,1107.6388103842546
2010,1177,795.5107262023147
2010,1162,706.2576619381107
2010,1144,985.1462157599985
2010,1212,468.8260753965445
2010,1154,926.9292439166493
2010,1151,777.4692037260576
2010,1227,783.0876589642883
2010,1117,959.0532997847373
2010,1219,744.5624386796165
2010,1317,1245.9991094101733
2010,1426,837.3375805496752
2010,1175,885.3560514011414
2010,1424,1426.363319421062
2010,1191,777.1254438895976
2010,1348,1274.9785511938549
2010,1441,996.129608985292
2010,1358,1293.726671633247
2010,1322,655.720679036874
2010,1184,990.393446864986
2010,1306,874.709322251862
2010,1363,905.7023149186681
2010,1276,1233.0050757343704
2010,1407,1138.6791410989197
2010,1102,856.1435333649666
2010,1282,756.4576495867766
2010,1244,715.5733233524046
2010,1205,625.3044829790995
2010,1354,841.0848092131721
2011,1112,1408.2530090638468
2011,1140,1500.9809432179177
2011,1163,1531.2805152956214
2011,1181,1661.438055074347
2011,1196,1547.4772545840826
2011,1242,1723.0984486187003
2011,1243,1500.6148663488957
2011,1246,1675.9503638103326
2011,1257,1545.00450633861
2011,1314,1585.528408673089
2011,1323,1600.7105005237122
2011,1326,1729.5170949732735
2011,1338,1624.2412408426853
2011,1345,1524.265937905382
2011,1361,1634.5734030675321
2011,1385,1414.237790866283
2011,1393,1490.8416132127386
2011,1400,1577.2724870360803
2011,1401,1389.7164527497248
2011,1429,1491.1275472586549
2011,1435,1386.2169251851528
2011,1449,1473.8001189243594
2011,1452,1433.3871021949296
2011,1458,1420.8339487218955
2011,1462,1474.2855653744055
2011,1228,1293.213986477121
2011,1414,822.3046696328569
2011,1268,1179.5711372346002
2011,1370,688.5117118607284
2011,1348,1084.7888075154506
2011,1298,844.7924746736969
2011,1405,423.4849034273364
2011,1158,1152.7333910157354
2011,1256,742.8395817446575
2011,1227,701.521274376919
2011,1464,669.1605761073365
2011,1359,576.439633081102
2011,1204,496.11936295310034
2011,1299,744.0496682466418
2011,1328,1114.0310786376886
2011,1164,915.5163137104099
2011,1332,1151.21582717199
2011,1295,899.6657323226298
2011,1334,790.2518385919275
2011,1431,1514.1170978088023
2011,1324,1364.1200346400196
2011,1447,785.8312092364107
2011,1248,966.3474420865333
2011,1365,1065.7126045820512
2011,1167,539.3779654645793
2011,1340,781.6836617583509
2011,1337,889.150509575356
2011,1350,1474.2948732416073
2011,1154,648.1790360806242
2011,1343,1245.485444525102
2011,1353,1118.9770847921188
2011,1362,1147.9871148288817
2011,1363,1067.2038297737558
2011,1186,814.8398859600716
2011,1364,1142.246809636991
2011,1176,778.974710575698
2011,1355,965.9291950981002
2011,1183,599.0373157625745
2011,1320,1090.7949145878713
2011,1376,979.317872036992
2011,1189,829.1428167593635
2011,1391,599.3757068344516
2011,1448,778.5066009327566
2011,1379,1226.1514444847596
2011,1378,999.3940779835666
2011,1396,1392.4104685954014
2011,1371,1270.2208957447353
2011,1395,838.2416497095105
2011,1238,801.6494085874808
2011,1336,1366.3951921418343
2011,1250,962.0881115764101
2011,1444,1088.5136543397355
2011,1339,1034.5137935210628
2011,1454,1236.8333533051898
2011,1194,998.3758143691471
2011,1413,702.1810941658308
2011,1199,1284.4285741802169
2011,1316,994.300042498649
2011,1423,811.0810043006561
2011,1304,1310.8209802036677
2011,1377,871.9772163042998
2011,1308,1080.3860024066826
2011,1418,1061.0429642324518
2011,1252,873.3381426005375
2011,1205,757.0589213053802
2011,1150,794.3548323942523
2011,1321,1192.6219882552173
2011,1296,661.0573227249444
2011,1397,1294.210376237208
2011,1151,801.1275401239575
2011,1408,832.1611605369603
2011,1271,630.5045827069715
2011,1403,1097.1940473941086
2011,1419,571.0311203053826
2011,1108,362.1869063222666
2011,1166,1202.0511811739977
2011,1106,1044.2655737467692
2011,1165,1104.7536202159492
2011,1107,906.9767206113628
2011,1392,1011.8035739916216
2011,1160,1377.7072559774335
2011,1226,628.2190235491634
2011,1156,1241.0664440020173
2011,1136,694.9657575373391
2011,1155,1433.5665706205846
2011,1441,1050.3128873492085
2011,1145,1008.9646700068355
2011,1382,1039.4056716892424
2011,1141,769.5986624403646
2011,1168,690.421034332639
2011,1201,954.2888127124393
2011,1135,772.6423460398007
2011,1200,685.2590116882847
2011,1130,1269.1004145036895
2011,1383,1026.6685810377955
2011,1124,1076.9175159359531
2011,1212,805.7783725832376
2011,1122,1028.7944101679393
2011,1387,1069.658825308102
2011,1114,1037.8711251869465
2011,1374,1147.0231101136233
2011,1111,988.272433737311
2011,1409,1292.9980990425975
2011,1110,1152.1995162418661
2011,1384,781.2605452846766
2011,1104,1367.0905127179255
2011,1197,554.0990840088359
2011,1180,1148.3322570380883
2011,1259,907.8584178026496
2011,1318,955.9661030148072
2011,1131,1181.334478001127
2011,1207,1239.000774523735
2011,1330,1479.2268957313577
2011,1208,1248.1768621886665
2011,1290,745.1979853927596
2011,1211,1447.3028738073442
2011,1380,272.2173168617452
2011,1210,1063.7784165448425
2011,1149,860.7538994623375
2011,1222,858.9840611748087
2011,1311,746.2812578180664
2011,1224,477.52270750727433
2011,1132,888.5583119313226
2011,1231,939.860963880065
2011,1195,798.6833590468289
2011,1218,1031.5531366219773
2011,1286,745.602347714532
2011,1235,1082.7887382022254
2011,1319,1068.5410944344776
2011,1236,856.2111127287412
2011,1188,504.50869229859575
2011,1255,733.3819593683683
2011,1241,1153.9331843780174
2011,1245,1237.9763510620414
2011,1233,1312.9576694437046
2011,1190,1158.656991180705
2011,1247,1040.035712785709
2011,1162,965.2393521638897
2011,1232,1328.1765573133628
2011,1410,439.6188368645909
2011,1260,946.41725535232
2011,1184,742.5766939520121
2011,1261,831.0557489044864
2011,1322,890.151264252061
2011,1263,773.3106139591329
2011,1430,965.8701081066548
2011,1266,1314.767960684152
2011,1341,598.4769414808345
2011,1269,860.2548387371644
2011,1351,1197.5902249758449
2011,1272,1274.573524957943
2011,1147,440.8810494318849
2011,1274,1239.8763535317723
2011,1239,962.396835392098
2011,1275,1033.908367704416
2011,1406,601.113534318932
2011,1277,1273.0002720598968
2011,1185,664.2395585906323
2011,1278,1013.8577146544042
2011,1459,1280.2593586929215
2011,1279,1187.6231455746035
2011,1117,1001.4949344086841
2011,1280,1214.622162069253
2011,1398,848.5111342294899
2011,1283,1340.2693217441251
2011,1331,1213.720463992974
2011,1288,910.2290810496944
2011,1258,809.1774999815664
2011,1301,1004.0900663631452
2011,1399,1097.004971471161
2011,1254,1378.050899006643
2011,1313,803.1315351321182
2011,1421,1174.5051046191415
2011,1120,968.367645468002
2011,1443,925.7836451448383
2011,1386,989.3783869083295
2011,1439,1274.5492561586577
2011,1144,535.4689139577674
2011,1438,1195.3752716130134
2011,1456,881.5862048796334
2011,1437,1314.2259904237853
2011,1137,1328.26252484955
2011,1342,838.026037463224
2011,1433,1292.1934544165422
2011,1422,760.9606331634446
2011,1424,1404.9849376453656
2011,1415,831.5559757364089
2011,1417,1351.077962702046
2011,1169,871.7552969075874
2011,1173,1108.277751736755
2011,1291,853.1578314508074
2011,1412,1341.1910600762853
2011,1369,777.9775591323057
2011,1253,1211.6325962171916
2011,1451,921.1768945020413
2011,1436,1030.3845285909724
2011,1373,906.5142203894387
2011,1270,1077.2465961610742
2011,1450,1281.9308154515763
2011,1264,585.1124516388159
2011,1312,780.7686441211196
2011,1276,1386.4886949520198
2011,1367,527.1044956318531
2011,1305,1003.9601715132895
2011,1285,1018.4371545349331
2011,1307,1347.4366676900856
2011,1178,1095.8772393426757
2011,1325,1072.547998260395
2011,1174,899.0334563908083
2011,1335,950.5644168806738
2011,1172,979.3553021172736
2011,1346,1144.0088422821862
2011,1463,935.8138739575423
2011,1344,1010.4753598125174
2011,1171,564.4121413634266
2011,1352,1136.9386231811347
2011,1389,1217.3652326469544
2011,1425,1324.2523434543868
2011,1329,1269.3199240293256
2011,1223,431.24471008873354
2011,1127,653.5816184914946
2011,1159,705.5700535511471
2011,1148,1061.8367798906568
2011,1216,789.0387820032828
2011,1138,1051.6839492629658
2011,1221,936.2018208681959
2011,1161,1182.7649231482635
2011,1115,516.2342675934483
2011,1354,608.9435189444009
2011,1179,960.5998670208567
2011,1411,872.7354034044843
2011,1193,1179.2564831162283
2011,1357,787.8933230647465
2011,1206,1426.6098166985018
2011,1217,1371.0512957714302
2011,1356,866.7501580098971
2011,1251,805.9783649651667
2011,1234,971.9000352879646
2011,1349,1058.9828529976764
2011,1333,919.8726147716716
2011,1426,697.5134059235215
2011,1273,1029.779183746543
2011,1442,410.49588210975696
2011,1366,843.2343369080745
2011,1440,1000.306525543961
2011,1420,488.57775393809175
2011,1229,786.5844953551232
2011,1123,974.1720305394075
2011,1237,1023.8937227607478
2011,1170,598.9306092618054
2011,1177,843.984794312781
2011,1152,394.29166541809445
2011,1142,928.7586708260867
2011,1287,1281.0414285227534
2011,1460,1114.0820970815457
2011,1105,612.2135457976107
2011,1214,1042.3369621289394
2011,1404,829.3697472697288
2011,1416,1046.012834049402
2011,1457,898.7992241977645
2011,1187,1168.5434615568518
2011,1244,657.0438903750921
2011,1434,1215.8402479472325
2011,1300,741.4483757048131
2011,1219,640.1719721787196
2011,1293,1264.7364943779453
2011,1372,923.9068707629563
2011,1388,1289.9178598732879
2011,1390,1029.7374846476412
2011,1360,751.9469582124275
2011,1394,661.3053725694938
2011,1153,1457.5358922737405
2011,1119,612.5371949791506
2011,1407,698.3200029534555
2011,1157,1198.1565934292983
2011,1103,1242.869794095967
2011,1202,975.243827408517
2011,1240,581.0575627140674
2011,1225,1067.1808543403395
2011,1265,666.0453957133324
2011,1317,1079.2850314658367
2011,1455,1312.7383805531956
2011,1315,802.7244534703515
2011,1125,1417.1181119739877
2011,1284,675.171222373237
2011,1126,931.2535209111891
2011,1203,1104.4930341023723
2011,1133,1109.6534244175696
2011,1143,1244.0790389617266
2011,1402,922.5153671630324
2011,1139,1450.3677019392899
2011,1209,827.2848665253338
2011,1113,1049.3006410450596
2011,1306,632.4334409918717
2011,1294,1205.9934269591192
2011,1461,761.1631118993064
2011,1282,773.7043248354518
2011,1146,430.1259715127003
2011,1428,996.8541901602118
2011,1310,761.8451488075482
2011,1191,982.8783972508335
2011,1427,1037.9691859512561
2011,1453,838.4240833943597
2011,1368,902.5196318222231
2011,1292,1010.5525607564414
2011,1381,918.8824224469541
2011,1375,737.3951766799669
2011,1198,765.6691719358225
2011,1116,1021.3589961938384
2011,1192,545.6957910014752
2011,1281,1277.893967247596
2011,1220,1142.0189926889973
2011,1129,1254.1372332268743
2011,1182,1142.6049250027474
2011,1347,411.29530191571314
2011,1249,851.1277204255528
2011,1102,1068.837664664841
2011,1267,1301.2928675138837
2011,1175,443.2039121992086
2011,1358,1075.585831899484
2012,1124,1507.7506172364212
2012,1166,1459.9477024154319
2012,1181,1478.0826122068113
2012,1196,1357.1306970778721
2012,1199,1557.6071844655044
2012,1207,1389.3253522642342
2012,1231,1508.5381934882132
2012,1242,1591.796633811547
2012,1246,1726.087414373953
2012,1257,1594.3399936786582
2012,1266,1442.1879234480946
2012,1276,1420.805069610384
2012,1277,1707.438119224424
2012,1281,1676.4384825287107
2012,1293,1506.419794277783
2012,1307,1510.2659999136642
2012,1314,1621.3901657904964
2012,1326,1601.154488873538
2012,1361,1403.4685956043934
2012,1388,1382.6189462083355
2012,1393,1674.8990629236105
2012,1424,1386.0077045863536
2012,1435,1604.5120718909504
2012,1455,1546.7431008501253
2012,1458,1521.2983002819365
2012,1112,1374.1817378455578
2012,1434,1192.0613900992275
2012,1280,1189.4776030168373
2012,1184,750.3247488090501
2012,1385,982.7149692009506
2012,1456,658.5136089525638
2012,1103,1200.9564542341425
2012,1182,1013.4419499258944
2012,1250,1315.726512035844
2012,1401,1061.6903809620878
2012,1251,852.3215851512778
2012,1228,1053.6795637360106
2012,1260,694.4819171154764
2012,1329,1172.9844751751225
2012,1394,531.5669771410448
2012,1328,1043.6491234830414
2012,1226,598.7944004600726
2012,1460,790.0368164231048
2012,1318,887.4850594206886
2012,1131,926.0905990609807
2012,1304,962.0530334185103
2012,1377,845.4054584527016
2012,1392,1106.4864321822836
2012,1269,1277.6012644764203
2012,1189,836.7437085474073
2012,1335,1183.8585680391939
2012,1420,387.71316392757063
2012,1338,1139.7123670535811
2012,1107,953.5172214060111
2012,1345,1361.9073487374394
2012,1296,547.0871698499122
2012,1347,531.0897126038329
2012,1174,1115.1221431359324
2012,1258,1158.6673979313512
2012,1417,1325.3935510310068
2012,1291,675.4661484257921
2012,1267,1319.8723828319585
2012,1106,620.3471895895904
2012,1395,1102.5276838982002
2012,1195,948.0008152075343
2012,1232,1103.016060812134
2012,1183,622.1536681158714
2012,1234,1162.7576152981806
2012,1152,510.8059425387895
2012,1406,438.0248155402877
2012,1243,1375.3905419305204
2012,1149,972.4663716425595
2012,1357,811.5944691270312
2012,1216,810.3715201168334
2012,1353,1017.873673303997
2012,1171,587.5434095671162
2012,1301,1313.8612721252794
2012,1421,1264.8683070411528
2012,1298,446.6468739029868
2012,1255,379.9222170977104
2012,1295,909.5117018036059
2012,1362,1182.5462380075655
2012,1292,1167.2318498284164
2012,1122,901.2056211764575
2012,1283,1004.8784285305541
2012,1305,1299.4844645630753
2012,1369,827.4115041082263
2012,1279,1375.1279395938054
2012,1419,614.2563962608881
2012,1278,1252.5899121260386
2012,1137,1235.6266170418846
2012,1274,1290.064184779137
2012,1399,1010.8330648957694
2012,1404,427.708866057522
2012,1265,981.8443059078872
2012,1247,1286.1202845949438
2012,1248,877.7529485834172
2012,1249,1251.8905852658236
2012,1117,927.6173004879182
2012,1440,900.6941230397891
2012,1154,573.0128129878274
2012,1437,1121.793081710836
2012,1284,963.947350424766
2012,1332,1410.9732285003738
2012,1204,941.6735815672954
2012,1433,1517.6352712068485
2012,1384,539.2072034546616
2012,1391,659.1268427939661
2012,1126,981.3418117709303
2012,1390,1246.131231262088
2012,1146,431.26438202119346
2012,1425,776.8943919459026
2012,1169,646.3848493365315
2012,1418,877.2422818111629
2012,1319,356.429677904218
2012,1409,1194.8735002849453
2012,1114,980.8721104755671
2012,1408,764.183418501413
2012,1105,525.045061704192
2012,1403,880.6233261680713
2012,1407,720.831494382894
2012,1397,1402.8536902303238
2012,1422,795.8270444893627
2012,1382,1392.9643179442046
2012,1165,880.2791561479493
2012,1381,865.8570673675353
2012,1413,564.9133650156996
2012,1387,1435.6339537491756
2012,1398,1218.1191802083329
2012,1386,1287.4231716807872
2012,1443,1146.6507442621867
2012,1376,906.7610966974398
2012,1441,989.2373560364977
2012,1136,388.41970565795646
2012,1352,1095.9824832073823
2012,1351,942.2420163565877
2012,1350,1061.279537096353
2012,1110,1050.4883656149452
2012,1429,1092.8244881113255
2012,1140,1280.6874539575288
2012,1427,882.1364711997276
2012,1431,1053.826982676416
2012,1411,852.303816582735
2012,1120,1105.198235683278
2012,1270,1014.2470880008703
2012,1104,1320.0938374945526
2012,1316,936.6860763008184
2012,1102,944.4826445984476
2012,1119,727.9226783299754
2012,1116,988.4364850047292
2012,1367,1040.1068091828395
2012,1113,943.5535634711341
2012,1286,656.8106567713265
2012,1161,1314.393627297978
2012,1285,1431.080035810834
2012,1158,977.6389236472154
2012,1221,989.2077579884866
2012,1155,1164.7989466620418
2012,1205,661.9130513245369
2012,1150,921.1925746824554
2012,1300,861.9124214901394
2012,1144,646.9200931502811
2012,1223,617.4173924643283
2012,1143,1267.6834812659872
2012,1414,914.8721177733024
2012,1138,1198.5376107687691
2012,1389,582.5057278227048
2012,1132,1071.8438876500632
2012,1224,696.6544418692795
2012,1163,1346.753257819024
2012,1162,798.3745673340875
2012,1299,651.9418548250206
2012,1176,1284.9010172138305
2012,1340,917.232160021602
2012,1177,976.4772948212596
2012,1410,625.5003332876024
2012,1125,1390.410064219531
2012,1185,781.888525946787
2012,1227,667.0535902297971
2012,1193,1148.1377224500277
2012,1346,1069.7703827691741
2012,1238,392.2580136588942
2012,1220,898.3119845680087
2012,1254,1302.8392096991415
2012,1211,1477.9161450670356
2012,1186,867.3606194987349
2012,1210,943.1325352477511
2012,1197,718.8326198185024
2012,1208,1231.8405799459586
2012,1459,906.0679936702386
2012,1206,1227.236271616224
2012,1348,908.3183964761078
2012,1203,906.1588669085777
2012,1271,538.9735824354342
2012,1201,957.4717970873523
2012,1229,1212.1743970336602
2012,1239,805.1186201242168
2012,1462,1270.0722634026274
2012,1288,772.9501558351319
2012,1452,1288.0932281229955
2012,1331,1393.0625702007376
2012,1448,916.1058491057215
2012,1259,1183.6213273542733
2012,1463,1040.2267159763771
2012,1148,939.6068262619547
2012,1142,918.6557241656749
2012,1363,750.4143489879415
2012,1449,1296.0201140444387
2012,1209,1174.4913349673288
2012,1173,1287.0538427380634
2012,1442,1022.36164767258
2012,1159,559.340358699083
2012,1127,395.5128913691981
2012,1200,771.1243686298075
2012,1464,1003.8025945250283
2012,1359,731.989168954004
2012,1447,1198.329225949362
2012,1343,1294.423993175188
2012,1439,1122.0425220393026
2012,1190,1065.5127859286085
2012,1244,434.58685930876
2012,1308,1369.8819532986279
2012,1294,777.55188606199
2012,1320,1110.3601486427
2012,1330,1235.4215671294253
2012,1323,1392.586393087847
2012,1290,1022.3938208800573
2012,1333,1165.1713007880617
2012,1167,899.6434146014412
2012,1336,1060.8287640091419
2012,1339,702.8401688502761
2012,1194,730.9000321016614
2012,1344,1003.408339895092
2012,1192,443.49971752915036
2012,1355,1431.1103761240815
2012,1444,853.5130499889037
2012,1375,963.0854812852251
2012,1264,1002.2882589408083
2012,1312,777.9282919240796
2012,1261,1154.1006091272611
2012,1311,686.8383538788694
2012,1378,1335.361649083047
2012,1436,1223.7401628139467
2012,1371,1203.156892953142
2012,1383,968.6452542652424
2012,1253,1361.4553300852422
2012,1225,1029.9381709293164
2012,1236,645.1770575531656
2012,1303,528.5577208072963
2012,1235,1379.2507760094516
2012,1222,985.785344442411
2012,1212,353.272494538058
2012,1214,804.0367135103613
2012,1366,1081.2212160616145
2012,1191,1175.5042923647813
2012,1139,1087.4733813716002
2012,1457,719.5194269696186
2012,1342,818.1327848318567
2012,1321,1236.4646815366846
2012,1325,1376.8634889539235
2012,1438,1268.9211369383886
2012,1354,379.59979093078687
2012,1368,799.7191207414019
2012,1380,739.4268393385765
2012,1400,1345.7555947528622
2012,1287,1038.5884572042714
2012,1268,1125.089248819864
2012,1423,741.2629660771108
2012,1153,1509.9579186739647
2012,1156,1118.851471166338
2012,1415,806.186019972975
2012,1170,760.451998966728
2012,1453,988.1071845583353
2012,1252,735.6562498204951
2012,1151,703.0033021558013
2012,1241,694.7208708632429
2012,1145,491.2342403415686
2012,1133,707.2598673795802
2012,1282,707.2214040765286
2012,1123,772.4197301330926
2012,1322,890.9759280465864
2012,1240,994.4455029057357
2012,1430,955.0879870915207
2012,1188,736.5286820442672
2012,1360,961.2381943397781
2012,1372,1089.5750982307757
2012,1219,887.7330779817206
2012,1175,962.0773896268544
2012,1450,1022.0981362010398
2012,1218,895.6098225118324
2012,1396,1383.3528827637172
2012,1454,989.7444406561567
2012,1164,769.6362646552799
2012,1313,1063.1896244288537
2012,1273,1073.8038396405088
2012,1310,811.2092409846642
2012,1315,918.445288808854
2012,1178,1264.1274731247809
2012,1198,758.8960601644796
2012,1416,1302.9518073991335
2012,1202,842.6216135043237
2012,1130,825.0236287328772
2012,1306,719.7836898134035
2012,1135,671.1502303391875
2012,1324,1044.6388667555016
2012,1172,1285.5243901616889
2012,1374,969.706398137432
2012,1187,1058.6070670431582
2012,1179,1089.3453582742798
2012,1180,1444.6354603012587
2012,1111,776.6383401598491
2012,1141,701.7595739883596
2012,1451,1164.2374250742982
2012,1461,1129.2011880657694
2012,1364,1135.88795939338
2012,1365,591.0475139476498
2012,1356,731.2612439770664
2012,1237,1044.9956849718988
2012,1115,745.203264860421
2012,1337,748.6818500038796
2012,1370,997.9521750853778
2012,1217,1356.1957343906229
2012,1245,1052.8856209234286
2012,1272,1663.349175115776
2012,1157,828.2384566391348
2012,1275,808.6855368546253
2012,1358,830.5283462481444
2012,1317,1038.3405261265177
2012,1129,901.2427434440921
2012,1428,680.5669247246199
2012,1412,1167.1989880840997
2012,1373,786.2512073001342
2012,1108,633.054039248561
2012,1160,1267.7929282172358
2012,1263,698.5386713618716
2012,1379,1238.493806041558
2012,1341,595.4969526658433
2012,1349,1094.3500600592577
2012,1233,1261.744320206043
2012,1334,703.9400053746951
2012,1168,1142.1744919600167
2012,1402,791.4582818807808
2012,1405,1059.0804357184202
2012,1426,1053.8690492221326
2012,1256,1111.6902367973087
2013,1112,1388.3794555835989
2013,1166,1432.708595488827
2013,1181,1546.0684328183615
2013,1196,1526.8024383621894
2013,1207,1602.2778498072357
2013,1211,1704.4994254767212
2013,1231,1543.8739956846211
2013,1242,1645.0264068148972
2013,1243,1498.873096591454
2013,1257,1753.3413133048873
2013,1266,1451.8631517624115
2013,1272,1624.1594211998438
2013,1274,1646.6210059389552
2013,1276,1403.0928684194287
2013,1277,1576.0731525897386
2013,1307,1576.750066076921
2013,1323,1450.373858060062
2013,1326,1688.5336955054795
2013,1329,1452.1902310972057
2013,1332,1401.2358009931095
2013,1338,1455.8284053024768
2013,1387,1654.2795387039937
2013,1393,1458.149734717745
2013,1417,1348.2312929287589
2013,1458,1499.6951737475529
2013,1351,1089.0013698108762
2013,1352,1115.0274655565374
2013,1371,1026.522447669595
2013,1282,574.3334439727521
2013,1375,1013.9851421016897
2013,1199,1193.9085891148657
2013,1382,1057.2354507249838
2013,1126,810.7400289213432
2013,1383,806.6104452834477
2013,1248,1170.8816827631238
2013,1367,825.1191139747602
2013,1389,645.3530744535998
2013,1353,1079.8782868750325
2013,1390,1319.1114148253296
2013,1362,1150.5023792382804
2013,1392,1284.051828411861
2013,1265,812.5772863795503
2013,1395,838.6149775612947
2013,1142,1109.4267159620722
2013,1114,896.1471248094423
2013,1404,553.2740306824104
2013,1120,827.1998035599995
2013,1236,1003.6283660306977
2013,1107,1120.8734969197171
2013,1182,719.4690294487226
2013,1116,1234.8896179528185
2013,1358,831.3717806107467
2013,1104,1310.7070438739038
2013,1355,1248.2558792480056
2013,1222,1036.9321539124035
2013,1197,558.3180540402668
2013,1221,777.5204259395665
2013,1330,734.6435438190434
2013,1219,899.2624431045135
2013,1422,724.2684761612271
2013,1218,846.0222442492278
2013,1271,413.9726261904094
2013,1462,1172.5391456850014
2013,1192,466.583571556639
2013,1460,1096.332042523191
2013,1225,882.6607225632958
2013,1456,835.5703904923325
2013,1214,905.3242129528654
2013,1448,1048.7517942713314
2013,1347,555.9745655016875
2013,1436,1111.914903381198
2013,1373,703.1718100167814
2013,1434,1393.023789907791
2013,1204,862.2791441432237
2013,1433,1463.5232932182712
2013,1195,1201.2162702936553
2013,1431,1180.4981027389183
2013,1331,940.5131669302982
2013,1426,1152.4568086580473
2013,1167,872.2228015119694
2013,1425,1041.9375226069938
2013,1164,631.4164840970228
2013,1421,789.090228331173
2013,1441,854.7893275491925
2013,1232,1083.1495928419063
2013,1407,821.4524359526984
2013,1280,934.5352126096241
2013,1403,978.6820978197352
2013,1341,762.6207877506351
2013,1402,875.590918292852
2013,1200,830.295849037793
2013,1401,1067.8721667837226
2013,1256,1168.3937162575162
2013,1400,1245.9831581886936
2013,1201,1113.801994886556
2013,1397,1323.9230781183273
2013,1244,462.21645938592064
2013,1350,1111.989879396258
2013,1251,939.9032977389018
2013,1291,1080.1517274071134
2013,1336,935.7661898512257
2013,1384,612.2262524778487
2013,1335,718.1674873967548
2013,1420,751.9024704977014
2013,1333,1008.3376656835409
2013,1310,1113.8150507297146
2013,1413,937.007096469838
2013,1318,996.4468123062516
2013,1131,1139.4812195258169
2013,1314,1494.0567772335462
2013,1205,1053.5019425549654
2013,1313,1127.095269585548
2013,1348,878.7976541249622
2013,1309,480.181180997529
2013,1363,608.6122980871711
2013,1303,853.8525266288646
2013,1296,531.5442898660792
2013,1301,1440.0005508248464
2013,1275,701.9605117774069
2013,1292,1411.2049640805722
2013,1106,581.4929052458821
2013,1288,1029.2645343055644
2013,1427,886.9476199817216
2013,1157,771.2985796952694
2013,1103,1371.9754936223967
2013,1163,1310.5434675150957
2013,1158,1151.5705627733764
2013,1406,1085.9052227218804
2013,1160,1320.7397317386763
2013,1459,822.4448527538214
2013,1161,1300.3958352358718
2013,1285,1223.5869854932016
2013,1209,942.5117312275931
2013,1206,956.8358922396865
2013,1438,1356.8709298592578
2013,1208,1238.4674045977724
2013,1239,662.3522938575879
2013,1210,1124.5247891004117
2013,1408,978.7984474254841
2013,1381,591.9372335266293
2013,1317,828.5760939267203
2013,1169,816.4333190562595
2013,1337,819.9270341897789
2013,1177,877.2281695918498
2013,1415,578.0717123473421
2013,1156,722.8566360746232
2013,1212,189.31763258341678
2013,1150,1131.5659819890493
2013,1149,949.5987254369737
2013,1140,1203.6175281736944
2013,1398,1084.2492449856657
2013,1133,898.0678588339377
2013,1183,805.0112391561557
2013,1137,1376.520418337779
2013,1345,1301.719013742243
2013,1245,1161.3658173085867
2013,1180,886.9419723836248
2013,1315,907.9631533879693
2013,1369,944.3142789146494
2013,1237,472.92368291549684
2013,1430,657.749940287888
2013,1235,1390.1804159215228
2013,1380,989.5153071064882
2013,1234,1443.8770538974006
2013,1410,801.3653023444323
2013,1233,1220.9945672144995
2013,1176,1455.5059341448614
2013,1136,969.0202147879812
2013,1228,1256.8024781764032
2013,1159,679.4684795247466
2013,1223,685.046828226542
2013,1115,924.7232813986885
2013,1122,679.1163094734093
2013,1359,764.3119176359004
2013,1267,840.0714022975174
2013,1255,588.5086037092871
2013,1261,1217.683397308551
2013,1364,868.5032101431599
2013,1260,935.7901005194025
2013,1405,997.736507376491
2013,1287,832.1643096634624
2013,1254,1267.6578370085213
2013,1284,681.567806646548
2013,1220,653.7196536322788
2013,1279,1494.1773762939617
2013,1290,538.8061071844877
2013,1278,1133.2276030967146
2013,1110,729.9866130234849
2013,1391,959.4726139337397
2013,1246,1190.0002957250833
2013,1268,1302.2068827918927
2013,1125,1403.4353009705922
2013,1252,788.6794096738255
2013,1124,1246.8048338058734
2013,1250,1049.6869441373847
2013,1259,1037.912691445223
2013,1127,410.38041082663995
2013,1414,1112.4646329187
2013,1305,874.0128037269541
2013,1429,1077.7901648247725
2013,1226,571.0733168693604
2013,1464,879.5431979827896
2013,1203,979.9663261275707
2013,1319,640.0830372778767
2013,1113,1144.6452858096684
2013,1146,721.6227117448504
2013,1102,1050.5740850396946
2013,1119,1022.0171945353748
2013,1139,1396.356266257008
2013,1189,1019.7461328215816
2013,1416,1107.8432087842366
2013,1378,1041.2210462793278
2013,1154,578.7221928989813
2013,1440,706.0725026877544
2013,1165,661.5036102630256
2013,1444,1073.1076118572466
2013,1162,816.3153964045957
2013,1202,477.27531341979073
2013,1191,1249.1774930111137
2013,1325,1185.4755726353342
2013,1339,835.0560507200317
2013,1171,806.5616567385565
2013,1263,757.2798016378841
2013,1173,1252.8025452445672
2013,1117,1045.0288062830246
2013,1193,877.9909048670527
2013,1148,787.1549502693929
2013,1247,1225.9254808888966
2013,1174,1066.7897973726197
2013,1281,1425.4943066674662
2013,1188,560.753212031189
2013,1435,1269.6795358520192
2013,1311,618.2936041531364
2013,1346,915.7559944923496
2013,1216,917.3272566683864
2013,1439,1004.3430020295739
2013,1190,653.756291314313
2013,1343,1002.3790858270428
2013,1138,1014.512233828199
2013,1344,1236.6241751460097
2013,1312,891.1377026762873
2013,1450,1140.672070039111
2013,1186,735.8607850486881
2013,1455,1304.5590712519188
2013,1300,1023.918561866808
2013,1453,1099.2661895405288
2013,1152,846.3562621022423
2013,1357,598.2885679053039
2013,1463,997.1997969964849
2013,1379,1385.0271717273065
2013,1443,1103.741084420641
2013,1143,1345.4409972871024
2013,1135,958.6327428885058
2013,1153,1373.873207576366
2013,1308,1407.060359596614
2013,1123,907.4496179405628
2013,1227,906.4128899348793
2013,1194,954.1872910110026
2013,1240,910.1772895928053
2013,1185,866.5945667600049
2013,1328,1339.8508908641895
2013,1419,567.0015502665807
2013,1423,567.0409404253414
2013,1418,891.2921883790502
2013,1324,935.8389246900151
2013,1361,1331.465331389748
2013,1376,848.2001358030202
2013,1454,699.8458734318887
2013,1374,943.4449481884942
2013,1258,862.8987472531535
2013,1298,560.6697764753013
2013,1370,730.5361570451917
2013,1286,711.2627237110208
2013,1264,1088.7184508445616
2013,1129,1333.7728844878263
2013,1411,1157.3451377013441
2013,1130,1265.424234343878
2013,1198,1047.463330457728
2013,1238,756.354882491368
2013,1304,1147.6542808859542
2013,1449,1236.0620715488249
2013,1437,1397.6996136240848
2013,1368,762.8297090270096
2013,1322,1166.6198783904708
2013,1144,696.6795117815541
2013,1340,678.7491201897799
2013,1316,808.1429110433406
2013,1172,1386.0684013806394
2013,1354,433.2444118454898
2013,1229,1116.3445149622219
2013,1295,1107.4126349582477
2013,1141,692.570476248103
2013,1105,517.825901362462
2013,1249,322.804330414589
2013,1168,716.4642848968809
2013,1424,1427.5502301608383
2013,1299,1031.08744598848
2013,1356,1012.5440373797587
2013,1386,1152.7078595259038
2013,1132,886.5100468880571
2013,1155,967.0961748741709
2013,1342,549.4538384588678
2013,1452,1017.7871617338687
2013,1145,986.3808983098875
2013,1366,883.7505979867784
2013,1306,772.7317347202633
2013,1385,1119.5210800421428
2013,1178,1132.8113455935343
2013,1108,532.0802167372194
2013,1321,943.7691270474296
2013,1269,1280.8022229273517
2013,1217,1127.4280953519797
2013,1111,976.3569022904983
2013,1457,798.7634077473967
2013,1270,637.1844006101671
2013,1253,992.1308339834545
2013,1396,1413.6726716129256
2013,1320,1223.848793344826
2013,1360,1076.539211677704
2013,1297,895.5511727848816
2013,1365,1174.7217768118453
2013,1377,670.1826506409378
2013,1461,1040.7591728239706
2013,1442,1030.7307235320145
2013,1394,692.9535548349133
2013,1175,791.840844299875
2013,1447,1105.4001705262992
2013,1170,650.9927564536572
2013,1412,1074.1085798604206
2013,1224,537.6648292983122
2013,1409,1100.3274132600466
2013,1241,1086.5710461495394
2013,1293,1132.2780010561419
2013,1151,678.7808332314887
2013,1451,1257.1780833616253
2013,1388,1496.937969320304
2013,1399,895.8685862252449
2013,1294,930.4399614568888
2013,1184,1055.20332870296
2013,1428,1172.750112500886
2013,1334,1266.2382915459011
2013,1273,1141.5909148316432
2013,1187,1089.7612498858616
2013,1349,633.8780456402707
2013,1372,1237.0810867172052
2013,1283,963.0576252408672
2013,1179,1147.6013599928638
2014,1112,1634.7688588927358
2014,1124,1516.6194611789435
2014,1153,1461.860018371346
2014,1163,1456.3299528965028
2014,1166,1461.8386727521986
2014,1181,1587.913860941837
2014,1196,1796.5271236957733
2014,1235,1604.8104791811422
2014,1242,1509.6893883810476
2014,1257,1681.933952780377
2014,1276,1506.3753444295317
2014,1277,1555.8933428860462
2014,1307,1588.8068944791685
2014,1314,1470.3900897650476
2014,1326,1415.8496997272925
2014,1328,1496.8342507751831
2014,1361,1486.557207361324
2014,1387,1335.5736526652374
2014,1393,1438.6355272455921
2014,1417,1609.7776349016963
2014,1433,1501.1057836802722
2014,1437,1614.3252790259166
2014,1438,1723.7540400212777
2014,1455,1641.4034036843454
2014,1458,1456.0039595919523
2014,1102,918.1791978804305
2014,1119,896.8187755333051
2014,1103,1185.6296779067193
2014,1157,1085.0408427435154
2014,1107,1062.6312702500106
2014,1373,997.2461579294338
2014,1360,1064.859197434627
2014,1355,1146.7421961203636
2014,1415,754.9400294199746
2014,1241,731.3398100481438
2014,1448,1091.850371448099
2014,1159,901.1351042101745
2014,1444,1358.359333054389
2014,1308,1249.3495536418134
2014,1434,945.2409170763734
2014,1293,1097.0683495966605
2014,1248,860.8320288660927
2014,1229,1068.0861551534458
2014,1430,990.413555913589
2014,1237,529.8589192286576
2014,1424,1243.6657348754766
2014,1340,938.1235143661362
2014,1429,1182.482190659162
2014,1425,919.8034688825095
2014,1180,934.2958768551085
2014,1422,718.9900659599114
2014,1219,973.9690929390101
2014,1450,922.5588711760574
2014,1167,828.5344425239896
2014,1452,1265.7341289992091
2014,1291,1090.431252526201
2014,1440,967.8822626632227
2014,1154,634.0301525032619
2014,1116,1342.2742163202283
2014,1188,697.8832485774594
2014,1160,1329.9490688814303
2014,1125,1149.2485321617282
2014,1252,947.3657574467742
2014,1133,860.2547482544618
2014,1240,544.0006583605209
2014,1129,1156.3602218849246
2014,1426,909.5004656565623
2014,1150,1058.84712789508
2014,1190,931.1453193019922
2014,1300,1260.9849367437942
2014,1140,1390.7832529277064
2014,1451,1155.0194577257264
2014,1143,1213.663430372907
2014,1164,756.3458208329293
2014,1464,831.7302562724929
2014,1244,556.2999713628976
2014,1462,1271.8401030509997
2014,1205,832.0321557813116
2014,1461,1061.6840414915323
2014,1404,601.4416093742693
2014,1385,1369.9767867802495
2014,1155,1319.8702503451227
2014,1391,505.830904483295
2014,1268,1290.1017070729004
2014,1142,951.3288566903627
2014,1113,1258.6618658075017
2014,1420,588.4792252490471
2014,1120,1058.9767535584751
2014,1311,787.9973423339818
2014,1165,479.7139427962477
2014,1403,1117.4741992308034
2014,1223,478.6782857090995
2014,1401,1120.6924726705806
2014,1138,1167.6853041403367
2014,1379,1283.2104747519727
2014,1238,538.0035895258611
2014,1383,970.6530230760114
2014,1274,1218.937695546548
2014,1388,1173.3635072972686
2014,1256,1382.8005145545199
2014,1369,950.8929593884463
2014,1374,1316.1502703604003
2014,1395,863.8081478670101
2014,1375,856.4517764465122
2014,1178,773.7009233285445
2014,1358,1092.3535185240644
2014,1410,706.1811764603569
2014,1353,1027.5565414555076
2014,1197,789.5393075617922
2014,1350,1078.7520670296049
2014,1174,1183.1354438157362
2014,1348,1108.5325015142278
2014,1263,543.8630329113952
2014,1345,1044.0798923824086
2014,1297,717.958002526924
2014,1344,1403.2980516597318
2014,1130,907.0684374974178
2014,1339,957.1069054330256
2014,1413,652.0754611063705
2014,1338,1443.1812499115101
2014,1366,769.9569370334455
2014,1334,883.9597937192624
2014,1305,1051.2800332245838
2014,1332,1461.344656662838
2014,1207,1257.0929834450385
2014,1329,1396.4077993953395
2014,1290,396.3164792148717
2014,1104,1172.1870900088827
2014,1323,1056.2634394505037
2014,1275,955.5057530555866
2014,1324,912.9951336895984
2014,1304,1435.321138250654
2014,1195,1085.2957232390727
2014,1303,916.5559485656811
2014,1296,996.3676905381928
2014,1301,1349.6378952851048
2014,1111,518.2022629344168
2014,1108,636.5036042978943
2014,1406,1173.9077664115687
2014,1298,600.2681284524832
2014,1408,964.3705582010948
2014,1312,572.0452767255247
2014,1392,1040.996312950792
2014,1265,979.6850164178151
2014,1400,1352.1584783453673
2014,1273,1194.296702281184
2014,1390,1354.951185643511
2014,1137,1090.658895716266
2014,1262,776.868072159515
2014,1279,1197.9850266493702
2014,1407,787.9955787516415
2014,1278,1282.0041907430018
2014,1250,783.1626925273736
2014,1260,724.2095256543893
2014,1454,1143.2512035934544
2014,1259,585.2958884013719
2014,1127,604.2189900091761
2014,1258,892.088774198775
2014,1213,880.3068046670841
2014,1246,1515.760348053811
2014,1421,1023.906119822395
2014,1419,779.1227830762367
2014,1234,1197.2156324072453
2014,1423,637.6015788933662
2014,1267,840.8866439488477
2014,1354,463.9815219331885
2014,1266,1252.0948526902332
2014,1380,913.5059219546397
2014,1228,1339.606048091418
2014,1106,801.3164091466332
2014,1231,1198.9095678346498
2014,1152,748.4426880601532
2014,1222,1135.7599430636703
2014,1402,618.9226244237835
2014,1218,1032.9626158351443
2014,1398,632.9436778954234
2014,1208,1318.0588991238528
2014,1459,1071.0768988852817
2014,1206,937.0983370074064
2014,1110,1240.5124846106605
2014,1214,981.091233852836
2014,1456,1062.6247779847897
2014,1210,1105.3016928024076
2014,1342,421.9686713842159
2014,1201,1219.6891105578886
2014,1414,1181.435208537053
2014,1203,1352.8779147069426
2014,1347,844.8772598086082
2014,1200,884.3366596697587
2014,1384,697.2479966965806
2014,1199,1259.7362876052982
2014,1239,760.7368011600709
2014,1184,1215.6616405859784
2014,1198,1015.683153023355
2014,1316,824.0338187886181
2014,1172,1237.4775122278004
2014,1294,801.3848162424083
2014,1243,1259.5114529626142
2014,1283,1128.4038059148072
2014,1330,1037.9683429557085
2014,1284,675.3070557814067
2014,1220,749.1045719205581
2014,1281,1250.546298623086
2014,1368,657.163848113804
2014,1280,904.6354228446389
2014,1341,705.5920040757239
2014,1270,719.8344542831632
2014,1411,1025.8776491229573
2014,1313,902.0975478823729
2014,1386,1447.9165175975993
2014,1436,1190.705696470869
2014,1168,809.9531869058724
2014,1286,649.813133460775
2014,1173,1331.5228367151458
2014,1236,1066.3730223488578
2014,1177,968.8835591194144
2014,1212,510.55259922350905
2014,1382,1157.0159781256134
2014,1377,787.7974287924407
2014,1378,882.7048941783572
2014,1399,820.2235614016154
2014,1376,1190.9098294117828
2014,1255,455.2701515382957
2014,1396,977.2805648458259
2014,1335,767.8344780747899
2014,1321,1113.6782985829068
2014,1183,777.5105251817275
2014,1319,930.6109058292368
2014,1427,702.4740623573718
2014,1193,727.7999441408409
2014,1357,511.70225403284286
2014,1158,819.3475693137011
2014,1264,1328.6962655216303
2014,1247,1057.1211363772245
2014,1105,795.2399672183951
2014,1182,972.6514293182258
2014,1101,478.2388676301395
2014,1211,1470.5644021318092
2014,1136,792.0171762543341
2014,1179,875.6129025133185
2014,1227,682.7363226513128
2014,1139,1156.5309069900545
2014,1249,547.9554886981176
2014,1156,1210.2880768967684
2014,1233,1277.2928375914876
2014,1225,930.305798926418
2014,1442,719.102193252106
2014,1162,1073.102052349868
2014,1271,555.1770786524464
2014,1254,557.3625788720981
2014,1389,921.6590327080722
2014,1232,1116.2374470159803
2014,1123,577.5974452502536
2014,1288,966.1771739428908
2014,1336,1081.332921574962
2014,1447,1134.4561579326023
2014,1346,1029.7834612995605
2014,1216,961.5886085623213
2014,1463,901.1706071820932
2014,1148,701.8351078113709
2014,1367,1073.9985496931051
2014,1439,830.6095105422608
2014,1371,1172.5083990532933
2014,1310,567.0678624707098
2014,1325,1096.497559873362
2014,1320,1195.7598716193506
2014,1352,1027.367069140099
2014,1149,703.2275294466916
2014,1135,920.4042816650123
2014,1292,1252.8974189549172
2014,1449,1205.6253016874402
2014,1370,687.6792942173408
2014,1331,910.2177298093143
2014,1409,1448.799882683418
2014,1343,1215.3293400153027
2014,1333,1138.2144454915488
2014,1189,965.0649782830387
2014,1217,1348.7227879126403
2014,1221,1007.2910114864247
2014,1192,664.8457077106444
2014,1269,1247.185024905028
2014,1131,1177.4066224402568
2014,1318,879.1669152434744
2014,1443,989.1252034144924
2014,1412,962.1078071495458
2014,1441,826.2689417669881
2014,1299,431.2412162957445
2014,1175,641.513181133579
2014,1161,1009.4168636161479
2014,1117,1038.1478928143597
2014,1253,972.8623634728053
2014,1114,905.0918808782833
2014,1317,888.3838729008976
2014,1151,793.2272152247898
2014,1194,798.6177808835109
2014,1145,1109.4471278459253
2014,1282,748.891688741754
2014,1204,774.9415131435637
2014,1245,823.4109927297715
2014,1176,1040.5410188331725
2014,1364,1091.8560400083518
2014,1418,1187.3142664651689
2014,1169,937.8344870745674
2014,1349,643.6885185228557
2014,1365,1039.5114208681107
2014,1363,677.3199752831148
2014,1372,1418.4057750181164
2014,1141,678.16227553938
2014,1251,652.7535605350251
2014,1126,604.5856180130202
2014,1359,714.1696582314578
2014,1397,1516.65102200758
2014,1381,447.182081001136
2014,1435,1000.790528300626
2014,1209,1346.6348604070447
2014,1287,932.5868429101376
2014,1356,1090.709600768587
2014,1285,889.8074307195205
2014,1261,1278.0178949211793
2014,1202,585.3355467597038
2014,1351,858.3591203629011
2014,1394,1010.3454711102421
2014,1144,476.16479532237213
2014,1191,1021.2599580386153
2014,1187,866.9143608837651
2014,1171,855.2459568669774
2014,1224,486.6883810363731
2014,1306,502.14460399008243
2014,1170,880.0545801262072
2014,1416,1040.22038740683
2014,1460,1204.611986672737
2014,1457,896.0363570952233
2014,1337,937.4764938501728
2014,1362,1326.910500073681
2014,1272,1338.492152543008
2014,1122,716.7020565386323
2014,1185,1156.7798700274716
2014,1295,1390.3162022750926
2014,1405,1247.0615656977873
2014,1428,1439.704024449829
2014,1132,810.3387286111787
2014,1322,1110.1408006123586
2014,1226,767.7608924615968
2014,1115,745.2604275492848
2014,1431,1230.7687396586743
2014,1453,1249.1463807084597
2014,1146,620.715051172414
2014,1186,948.0305563660162
2014,1315,953.9726615259149
2014,1309,701.274613312512
2014,1230,883.6576377726643
2015,1112,1783.9173025941038
2015,1116,1514.5544966952868
2015,1124,1494.2325606190632
2015,1139,1340.658708761499
2015,1181,1658.8479317756287
2015,1207,1400.3801601949508
2015,1211,1639.1307258967386
2015,1235,1612.4004166774864
2015,1242,1576.0890067404603
2015,1246,1833.9063255357821
2015,1257,1364.7615393643432
2015,1268,1441.8074660668456
2015,1277,1500.2010465522565
2015,1314,1502.1277640571354
2015,1320,1541.5939943026679
2015,1323,1657.5050600242691
2015,1328,1520.3980890685777
2015,1374,1612.611372110316
2015,1428,1455.6253845551776
2015,1433,1474.972706529169
2015,1437,1733.819056303371
2015,1438,1633.003104724028
2015,1452,1350.9420179697286
2015,1455,1532.8794465630972
2015,1458,1734.637588447267
2015,1103,1214.2540415534302
2015,1420,461.9028981649849
2015,1430,539.3062591102308
2015,1377,1027.311955272979
2015,1431,1178.0169400336285
2015,1450,998.4903462290077
2015,1397,1159.8338038269117
2015,1434,1395.1095284652201
2015,1190,823.7545206113658
2015,1250,980.0076008337694
2015,1241,959.6139734034005
2015,1439,920.148454202805
2015,1271,897.2686860096314
2015,1440,752.1121502306942
2015,1154,538.0164496081583
2015,1448,1016.9841346240505
2015,1421,757.5453469125773
2015,1449,1022.5102931741392
2015,1354,535.8277523530951
2015,1278,1201.8725082027318
2015,1256,1195.341953514813
2015,1380,889.7472857399414
2015,1248,1085.0348645129857
2015,1352,1161.6668780735597
2015,1213,966.6233028825397
2015,1243,1083.9705219742546
2015,1381,705.4124344189206
2015,1280,1002.8673887813713
2015,1441,909.229989038962
2015,1282,804.0001472457096
2015,1281,899.2054822751522
2015,1283,744.4180955105763
2015,1183,898.551089041714
2015,1301,1398.9771027631687
2015,1238,735.5439486596523
2015,1298,822.6942389221122
2015,1274,1320.7133353528789
2015,1224,730.4051501135514
2015,1269,988.5972540608926
2015,1373,796.9431388184764
2015,1447,699.5718126374107
2015,1267,771.3730031388625
2015,1240,706.1970934423982
2015,1266,1092.3096346225836
2015,1404,909.4081092368134
2015,1258,711.7616552108766
2015,1369,869.2595446292313
2015,1462,1441.464427948523
2015,1319,1026.953260089303
2015,1460,592.0398921030325
2015,1125,1148.8208982278568
2015,1297,868.6021697810928
2015,1308,1265.3596302495432
2015,1284,1015.8291593186942
2015,1135,781.748085598884
2015,1389,923.7332244886519
2015,1234,1381.073051875718
2015,1214,950.8937537106232
2015,1324,930.5560177402081
2015,1364,1190.1065386357623
2015,1249,975.9675912808917
2015,1365,907.5132851202893
2015,1168,596.7019349979901
2015,1361,1417.1047874363503
2015,1169,755.1828639073492
2015,1357,933.7804127467737
2015,1216,704.7381460890343
2015,1350,1337.3391735940174
2015,1347,1032.7442082383743
2015,1346,919.488902641794
2015,1463,1217.5197045456305
2015,1345,1364.1936829912383
2015,1359,812.6677032973881
2015,1343,1109.5150886272631
2015,1351,1124.3537740030608
2015,1130,1175.97465489748
2015,1306,1002.0961219631276
2015,1129,1387.2694145429202
2015,1360,1077.579514846602
2015,1270,779.4968338416531
2015,1120,1149.0458680267734
2015,1454,1063.384038923032
2015,1119,640.6298620828582
2015,1102,998.192834864638
2015,1113,1248.5643754517464
2015,1152,630.4012617173192
2015,1291,964.3901583725537
2015,1104,1154.0891458473973
2015,1406,713.65878740348
2015,1196,1266.0512232295312
2015,1456,1025.3194424545
2015,1203,1224.293936706981
2015,1212,193.53416555279833
2015,1210,1067.1662172672168
2015,1208,1374.1146828346707
2015,1170,951.0023413137686
2015,1228,1196.34205356354
2015,1204,1080.2916397922309
2015,1231,1257.4529482497474
2015,1290,465.85233146036234
2015,1232,1025.3044262665176
2015,1237,715.5873096665335
2015,1233,1200.1034546870908
2015,1156,1128.9761231640466
2015,1218,1123.173543303648
2015,1115,694.3303350764696
2015,1219,1041.2641371274817
2015,1167,776.4887084791671
2015,1220,1038.076188086602
2015,1239,654.4020380625526
2015,1222,1089.1330717322708
2015,1293,1371.1950812232649
2015,1137,1027.06409189208
2015,1265,759.1776292780692
2015,1138,1413.3708625643806
2015,1355,1192.722459492917
2015,1140,1409.4975970046298
2015,1253,948.2812926212812
2015,1143,1190.8364086081356
2015,1108,443.4297621918197
2015,1184,1123.6870231107523
2015,1366,560.9795592362423
2015,1342,643.8432928608646
2015,1177,873.9914845860569
2015,1227,829.1823363043873
2015,1173,1394.1336695441219
2015,1105,579.0430457829584
2015,1166,1103.9277116755125
2015,1146,391.0289774439098
2015,1165,812.63377537759
2015,1206,830.5084337464732
2015,1163,1349.1413653174125
2015,1136,923.8360997471433
2015,1160,1101.35406908171
2015,1180,826.3759388863373
2015,1158,746.2719252363516
2015,1202,715.861692907703
2015,1155,1166.9740475566002
2015,1197,341.0688373468912
2015,1153,1386.9771148753957
2015,1384,879.0962688316213
2015,1149,986.0933941483888
2015,1279,1281.2106131789637
2015,1186,1155.0467801186862
2015,1411,1133.809041080342
2015,1189,866.1020097425675
2015,1194,580.347978938964
2015,1192,624.3024709657138
2015,1386,968.2906343653069
2015,1193,635.2452577298512
2015,1148,491.92132232308677
2015,1429,1087.6356380645627
2015,1451,768.9069078590398
2015,1123,680.7549071004079
2015,1426,816.6067282083824
2015,1133,752.8838127723061
2015,1424,1132.3539093695595
2015,1287,1086.7472901631445
2015,1417,1452.9825388222312
2015,1286,625.7483707960236
2015,1403,983.9087149649404
2015,1259,659.3631849793526
2015,1402,811.3592836276232
2015,1370,899.7511490280567
2015,1401,1211.1755844335894
2015,1322,1039.9347232668347
2015,1400,1338.9162135654942
2015,1295,1139.1306583504268
2015,1396,1382.8834806112939
2015,1110,955.5450099798439
2015,1395,1179.4736778506312
2015,1341,883.6416438698187
2015,1393,1227.2621271032785
2015,1244,522.9030315389457
2015,1392,1073.038816655825
2015,1162,849.6740889290678
2015,1390,1246.9078547050187
2015,1459,1265.3058469466225
2015,1385,1282.0944273549894
2015,1312,1058.069853995326
2015,1376,1228.946315347868
2015,1316,1183.6064488194377
2015,1338,1176.2323995852348
2015,1310,717.4433391766662
2015,1337,1112.8465405776253
2015,1201,1021.2918527695912
2015,1336,1190.7528810915558
2015,1288,484.18877194977824
2015,1334,796.4919203908593
2015,1442,507.8486732604022
2015,1333,978.5243046810725
2015,1349,899.0776662787673
2015,1332,1493.8973289684188
2015,1164,684.1557960169165
2015,1329,1220.5317795735614
2015,1368,574.3016750810237
2015,1326,1403.2829673784308
2015,1262,715.4457886920145
2015,1127,665.1544622333305
2015,1321,1118.3083848144365
2015,1223,674.411093866251
2015,1300,1055.7829249060994
2015,1307,898.367457078203
2015,1226,521.5641745877916
2015,1245,1117.0007916370685
2015,1464,637.3754595457273
2015,1247,1072.7632271137259
2015,1159,1043.442866788533
2015,1132,1107.6926284302433
2015,1179,848.3655665144786
2015,1263,398.0035231255281
2015,1145,932.2040603648787
2015,1436,1060.9683545250516
2015,1161,1279.1170429265876
2015,1285,1049.069618635946
2015,1199,1285.4244097448075
2015,1264,1239.7324776836927
2015,1383,1162.6057820486783
2015,1419,1030.0760676797724
2015,1412,1258.532762639161
2015,1344,1361.4138366375425
2015,1107,1235.5713254765706
2015,1340,812.3091068724472
2015,1425,1115.320102867704
2015,1331,1009.1960584076936
2015,1409,1325.593948869139
2015,1330,1218.851061451238
2015,1423,995.3108150310522
2015,1175,850.1360810130678
2015,1335,818.68617329716
2015,1367,909.8757873621396
2015,1382,1169.9216379250138
2015,1171,1096.5930106334008
2015,1387,763.1143826539012
2015,1356,909.8145893386591
2015,1325,859.6334801921644
2015,1111,972.3309189374712
2015,1315,537.9742130253669
2015,1305,769.8419974782394
2015,1142,939.9157398295781
2015,1261,1336.8594062474249
2015,1205,875.3673433929456
2015,1443,1014.0737028898676
2015,1122,593.6991130054247
2015,1304,958.0621858333033
2015,1303,861.0940889285578
2015,1106,901.5763906738136
2015,1275,1015.846933269118
2015,1221,847.844846036606
2015,1217,1238.2206013225587
2015,1353,805.77342675674
2015,1176,874.4382805534353
2015,1150,942.287771845415
2015,1200,944.4224663462784
2015,1318,1178.7900174948375
2015,1131,808.0814793093106
2015,1362,1081.3534396721684
2015,1348,1357.8844071516244
2015,1339,1094.6606273474179
2015,1363,472.06991386220625
2015,1371,934.658303299484
2015,1273,986.4474867906565
2015,1378,797.8403375266942
2015,1405,1100.6538470366154
2015,1414,1242.443523697248
2015,1416,795.6449467778897
2015,1391,597.5828849493122
2015,1157,1112.7808611451924
2015,1187,965.796205128963
2015,1358,1188.435830685472
2015,1229,1313.8618406337007
2015,1313,854.4352593017927
2015,1151,1219.911234324608
2015,1461,1203.5694807429718
2015,1294,807.2811960069863
2015,1178,883.2739630046817
2015,1299,562.3464991030994
2015,1379,738.8239161640855
2015,1375,808.8935782451631
2015,1117,641.9984172111454
2015,1408,904.9190051328127
2015,1457,1006.3795888972113
2015,1418,1145.582691000757
2015,1410,498.36095960860183
2015,1427,866.7104357302098
2015,1399,659.6999218273965
2015,1209,1295.0168666507398
2015,1236,966.9843427790729
2015,1188,907.9646082925757
2015,1251,513.1537756797657
2015,1174,895.7379679274087
2015,1276,1215.4785604914878
2015,1407,608.5920152696958
2015,1317,810.1376866935937
2015,1311,678.2867359955941
2015,1126,571.4245260667929
2015,1252,767.0269701740452
2015,1415,865.3047097063225
2015,1185,1123.3124775048939
2015,1195,1023.7792563582052
2015,1225,754.5433673024505
2015,1114,901.748005424557
2015,1141,1179.7979002702864
2015,1394,993.746450440972
2015,1198,860.6466849243083
2015,1172,1397.3140262688034
2015,1144,620.998997795677
2015,1292,1070.7982898991768
2015,1388,1171.8236404798774
2015,1422,887.1920133405094
2015,1272,1169.5756188870937
2015,1398,531.7329529658933
2015,1372,1469.5046100245058
2015,1101,535.9652682008312
2015,1254,747.3841441810164
2015,1444,1125.8824357049964
2015,1453,1190.1246847736754
2015,1191,1087.7818155377724
2015,1255,768.1175890583876
2015,1309,742.536236823172
2015,1413,1222.3938748860799
2015,1435,1334.4869350808362
2015,1296,978.2693862727407
2015,1260,1144.1501077135047
2015,1230,960.888156223543
2015,1182,1015.8630366353319
2016,1112,1523.319765224323
2016,1124,1442.5717932242444
2016,1143,1511.1945440014597
2016,1181,1354.3641197560814
2016,1231,1574.4217345992306
2016,1234,1347.5394631024915
2016,1235,1355.2031234561553
2016,1242,1763.1358265426825
2016,1246,1615.4912313920227
2016,1257,1473.809174469417
2016,1268,1414.3182714816357
2016,1274,1485.022508407779
2016,1277,1772.6363605438264
2016,1314,1706.7537746593032
2016,1328,1464.8446232387319
2016,1332,1719.2253488832787
2016,1345,1550.698478771659
2016,1371,1573.41415132433
2016,1374,1425.8447503393568
2016,1401,1542.1793240899826
2016,1428,1557.3628646388718
2016,1437,1596.4375025110423
2016,1438,1699.4893111718432
2016,1452,1540.766600733546
2016,1462,1508.1682938222298
2016,1104,1208.371061650285
2016,1244,850.4832866527457
2016,1105,617.838890948777
2016,1408,894.2855809304058
2016,1173,1317.9164834576336
2016,1369,483.9285738788219
2016,1174,660.1710327321119
2016,1175,519.9070045131157
2016,1373,1116.6387389333834
2016,1184,829.1205144682365
2016,1164,678.3801008286148
2016,1185,1134.5074853948315
2016,1436,1135.3773860806145
2016,1321,1199.1848954988652
2016,1262,741.1161707931067
2016,1308,1227.8882212983
2016,1223,764.3370028005413
2016,1307,992.9288227081518
2016,1411,972.7927892425969
2016,1296,1031.2073377692798
2016,1169,759.6519328534034
2016,1305,1037.0385197019775
2016,1157,997.4452931785496
2016,1295,977.0504047853932
2016,1413,782.0401886504867
2016,1285,1125.2722880513647
2016,1129,1161.165117525449
2016,1284,1302.6991458294485
2016,1417,1116.207753437585
2016,1187,867.5600939879369
2016,1212,367.79192042242653
2016,1329,990.2923558535668
2016,1404,972.580562430806
2016,1334,768.0252890318925
2016,1116,1175.6910633738642
2016,1380,929.9119334995476
2016,1115,525.7627573211935
2016,1370,875.1755317958123
2016,1125,1023.8587451901092
2016,1266,1205.3599286930373
2016,1372,1377.750568798824
2016,1133,585.665288257136
2016,1123,1022.4025064559753
2016,1120,832.5902485654814
2016,1412,1221.7971815442027
2016,1153,1331.0190268116548
2016,1441,1029.9488623222155
2016,1141,1048.5419490039467
2016,1240,671.9598720644002
2016,1349,865.8784267670202
2016,1323,1371.1616914773256
2016,1384,628.0956725316526
2016,1318,1097.422436150723
2016,1131,883.4972642098538
2016,1316,943.4600309725969
2016,1228,1100.834416058819
2016,1396,1288.789362873482
2016,1330,1268.9345324257242
2016,1310,571.5660132258021
2016,1163,1463.084176485608
2016,1263,544.8968276647983
2016,1170,792.1067479536846
2016,1113,1112.5939764854643
2016,1159,781.8170970966323
2016,1206,863.5425381356289
2016,1151,1262.2984544437566
2016,1208,1341.239444900513
2016,1158,1080.5153227513558
2016,1354,907.8487683950511
2016,1155,1228.6748511606531
2016,1300,663.4461294256814
2016,1140,1327.456917970034
2016,1430,772.4889599398226
2016,1424,1055.6685117795482
2016,1142,768.6877402070603
2016,1407,603.385071431503
2016,1378,961.2086075052757
2016,1403,1264.8356289002522
2016,1219,1029.0390826643652
2016,1367,586.4342471669762
2016,1398,1026.4677851727286
2016,1259,669.3485557610248
2016,1397,1071.581923481832
2016,1421,1229.5221459813897
2016,1395,1008.2402917993119
2016,1368,705.3586682597395
2016,1393,1279.5366639704416
2016,1250,1130.0957091736143
2016,1390,1101.9299013124548
2016,1453,1253.668735652767
2016,1389,1031.986805816301
2016,1135,650.1023049376445
2016,1386,1464.024132640211
2016,1180,793.0521350379374
2016,1385,812.2083709576688
2016,1447,1043.5607301945865
2016,1382,1415.7624462863243
2016,1127,738.0340255677754
2016,1237,844.5292912652416
2016,1232,978.6958903511857
2016,1241,1156.8086886699925
2016,1350,1074.6665802044613
2016,1294,670.8326701483876
2016,1243,1178.3687185298188
2016,1271,710.889086807052
2016,1260,1010.4558713977596
2016,1427,528.5349983773849
2016,1261,1199.007326553848
2016,1270,560.906834123117
2016,1291,754.5526107575089
2016,1410,598.1240645805468
2016,1107,1200.6148693664477
2016,1252,741.3639045622548
2016,1365,909.1388056190749
2016,1359,758.1599886508039
2016,1258,1002.4375397624892
2016,1168,637.2174430068559
2016,1213,1105.9114379488205
2016,1340,865.6462095373523
2016,1160,1272.322513956764
2016,1183,801.7054295820811
2016,1205,878.6625861421014
2016,1220,1329.3139703302784
2016,1145,847.1109671397635
2016,1218,1328.9135602818974
2016,1286,842.7567610064178
2016,1216,774.3747211700978
2016,1148,505.14219882860004
2016,1221,819.1003718047845
2016,1265,705.642959054292
2016,1201,1346.1268877834045
2016,1337,1074.5707100841696
2016,1210,1318.3178650655761
2016,1165,768.3545527733751
2016,1202,985.0805998036652
2016,1342,620.7002712944617
2016,1203,1198.2600650658435
2016,1248,487.39624730390295
2016,1189,921.4938701241317
2016,1150,1008.1137449943385
2016,1196,1244.5301377200624
2016,1298,818.4987977195797
2016,1188,611.6782652046231
2016,1117,611.4822811644887
2016,1281,900.9344541011833
2016,1459,937.6244885128103
2016,1280,1201.1783932830647
2016,1186,879.6970521218329
2016,1279,1192.271438046611
2016,1322,604.1686808156444
2016,1278,745.3964984676592
2016,1282,746.9431862193646
2016,1194,713.3827166561744
2016,1463,1322.0467106075441
2016,1193,1111.6898505034642
2016,1275,971.225422228332
2016,1460,1146.1575997402363
2016,1377,779.3910107406621
2016,1456,1191.3820544176465
2016,1301,1140.540717729107
2016,1455,1456.3570987803967
2016,1149,560.5410687756415
2016,1454,1007.6094780713506
2016,1176,1015.5971429009069
2016,1297,670.5981239501212
2016,1450,836.1161881804026
2016,1319,461.9211129117142
2016,1449,1286.6733348864782
2016,1400,1377.4831619148038
2016,1448,970.4520157589187
2016,1420,530.8442868667249
2016,1442,801.2217077976392
2016,1458,1364.522168896202
2016,1288,769.5733500472461
2016,1192,954.0033940379035
2016,1435,1364.8317723948026
2016,1122,1049.0054073812928
2016,1434,1292.8005072235167
2016,1236,1148.211131693517
2016,1433,1407.1220268373506
2016,1341,606.6664810956358
2016,1429,1066.8025938924607
2016,1451,1220.4075380223487
2016,1381,492.63453353491286
2016,1425,1314.917446936692
2016,1360,870.7062796521128
2016,1361,1384.3121928086537
2016,1229,1115.1039499615529
2016,1357,797.2226349989826
2016,1346,617.5449073898376
2016,1356,1023.924324571343
2016,1102,763.5095730282771
2016,1348,1124.5035000269081
2016,1110,839.1482823376052
2016,1299,539.252162240646
2016,1343,1322.0829053049063
2016,1351,847.1978224588996
2016,1335,797.8622749074863
2016,1352,736.0258846174586
2016,1238,781.5782421103206
2016,1331,867.9487040481155
2016,1283,856.2341054026685
2016,1171,916.4071817365106
2016,1364,1129.735646415677
2016,1303,956.1407611459036
2016,1362,904.2081901288726
2016,1227,604.6501848726671
2016,1166,1213.761107100909
2016,1245,942.0155841214439
2016,1464,754.0292901788248
2016,1312,841.072750091317
2016,1161,1071.7912098064276
2016,1320,1358.4041850110652
2016,1225,1042.626895752152
2016,1363,751.3283072546592
2016,1139,1409.0349874542032
2016,1154,487.58469404281635
2016,1247,927.8207363453654
2016,1406,1090.221820702388
2016,1269,1074.407092817348
2016,1224,532.6122626278003
2016,1272,1223.7147585848923
2016,1379,634.3420867886448
2016,1136,483.10605078051475
2016,1172,1282.8942211696994
2016,1416,905.1623594181453
2016,1358,1006.5683047797598
2016,1347,820.8462539728615
2016,1207,1117.5550467046212
2016,1344,1367.1369934599288
2016,1217,993.0645637618409
2016,1103,1279.8325758345572
2016,1156,701.841085167256
2016,1426,1111.0535315961235
2016,1200,1066.6966722007248
2016,1409,1261.3613838719555
2016,1146,575.6231171543036
2016,1376,1322.2436595558017
2016,1313,966.1384859057823
2016,1325,1153.0255831690743
2016,1195,1090.3536819074054
2016,1304,1159.2397366726602
2016,1290,557.6002286533092
2016,1177,858.5805802650565
2016,1444,919.8621649142592
2016,1130,784.6148788036238
2016,1383,881.9572202952278
2016,1111,791.5089447454504
2016,1239,775.9361562646865
2016,1106,798.0165960952148
2016,1439,1403.5691738076719
2016,1457,1107.8100961128118
2016,1214,1055.77160213744
2016,1132,789.9216763160522
2016,1309,538.8413910204537
2016,1336,1131.5216019512297
2016,1440,665.765308232228
2016,1387,927.4782431884641
2016,1339,846.1340169059348
2016,1197,342.8750778471078
2016,1353,776.8312781983591
2016,1391,798.3683063741848
2016,1414,1180.296129180223
2016,1119,881.4005505932469
2016,1191,1242.535564709279
2016,1199,1283.6031362855163
2016,1311,726.3494581309947
2016,1419,1211.8808743152167
2016,1375,818.090424777884
2016,1326,1386.9446296409399
2016,1233,1340.7126471415822
2016,1137,1004.4833786044342
2016,1138,1256.5978194501658
2016,1355,1264.7563643155884
2016,1423,1425.1698407296803
2016,1179,698.3997547081867
2016,1388,1360.4338389051557
2016,1264,857.8125323218316
2016,1366,784.4328979975339
2016,1144,668.6166616268392
2016,1273,752.3873775773669
2016,1418,1089.4441650788715
2016,1276,1294.72622082556
2016,1204,879.4264014573939
2016,1399,894.0239815236521
2016,1126,700.5037320090635
2016,1182,916.407791741713
2016,1249,507.58742145592936
2016,1287,1089.05350301804
2016,1461,881.2067200522839
2016,1152,431.0395108582694
2016,1162,1166.3814496047055
2016,1253,1174.714390398791
2016,1254,803.7017683013391
2016,1306,980.042300932762
2016,1167,1282.062581820737
2016,1293,989.4434619727588
2016,1292,1256.752547814435
2016,1251,828.9865833185758
2016,1333,1225.022571676583
2016,1190,1139.6378935879134
2016,1315,941.1295715763682
2016,1256,1080.3140390354138
2016,1324,1219.959981812695
2016,1405,962.6241740746339
2016,1230,961.9670060888482
2016,1443,1124.5573112150992
2016,1211,1450.654625581752
2016,1222,1386.829946076996
2016,1108,837.6562191594908
2016,1267,1101.8482721769092
2016,1394,1137.1708117701974
2016,1415,762.9661390805672
2016,1392,1245.473584836322
2016,1198,777.4123652295859
2016,1226,784.3066195580036
2016,1338,1298.884033903767
2016,1178,980.8060646068806
2016,1255,711.1874962339257
2016,1114,1360.8643490363706
2016,1422,892.0308888038462
2016,1431,956.7306938721168
2016,1402,934.2913040446869
2016,1101,736.0113655041657
2016,1317,806.3506322510133
2016,1209,886.4308537883886
2017,1112,1678.4258528611347
2017,1124,1420.492072763836
2017,1139,1418.2925028268264
2017,1153,1497.4253404438307
2017,1181,1670.8809495897442
2017,1196,1475.9544242661038
2017,1199,1446.919052237216
2017,1211,1684.9817100903026
2017,1235,1578.3219034630677
2017,1242,1614.8172655267413
2017,1246,1730.9279956028313
2017,1257,1499.693868473421
2017,1276,1652.5017105340569
2017,1314,1611.857289216072
2017,1323,1539.4967533982722
2017,1332,1637.3737181050906
2017,1345,1539.2121528466776
2017,1374,1698.593306954609
2017,1388,1501.764063161929
2017,1417,1543.2803495683956
2017,1437,1736.8451779614786
2017,1438,1465.828056942416
2017,1452,1531.9282286280084
2017,1455,1631.1454959983291
2017,1458,1468.2840170759441
2017,1104,1310.3499285843966
2017,1157,977.0197718355428
2017,1107,1127.5549931944524
2017,1336,1089.0674540437294
2017,1277,1340.9112357514964
2017,1113,1100.229154413595
2017,1340,797.3922941381829
2017,1116,1490.7901922274095
2017,1236,1025.6826930553204
2017,1120,1090.5755568963702
2017,1316,922.0180581063837
2017,1123,1125.5417743342457
2017,1387,958.4924795086681
2017,1331,749.3400182638144
2017,1127,615.8928294107068
2017,1165,763.8005365534441
2017,1137,1346.2101585386831
2017,1264,695.9713265716886
2017,1138,1192.5226536544383
2017,1310,802.9145903273311
2017,1143,1192.3752538436293
2017,1355,1188.546335535931
2017,1148,480.4161348521109
2017,1216,651.3618133126512
2017,1151,876.5518553518507
2017,1397,1121.3200443157214
2017,1135,823.0814903779333
2017,1311,699.8300924888744
2017,1130,885.4676855714463
2017,1342,413.44254925374673
2017,1202,1111.4945902900868
2017,1339,719.2826064242474
2017,1415,591.0450683707741
2017,1270,596.5818054748869
2017,1338,1147.2476417324528
2017,1185,946.5900715636808
2017,1337,785.8669077816901
2017,1142,734.2979549458919
2017,1335,1030.5382012964449
2017,1352,755.5186026823256
2017,1333,710.5096370835637
2017,1341,754.2585440215809
2017,1119,878.4238389972797
2017,1330,1098.3356619913288
2017,1241,906.0121167698583
2017,1329,1417.9498691143729
2017,1144,864.215335295329
2017,1326,1118.2016055476508
2017,1298,888.2434706913557
2017,1324,1226.616179517121
2017,1132,828.5342276397489
2017,1162,760.4155536835559
2017,1392,1016.9006019370901
2017,1158,1249.1517133874459
2017,1154,751.7680718363997
2017,1155,1284.2551340266684
2017,1208,1232.2294402502912
2017,1160,1315.9672651809408
2017,1170,792.8799506801394
2017,1321,1311.7168313290701
2017,1290,530.4633645878299
2017,1307,1058.761572337235
2017,1226,492.4614858675795
2017,1301,1020.5264618684645
2017,1204,928.8754101273396
2017,1296,799.7293518367743
2017,1232,884.2768150941694
2017,1408,829.6419855251153
2017,1318,861.2080359495042
2017,1131,985.4578832773336
2017,1402,1116.4713816147155
2017,1194,745.7793521779319
2017,1401,1187.3562928123235
2017,1322,760.8048287568113
2017,1400,1037.9631048105562
2017,1230,718.7840668354037
2017,1398,863.1795752634418
2017,1413,1053.090770412903
2017,1396,1007.7076005068895
2017,1247,935.8498945031831
2017,1393,1346.7631440515438
2017,1159,787.3126674480384
2017,1390,987.6941203280379
2017,1217,1125.4876064631003
2017,1305,1518.4948055034045
2017,1295,955.2815050580839
2017,1117,931.839588706076
2017,1293,785.1512588333956
2017,1229,1396.707810064635
2017,1284,1286.3352901255998
2017,1180,732.4189805040949
2017,1283,1006.1578377986907
2017,1105,336.3037355977492
2017,1280,1031.8345116040034
2017,1313,847.2508500881087
2017,1385,1152.5613412676855
2017,1126,634.508470543559
2017,1366,774.2788763496548
2017,1240,1114.5810532783355
2017,1409,990.6636844674487
2017,1243,1252.8327728923032
2017,1442,682.8617443110207
2017,1372,1001.272233060088
2017,1269,928.5086175000863
2017,1262,710.2827183186143
2017,1274,1393.9501565831372
2017,1441,702.5983515940525
2017,1224,573.0190640830706
2017,1278,1413.6587374916146
2017,1418,1107.0713766697515
2017,1191,1016.3045789287179
2017,1260,1067.1553416215684
2017,1108,873.6792479110204
2017,1266,1378.2985817487786
2017,1435,1438.3006705705382
2017,1268,1282.4741145466749
2017,1110,666.9150553832977
2017,1265,673.9640483355989
2017,1166,1431.0184142650594
2017,1282,935.3778341051606
2017,1173,1411.6306039373258
2017,1122,750.3627368988568
2017,1222,1232.769199625786
2017,1288,749.0576780013419
2017,1220,983.3187264952074
2017,1164,475.1784092480635
2017,1430,938.6032909816574
2017,1210,1141.3855889500048
2017,1399,735.0045291879492
2017,1203,1269.0352802083971
2017,1271,693.1983135335473
2017,1201,1295.6596618554543
2017,1427,849.7792472881191
2017,1195,1260.6001097723772
2017,1193,948.041690819025
2017,1357,674.7532215219975
2017,1190,1346.887226671049
2017,1200,930.5705938028296
2017,1188,515.6682897705864
2017,1218,777.2060265466438
2017,1187,1048.0161902971909
2017,1212,762.2264904392653
2017,1184,775.0685733025218
2017,1237,891.3773263390561
2017,1182,836.0942661313773
2017,1259,798.6148707565565
2017,1231,1259.4415935321692
2017,1228,1273.1761968584665
2017,1369,836.0218101890716
2017,1234,1219.6308879828782
2017,1244,913.8380548163898
2017,1279,1234.1732932166963
2017,1404,879.9309731832229
2017,1462,1207.296005695501
2017,1250,1121.395722576725
2017,1460,1083.888099201089
2017,1356,1103.8302772170903
2017,1146,554.4188950217952
2017,1354,613.7103400645269
2017,1291,1063.4681825741734
2017,1450,995.911611793398
2017,1286,835.3533833943582
2017,1448,1357.3645726700006
2017,1347,732.9064201536069
2017,1447,909.3448894132407
2017,1163,1204.7854220049655
2017,1439,1371.4840027260802
2017,1263,547.7889039467469
2017,1422,1261.8663135325776
2017,1248,703.3895884739649
2017,1434,1133.337436058965
2017,1381,503.3519633648083
2017,1433,1440.1932621655858
2017,1421,1172.5618996131748
2017,1429,1084.609354596999
2017,1414,1098.67269851323
2017,1425,1291.0343529789598
2017,1285,884.3368572491958
2017,1334,854.4826204250388
2017,1412,853.3969048489258
2017,1115,350.5646467370214
2017,1403,1064.4467743349715
2017,1223,1084.2574205804337
2017,1376,1237.9725462259344
2017,1256,1087.1135925988553
2017,1375,788.5966815067337
2017,1424,827.688829915694
2017,1205,1070.620841539089
2017,1371,1466.8155116105142
2017,1192,630.4745440957914
2017,1365,1207.4091499520223
2017,1319,646.5196540892769
2017,1362,1111.7544704765467
2017,1227,815.2062688362189
2017,1361,1210.9586131987487
2017,1360,874.4470959434174
2017,1351,948.4218970345354
2017,1214,766.7722566802242
2017,1350,1304.889450420216
2017,1440,577.4976068549291
2017,1348,1543.0285149913952
2017,1171,693.2939220770196
2017,1378,657.5004413101108
2017,1197,386.32118054702363
2017,1377,1152.5049037239978
2017,1179,670.0418511288374
2017,1436,1460.3542514178075
2017,1346,570.3874439604685
2017,1464,730.5464311500206
2017,1103,1250.807475566924
2017,1426,1217.2814710283667
2017,1411,1056.8410470841616
2017,1382,1176.4663827120537
2017,1384,911.7014121400617
2017,1261,804.1289157199071
2017,1459,1011.4015941429773
2017,1325,1134.0388922956138
2017,1380,661.4935323587864
2017,1303,1086.7523686103002
2017,1364,665.2051696601791
2017,1136,728.9073044350166
2017,1149,739.6528362414973
2017,1207,1132.8900935329166
2017,1367,808.6532983976547
2017,1239,703.8421138517227
2017,1176,841.9406112150054
2017,1245,1269.2219837872217
2017,1156,725.0436387950083
2017,1267,1096.02526865268
2017,1300,1089.2784502278848
2017,1386,808.7761434351115
2017,1405,1113.6453559693102
2017,1406,1130.414928769892
2017,1206,1151.193772677105
2017,1443,931.5228255155785
2017,1106,435.4802211957506
2017,1294,733.8014024466264
2017,1172,1228.935894852823
2017,1111,743.1602399244063
2017,1213,1207.7933517349481
2017,1297,1260.0230258071315
2017,1145,954.4851590025983
2017,1255,409.4894622931116
2017,1253,932.259224052923
2017,1328,1117.6213745004188
2017,1420,905.7970927584934
2017,1169,665.5481125596111
2017,1175,554.6582663059119
2017,1410,581.0413873376373
2017,1221,804.0726581814017
2017,1373,1158.112478522616
2017,1353,1029.804984646449
2017,1349,1048.2586230852462
2017,1463,1068.8062235413363
2017,1449,810.6600724855368
2017,1304,1002.5454679227279
2017,1174,775.1838542410003
2017,1133,1035.6707899908897
2017,1177,851.8338507322767
2017,1281,923.3710039700695
2017,1287,812.4008602029787
2017,1252,1068.864129939268
2017,1383,303.8918781418824
2017,1161,1304.0455822956392
2017,1308,1240.104164083077
2017,1168,925.4816057856704
2017,1273,1047.10014896373
2017,1389,1154.4274726275855
2017,1391,611.7387738885091
2017,1198,763.2568369326737
2017,1456,1105.5622257734371
2017,1272,1084.336753006785
2017,1258,1108.1228944075574
2017,1306,1071.4477879081633
2017,1395,1209.6328105453433
2017,1419,766.9791796864233
2017,1368,822.2093514683471
2017,1407,1288.0777969545193
2017,1183,761.164417684757
2017,1461,1008.4290897110038
2017,1423,1407.4228579523538
2017,1416,1315.822694395565
2017,1312,653.5096031471907
2017,1186,994.3650948438701
2017,1444,1206.2501864953842
2017,1358,863.768648422973
2017,1453,1014.5504797198066
2017,1344,1390.6840614867554
2017,1359,958.5404464609306
2017,1150,822.216656216839
2017,1189,1016.486255957598
2017,1141,768.4397113147157
2017,1102,917.314983686772
2017,1209,1136.7083091298782
2017,1178,656.8570511791421
2017,1299,241.09519934564318
2017,1370,714.820568217476
2017,1140,1283.1699142635553
2017,1343,1401.355612238529
2017,1167,1153.7919653999415
2017,1317,603.1531209253336
2017,1363,850.2618012364748
2017,1379,731.1434600867866
2017,1292,1453.830400380939
2017,1451,1001.7652728882149
2017,1275,727.7910865155884
2017,1457,1299.8802960559533
2017,1125,1152.5383754730597
2017,1251,901.2500964654276
2017,1219,856.3203793956347
2017,1233,1184.5738263200715
2017,1454,855.9637633919037
2017,1238,662.1565591013245
2017,1225,972.3347137677662
2017,1254,906.5997804395424
2017,1249,914.5068102637796
2017,1394,1056.47887731623
2017,1309,1135.1227524678065
2017,1431,1145.870896316152
2017,1152,509.2956794550291
2017,1129,1106.6818600392253
2017,1101,689.4474502787688
2017,1320,1004.1961873248334
2017,1114,804.9831746507253
2017,1428,1356.0123671694544
2017,1315,1211.4253735428667
2018,1112,1616.3549347351704
2018,1120,1359.6184047411107
2018,1153,1606.7254228929814
2018,1155,1389.410429279405
2018,1181,1625.893737868048
2018,1196,1395.0026187521037
2018,1211,1591.9883040261054
2018,1222,1520.0742597667677
2018,1242,1625.2479514956156
2018,1246,1556.1754984593974
2018,1274,1338.7649298886552
2018,1276,1748.0014513132019
2018,1277,1587.8366513223
2018,1305,1364.286749472154
2018,1314,1568.5979366900326
2018,1326,1414.3995045543047
2018,1345,1585.716026560156
2018,1388,1343.705749770335
2018,1397,1508.3131363910018
2018,1403,1416.2290850954141
2018,1437,1710.2527101957216
2018,1438,1782.4008801768498
2018,1452,1485.936011520017
2018,1455,1487.388323692154
2018,1462,1593.5003104831355
2018,1104,1296.990522183788
2018,1272,1209.2184372517845
2018,1206,1009.7648736832105
2018,1248,743.7881209567856
2018,1411,969.5411111078349
2018,1366,757.4067727430568
2018,1441,846.115450669906
2018,1139,1358.0216474173083
2018,1244,690.0095895629029
2018,1184,797.5662528212537
2018,1349,763.3206319879492
2018,1189,626.0691401482146
2018,1174,802.9186225544246
2018,1350,1079.8354643272478
2018,1173,1020.3665754713589
2018,1123,990.2587052605865
2018,1172,1471.1096119631281
2018,1149,930.6030661673119
2018,1166,1300.68908511666
2018,1463,984.6930002070764
2018,1163,998.7962696210282
2018,1159,1031.794791750269
2018,1161,782.2263822066287
2018,1170,622.6255231612048
2018,1160,1173.8009926313337
2018,1294,1103.0859832644012
2018,1158,1296.6643487972253
2018,1373,554.1504212179456
2018,1208,1246.8072716719948
2018,1136,408.04910237620805
2018,1449,1138.718964898193
2018,1125,1175.4731401246422
2018,1451,953.3194421592636
2018,1429,1042.3361633696582
2018,1204,1067.7391994461289
2018,1448,1010.010370132199
2018,1203,1003.3236193682715
2018,1224,525.9764507499342
2018,1191,951.1638769976032
2018,1117,680.2073659844538
2018,1287,776.3281001961734
2018,1461,1068.6267190741896
2018,1151,731.030661341951
2018,1439,1291.551519844534
2018,1178,576.7288913908474
2018,1162,826.0209415302613
2018,1435,1058.490216061001
2018,1122,979.9827946993389
2018,1282,759.5648338936444
2018,1458,1251.3985366191284
2018,1354,555.2468732352174
2018,1422,1396.103455207535
2018,1387,1132.6322186197103
2018,1370,985.0049939128902
2018,1385,1209.9612682042007
2018,1309,805.1557479935184
2018,1378,953.865910206436
2018,1194,848.9884382639766
2018,1376,1187.0143113556403
2018,1459,1133.5823176533036
2018,1374,1037.3364337549513
2018,1420,1232.8787500238554
2018,1371,1419.7121921665896
2018,1192,869.3095578726717
2018,1356,1042.8735582785441
2018,1457,989.7254086543475
2018,1355,1385.1862233613201
2018,1414,1060.995245651212
2018,1351,1084.2330678015953
2018,1214,998.2327982081416
2018,1348,1402.8060842925834
2018,1421,1044.3500474978077
2018,1188,603.7292182909509
2018,1344,1362.3583700842066
2018,1223,416.1756530433535
2018,1336,1377.8890281459096
2018,1144,836.8466398318885
2018,1333,1152.2631729198918
2018,1381,873.5902767452824
2018,1332,1326.402284610453
2018,1164,378.80289831000493
2018,1267,1282.2093182223807
2018,1404,595.1266996607651
2018,1269,829.0626485354859
2018,1262,775.7282150546181
2018,1268,1274.6871035207064
2018,1392,935.8570559253659
2018,1219,690.0014982347418
2018,1456,1073.1790381886788
2018,1220,1060.5283428347348
2018,1119,589.6754125653987
2018,1221,868.9876192049251
2018,1357,664.2770761749651
2018,1205,806.7637101728237
2018,1275,975.2157896169575
2018,1200,758.138991933855
2018,1316,740.6811557483866
2018,1278,915.2042791682088
2018,1367,422.3519346033339
2018,1279,998.4427827666119
2018,1418,1185.7683939645667
2018,1280,1257.7445758354372
2018,1106,545.1834273909092
2018,1281,1352.111936382934
2018,1235,1003.8995040109552
2018,1283,961.7554876987806
2018,1443,1344.7886329792523
2018,1284,954.4292312084334
2018,1137,1333.312556954137
2018,1286,681.968197546453
2018,1303,688.7451311559391
2018,1266,1321.6713272393204
2018,1291,1078.9681324671171
2018,1260,1472.840742532371
2018,1460,1169.382396864177
2018,1261,1222.7689157930058
2018,1108,562.9154086013483
2018,1218,938.5627425178677
2018,1115,726.1868184662393
2018,1213,1195.5121377896112
2018,1197,657.948585182537
2018,1216,972.2414442318525
2018,1148,676.5839423198227
2018,1253,869.4181867020277
2018,1362,1142.1009866683871
2018,1249,883.7875800107603
2018,1409,1330.4047915147655
2018,1430,1195.2189524734574
2018,1243,1388.5911381105782
2018,1110,532.3635460925279
2018,1398,873.2510985242387
2018,1234,1142.9718979836555
2018,1152,503.3624561222747
2018,1232,933.3750815021682
2018,1231,1179.1308529594664
2018,1228,1058.6724880004008
2018,1380,694.5482055116256
2018,1227,918.5957313210762
2018,1300,834.1876198707276
2018,1270,738.8527899108933
2018,1433,1076.1538327847572
2018,1212,774.8887922419699
2018,1428,1352.168906083969
2018,1341,809.9877563697487
2018,1116,1394.1304388475166
2018,1359,698.4422183998001
2018,1113,1148.670524240849
2018,1226,790.4244463767808
2018,1319,557.1753926911363
2018,1107,1007.8551309829439
2018,1233,1163.9005874601128
2018,1425,1433.721646970734
2018,1168,1118.4205087285247
2018,1416,1153.1572362451607
2018,1273,1065.8904282185156
2018,1415,676.6469954216004
2018,1143,782.5676409633118
2018,1412,1144.8451549051836
2018,1239,828.11581385077
2018,1408,915.7082890189655
2018,1254,1053.7761899068344
2018,1375,748.0188569174562
2018,1400,1324.4546211724635
2018,1322,463.1946045527819
2018,1342,576.7404490705336
2018,1395,1438.3329564231346
2018,1419,958.6010221894137
2018,1393,1239.800952639971
2018,1165,818.3984627356758
2018,1390,1234.2753909779285
2018,1142,572.49139446861
2018,1298,885.2688772323911
2018,1338,829.5254886582127
2018,1297,1067.7268715972612
2018,1190,1201.2386340543192
2018,1127,640.8452643882663
2018,1288,627.3469963449247
2018,1124,1289.159244511726
2018,1146,950.7937743726475
2018,1313,810.5945550157634
2018,1329,1336.0540364628198
2018,1337,769.3154015644958
2018,1352,729.7518689776758
2018,1324,937.5268932347566
2018,1236,990.3057548142493
2018,1321,995.796807818578
2018,1259,665.2782088167775
2018,1318,1210.7820002869996
2018,1131,861.8235576136502
2018,1315,762.3650598288642
2018,1407,929.9960631780685
2018,1320,1124.32960824253
2018,1311,1003.6440123024204
2018,1410,774.7985014497734
2018,1310,976.973742964926
2018,1382,1411.1405854115117
2018,1225,1070.3508140932486
2018,1330,1279.4574561806269
2018,1406,884.3604884274688
2018,1132,849.6234709308922
2018,1180,847.601000360461
2018,1130,1190.6523830720876
2018,1263,494.8591370996002
2018,1301,1398.8498358194463
2018,1440,608.3384623362971
2018,1182,839.313563794851
2018,1383,746.0310134236565
2018,1245,968.5523180607915
2018,1464,573.1660231930664
2018,1247,1027.6503533170505
2018,1389,909.7281052059913
2018,1323,1324.8947061119784
2018,1177,1105.844726759381
2018,1193,1018.7279897898798
2018,1335,1274.5207829876833
2018,1304,1476.3516424387676
2018,1183,831.8412782159827
2018,1401,1297.292249248172
2018,1384,950.7367532462955
2018,1372,1249.7390203293326
2018,1255,585.0038671708422
2018,1364,1042.1705033505132
2018,1295,887.0553741160629
2018,1405,1120.8549457147717
2018,1386,1282.7320680484256
2018,1250,980.9874431240803
2018,1265,672.8164395250247
2018,1103,806.1562277078267
2018,1156,788.3067244469526
2018,1340,1008.4279161227267
2018,1339,714.4400830473329
2018,1325,987.3745728538573
2018,1105,338.319180569435
2018,1346,730.7667033660164
2018,1171,619.6771800405852
2018,1417,1370.9142479128247
2018,1210,1015.03824652984
2018,1426,1128.9108617663508
2018,1258,895.3957024691073
2018,1447,1046.8018298694915
2018,1312,730.835079093439
2018,1424,1064.070800957498
2018,1195,1072.1185775473757
2018,1229,1144.569623176576
2018,1133,1007.9799468601997
2018,1237,772.9808732938691
2018,1138,1401.3902527927248
2018,1145,1168.4879335464857
2018,1140,1270.937753072585
2018,1290,390.75356239408
2018,1328,1203.8519788865178
2018,1347,1151.0190729784854
2018,1360,1062.6200076286445
2018,1363,561.2568472992051
2018,1353,1096.3342064526682
2018,1176,1013.6602758400649
2018,1391,595.0659014967162
2018,1198,852.5635654406385
2018,1334,962.808074960135
2018,1102,881.1566383355934
2018,1402,822.468413949265
2018,1299,819.6545082790271
2018,1343,785.353776465823
2018,1129,1237.8870900695322
2018,1436,1295.552231016883
2018,1187,833.3744454954196
2018,1207,1086.5841880706732
2018,1217,1171.9423460671844
2018,1271,375.4761212861254
2018,1257,1326.575746874081
2018,1252,1168.2977523587326
2018,1154,670.9901680928963
2018,1186,1140.696318571648
2018,1450,905.372368063542
2018,1150,655.3675153889827
2018,1241,786.2781392065615
2018,1444,982.4410358529113
2018,1377,1233.348788379046
2018,1308,1360.3125381267466
2018,1399,906.1914346808251
2018,1368,1145.7358565416598
2018,1413,1133.765574174838
2018,1126,899.2032797889979
2018,1454,894.4605008248703
2018,1331,751.8768124950142
2018,1292,1372.579128874723
2018,1293,1370.0666054983883
2018,1317,911.1223542327334
2018,1101,734.7102695549905
2018,1394,760.418681858329
2018,1135,651.6138443298084
2018,1175,331.34523841589413
2018,1201,1173.7914244219373
2018,1169,557.8167260560839
2018,1167,928.8722351643404
2018,1240,1061.3058778035054
2018,1256,973.1028760872215
2018,1369,797.993774642819
2018,1141,1068.9942968037085
2018,1285,1340.6898380920443
2018,1361,1540.1604004633336
2018,1423,896.8256390220365
2018,1307,1294.4112764382637
2018,1238,471.1243749505942
2018,1251,1019.759789962497
2018,1114,639.1237462710865
2018,1296,809.7658285632882
2018,1453,805.0501520651
2018,1306,661.388274975501
2018,1157,741.3498814451283
2018,1209,1246.719906745758
2018,1202,1157.8145709041517
2018,1199,1212.0242970363347
2018,1365,842.8865034440076
2018,1427,1060.724057627517
2018,1442,781.3928098424049
2018,1434,992.180609019751
2018,1264,913.8997471194374
2018,1111,913.5250225389377
2018,1431,859.6754906155766
2018,1185,1211.8299097259528
2018,1379,884.2671381522881
2018,1396,1171.9400169851572
2018,1179,1008.8136486559193
2018,1358,953.2268458452356
2018,1230,523.4620403109786
2019,1120,1696.6232964408964
2019,1138,1564.1614532221968
2019,1153,1617.5108789311982
2019,1181,1698.3386590958173
2019,1199,1628.8949231490942
2019,1211,1593.0195085932628
2019,1222,1596.837804852381
2019,1235,1455.4227871156377
2019,1242,1416.0094237110288
2019,1243,1509.900267129295
2019,1246,1648.374585570146
2019,1261,1578.5442006544347
2019,1276,1531.0562999350896
2019,1277,1746.3447159134014
2019,1305,1389.7033575477142
2019,1314,1795.2498653822552
2019,1345,1518.6090188026708
2019,1397,1623.0366696213127
2019,1403,1630.1596064508221
2019,1429,1514.3890835163809
2019,1437,1509.6105532444176
2019,1438,1657.5810474859
2019,1439,1467.4286237315816
2019,1458,1496.7205207541522
2019,1459,1521.744031190038
2019,1104,1161.2166189323739
2019,1380,591.239311097438
2019,1113,1283.2698648219214
2019,1168,975.5186602401087
2019,1119,761.6238058229006
2019,1265,634.3793216965823
2019,1375,928.894131877016
2019,1123,941.7448393324742
2019,1232,887.2086310976558
2019,1130,1068.5045616439245
2019,1454,558.6978124453267
2019,1131,880.3194912928983
2019,1318,1337.4274689877132
2019,1384,1004.391179917117
2019,1144,1095.7772330780367
2019,1423,723.2834883592459
2019,1189,811.5652168492002
2019,1264,732.3010776190712
2019,1197,699.6544035118463
2019,1239,651.5760460810704
2019,1196,1395.4913230058287
2019,1207,1166.310469516441
2019,1271,434.71286928235
2019,1338,1009.8573101695828
2019,1464,810.4864686520398
2019,1288,385.9590688328993
2019,1406,752.3243500499925
2019,1444,705.0490986600395
2019,1178,667.4344469353978
2019,1449,1377.0523735811455
2019,1443,1225.8809701734576
2019,1164,558.8877938532343
2019,1462,1329.5351614910337
2019,1237,853.1224063617415
2019,1378,1073.2980276226967
2019,1105,322.74186097634674
2019,1385,1128.2537814865593
2019,1259,737.6374504182882
2019,1387,1381.1758324015361
2019,1369,776.8280488224715
2019,1390,1048.725474065118
2019,1370,971.6193395633318
2019,1392,1059.8437975391284
2019,1203,761.2032788121113
2019,1344,1305.1901436079645
2019,1373,895.8871923577233
2019,1348,1204.5815679780208
2019,1136,627.0766588299388
2019,1193,652.2327290056587
2019,1360,1221.672456511031
2019,1451,874.6438763609051
2019,1359,892.9275117349684
2019,1466,684.0076063680772
2019,1361,1247.993144063257
2019,1115,670.7952450188977
2019,1355,1206.8077763192036
2019,1213,1140.7967743838735
2019,1230,365.6990292934309
2019,1393,1299.832865013418
2019,1186,979.5763341293881
2019,1396,1319.6878963407064
2019,1247,948.0341148615043
2019,1400,1275.3696671655025
2019,1183,583.9319741314492
2019,1411,934.8191837631853
2019,1124,1185.4364206510502
2019,1409,1093.1835809059132
2019,1108,468.5568182158792
2019,1412,1160.3119054793242
2019,1273,812.6359938891504
2019,1362,1102.9917035217215
2019,1413,831.4747944413289
2019,1376,1256.268110585171
2019,1367,451.6300600427231
2019,1371,1388.4388157523324
2019,1447,698.0323153702623
2019,1364,1050.9266182572146
2019,1461,739.0840091942944
2019,1221,759.9220234079638
2019,1357,971.377685648352
2019,1209,1282.0692049613
2019,1190,1160.4365577343412
2019,1187,805.4194110806692
2019,1175,344.5912103665289
2019,1176,643.1504070302146
2019,1263,485.55565435109645
2019,1172,1282.9474815794758
2019,1156,855.5450886847971
2019,1166,1416.614086592901
2019,1442,666.8297117477252
2019,1165,988.5224867853639
2019,1127,750.5400750346563
2019,1158,1183.6642940965942
2019,1342,908.6955934900035
2019,1155,1462.7886247069334
2019,1154,652.1662716652688
2019,1151,733.608915063085
2019,1150,788.1164654910906
2019,1148,551.2883792186572
2019,1216,970.4175586466758
2019,1435,814.163900765199
2019,1457,867.6587269706048
2019,1433,1429.7143409287446
2019,1205,1141.216701477788
2019,1286,832.6020668890196
2019,1425,1093.3590977615636
2019,1352,854.9430032083305
2019,1422,1252.8098297767963
2019,1299,926.5948874260921
2019,1419,1061.5739776759183
2019,1238,625.1826733315095
2019,1417,1069.907728709576
2019,1236,990.7682991232766
2019,1416,1389.7396237529017
2019,1351,842.4832558245748
2019,1414,1345.0373779237202
2019,1225,407.5205365988521
2019,1332,1492.9412171369615
2019,1340,929.0736987919557
2019,1269,749.9343312776596
2019,1262,749.4192781608583
2019,1272,1474.4879247211552
2019,1399,555.6978287078759
2019,1313,947.08449791392
2019,1278,1281.8806795213095
2019,1303,1059.5904949146493
2019,1281,1164.8431595109075
2019,1146,742.6746095719321
2019,1283,978.5603825892562
2019,1331,650.6032627870039
2019,1301,1386.8600096970345
2019,1291,647.4134976681881
2019,1304,1206.97971792675
2019,1290,456.8138948597642
2019,1140,1204.1523737252462
2019,1307,923.5658282831876
2019,1169,866.0223694599015
2019,1308,1492.2743314247446
2019,1295,1024.8984538429636
2019,1312,953.1999808579026
2019,1159,1332.5865000795127
2019,1323,1025.7415579978563
2019,1227,826.5870972323091
2019,1330,1295.5208595664687
2019,1298,887.7689331131271
2019,1334,834.0992353875886
2019,1188,698.3627676962758
2019,1333,1180.2706706628585
2019,1415,614.3747100880598
2019,1335,1156.2047610914012
2019,1206,1046.5809400837122
2019,1250,900.7610781326911
2019,1284,882.890319145341
2019,1368,985.6721697454701
2019,1226,591.4432517003509
2019,1229,944.5000243258819
2019,1195,932.421862138945
2019,1231,1214.2938120117287
2019,1152,426.0067621712518
2019,1256,1041.4290192476003
2019,1455,1312.53987269263
2019,1106,529.5801549411892
2019,1268,1311.775551792123
2019,1174,802.2986183898178
2019,1266,1361.7504401624699
2019,1420,1029.76222170401
2019,1260,1141.7229453218235
2019,1282,878.7676828324683
2019,1112,963.6815009280695
2019,1223,767.9095479622448
2019,1177,1143.5459434087745
2019,1126,718.1015861262016
2019,1267,1124.6047226980832
2019,1184,843.8184419176588
2019,1137,1099.5852390647947
2019,1382,1346.1311344235746
2019,1173,1242.6021345905185
2019,1316,957.0901317511403
2019,1389,770.6017885995541
2019,1248,771.1797550777662
2019,1395,1243.0804138412882
2019,1167,797.4992182596378
2019,1401,1141.3381704866263
2019,1366,561.3822626810777
2019,1456,952.2593647410868
2019,1219,885.8593010875245
2019,1460,1154.813944598653
2019,1441,675.2448310862129
2019,1388,1473.670494166644
2019,1270,576.6821332550678
2019,1326,1217.2904898500733
2019,1374,1172.6824498637116
2019,1322,506.4855349264737
2019,1321,999.9893256211467
2019,1309,978.2764344233336
2019,1257,1335.585839656577
2019,1311,790.7790897271972
2019,1234,1221.2515157942487
2019,1228,1072.9634102744328
2019,1191,720.0809374979168
2019,1163,1087.6198422428263
2019,1287,870.1106213963503
2019,1428,1206.7214323963515
2019,1255,628.4296475482665
2019,1350,926.9843355446769
2019,1254,885.8101395510389
2019,1135,1073.3821638904483
2019,1328,1290.677236928616
2019,1410,1069.21448128382
2019,1217,1131.3123722998575
2019,1431,608.4051630874256
2019,1297,1237.8872717490794
2019,1296,1125.8967308632234
2019,1285,1180.6649217184654
2019,1463,1287.838877490116
2019,1143,865.7636110173567
2019,1110,893.7515983013474
2019,1101,1173.5594956597856
2019,1117,759.1270539413867
2019,1185,996.5013840962724
2019,1180,808.223946674372
2019,1171,752.8660744526361
2019,1356,1088.2909667503236
2019,1244,465.96169534733116
2019,1241,801.7026491502388
2019,1233,1129.40665817788
2019,1107,839.2509056887111
2019,1453,928.2329447103428
2019,1220,1162.7479136310028
2019,1280,1456.8415021479573
2019,1122,1085.8708776809942
2019,1274,1174.7132144348332
2019,1306,562.0303625168337
2019,1149,981.6503420384647
2019,1202,1277.8046508810885
2019,1208,924.2992371641707
2019,1210,1029.9898842727541
2019,1249,1008.6728086325195
2019,1218,904.4664654966667
2019,1339,593.921724215521
2019,1253,945.5583868900999
2019,1214,950.0707330533548
2019,1405,1291.013428047127
2019,1324,1056.1066511484867
2019,1436,1317.2173386281158
2019,1132,1151.6333300541676
2019,1386,1039.492159070919
2019,1430,1282.6943621796993
2019,1452,1161.3888355155693
2019,1240,1191.2288042103955
2019,1353,1065.3516867501455
2019,1192,1146.6345355660067
2019,1347,1138.7597861061654
2019,1341,1079.2269756037063
2019,1365,1012.8166612412595
2019,1440,871.3740818249271
2019,1336,1327.0645190594296
2019,1402,1025.1429803749897
2019,1102,863.2355540023556
2019,1116,1187.6735161250595
2019,1418,1011.9945922105007
2019,1157,916.0065634888256
2019,1300,848.4098911610641
2019,1349,824.2659472020327
2019,1141,1193.38242624015
2019,1407,744.0489630438439
2019,1448,1004.9473866510883
2019,1404,847.5548608708915
2019,1346,865.75549150073
2019,1426,1166.875644698012
2019,1320,1057.197192222765
2019,1354,546.8869299320893
2019,1129,1034.8808618244454
2019,1200,780.0020529834968
2019,1315,785.5536883711019
2019,1293,1377.1900837773212
2019,1279,1204.4991517021208
2019,1162,937.5348035599771
2019,1381,838.1926396761828
2019,1363,539.7569466946525
2019,1319,685.3053234340852
2019,1317,886.7480052617047
2019,1103,1170.42231873119
2019,1125,1247.7762973797826
2019,1258,1088.314413898916
2019,1424,1067.6136822063927
2019,1252,1245.5971393085906
2019,1398,661.4887516537794
2019,1245,1090.6130919152854
2019,1182,980.7921558684409
2019,1133,1138.384679708533
2019,1139,1122.821174060995
2019,1275,909.191649076273
2019,1329,1178.7863377964268
2019,1161,896.3661117102611
2019,1111,848.7289866445005
2019,1142,579.6399395824903
2019,1383,798.8352156445104
2019,1358,1072.9987309578573
2019,1194,937.4530565427311
2019,1408,646.1351242131554
2019,1379,1249.3319705434667
2019,1391,654.9623972460406
2019,1450,819.5582154662529
2019,1377,894.5444760543435
2019,1394,749.945368687851
2019,1325,939.6979050834541
2019,1310,566.602166622959
2019,1427,1017.2090555320129
2019,1292,830.1538469665833
2019,1114,769.7979029732978
2019,1198,948.2999205060482
2019,1204,1146.6764111764285
2019,1145,802.8431779316389
2019,1294,905.8887580714563
2019,1337,1128.3926863330837
2019,1372,600.3100303816178
2019,1421,491.7964447378999
2019,1465,963.6943804772756
2019,1160,1370.888313514871
2019,1179,1191.1646283278785
2019,1212,799.5197804271575
2019,1201,1216.2942741428192
2019,1434,883.070268056743
2019,1224,818.1730078028486
2019,1343,954.308972307775
2019,1251,1331.4721613210643
2019,1170,823.0414560927559
2020,1114,1017.5381817276469
2020,1283,1238.53501430707
2020,1456,1031.7514742132166
2020,1219,603.0761075878074
2020,1461,871.2340477232907
2020,1226,622.6448332169581
2020,1462,1248.005524029572
2020,1239,715.3163566149527
2020,1463,1160.1334029698207
2020,1392,885.1210039437815
2020,1437,1492.829818326795
2020,1119,889.1606814258183
2020,1443,1211.7378631435088
2020,1399,605.9342542198708
2020,1465,964.9031101948406
2020,1238,932.1070989842342
2020,1455,1412.8566836990387
2020,1303,808.8698099350572
2020,1439,1016.9171755385619
2020,1155,1161.1845273894526
2020,1373,1215.4067657446692
2020,1110,993.2977950290096
2020,1355,1140.048963251233
2020,1410,943.8965410571544
2020,1351,1038.5408273794765
2020,1164,626.5752765069135
2020,1348,1310.460308509434
2020,1254,782.4595091875333
2020,1344,1521.25094942779
2020,1357,990.725727614241
2020,1336,1210.0489621284396
2020,1271,380.3382026868728
2020,1371,1399.0002941653997
2020,1447,609.3064985131183
2020,1361,1536.965212193632
2020,1411,790.7219137045005
2020,1182,1185.297415020423
2020,1343,1044.3840951958675
2020,1335,1024.382064934273
2020,1104,1127.5702103383812
2020,1333,1234.6931001578173
2020,1169,1005.2474797657051
2020,1406,1097.2466775583723
2020,1203,721.7028623539629
2020,1403,1245.5099120892419
2020,1183,902.2793874662316
2020,1400,1265.118114261661
2020,1294,1180.132617423639
2020,1398,794.0161484933786
2020,1105,515.5889722505977
2020,1397,1221.6756780933247
2020,1421,799.7376453012129
2020,1396,1035.4116549861271
2020,1180,725.4905906487904
2020,1388,1394.6076499269536
2020,1458,1470.0433022999264
2020,1387,1367.1859306343504
2020,1195,710.4355790394143
2020,1386,675.8635553668233
2020,1133,1266.7310973536876
2020,1378,1162.6393317832005
2020,1115,353.08011084111445
2020,1374,1102.2442506722862
2020,1240,732.79047556721
2020,1135,961.3762287232959
2020,1136,774.2280278679867
2020,1137,784.8245119024025
2020,1193,653.8876683843955
2020,1140,1534.056385692984
2020,1168,781.7237958214243
2020,1143,1050.1233097558697
2020,1337,1127.8209381145045
2020,1144,786.2074770011498
2020,1157,861.1067730268913
2020,1165,749.0216991426694
2020,1127,618.2504050443919
2020,1158,929.9484539821797
2020,1367,762.2341767032939
2020,1161,1117.5971163787951
2020,1176,616.6072228005826
2020,1124,1503.11409638528
2020,1146,763.8017694967144
2020,1116,1245.7768866479462
2020,1349,902.4479934175358
2020,1120,1389.309616837214
2020,1204,1135.7590930082065
2020,1434,1166.8547966408496
2020,1405,1049.8627516451672
2020,1433,1048.7043902640846
2020,1384,1085.0185419558302
2020,1429,1428.8661289020392
2020,1286,873.7666058982337
2020,1428,1028.3969669060098
2020,1305,1236.8449395153762
2020,1425,1401.6941845408521
2020,1197,830.7299365601538
2020,1424,1283.7220012503929
2020,1236,762.5672388943102
2020,1422,1124.212588292286
2020,1299,880.6084241110613
2020,1415,890.549751987334
2020,1304,799.124536157636
2020,1414,1195.8937748305511
2020,1360,801.2171995086444
2020,1409,1278.4068466352212
2020,1223,521.07376597874
2020,1235,1000.6152692771992
2020,1290,388.00870619087453
2020,1202,1192.2554789588871
2020,1205,992.0312176641337
2020,1208,1162.9246773044965
2020,1441,1082.4223599526504
2020,1184,931.628544742921
2020,1151,1110.6914731986014
2020,1187,874.5921359294174
2020,1440,747.2918952520718
2020,1196,1367.7230861792027
2020,1316,1059.0168006330412
2020,1200,838.0325624503414
2020,1383,708.4816062836111
2020,1206,958.9351187851915
2020,1298,748.3878388274293
2020,1181,1473.9073292188798
2020,1242,1712.6356444181733
2020,1177,1095.334795630233
2020,1108,715.9863273160014
2020,1166,1577.5838618147468
2020,1244,325.072759041232
2020,1278,1228.5513644966802
2020,1156,682.9375397193747
2020,1280,1348.3856643334595
2020,1198,1026.584758073473
2020,1284,1000.9085747158094
2020,1250,849.1855454871667
2020,1287,628.0591766821702
2020,1359,608.5557223094113
2020,1318,1093.6093002220819
2020,1131,1126.487651840124
2020,1320,1243.3380234457882
2020,1330,937.35381796076
2020,1276,1258.0724685819246
2020,1111,969.2562782521018
2020,1272,1274.9050576449283
2020,1354,510.19398871654187
2020,1246,1562.2393590514423
2020,1277,1577.6688417314942
2020,1243,1052.5868817631701
2020,1295,1239.0151743817898
2020,1269,1101.8154688577401
2020,1262,863.2612056076568
2020,1268,1440.2355672265223
2020,1221,418.94123581130094
2020,1266,1299.2257700043897
2020,1259,819.566372393246
2020,1260,1190.7513146856008
2020,1413,873.2510288049687
2020,1257,1355.2637888049153
2020,1274,1102.6373713811847
2020,1248,878.3715825282084
2020,1162,592.7187440716178
2020,1210,1336.7415817961876
2020,1301,1302.60923805171
2020,1211,1645.5633844616618
2020,1106,595.4196022313388
2020,1216,995.4035820599114
2020,1148,449.9095428012277
2020,1228,1347.382937835314
2020,1311,1002.9171090726448
2020,1231,1279.1704616123013
2020,1442,492.78001552987905
2020,1325,1133.4166060059094
2020,1382,1076.1241253052654
2020,1328,1335.5775904857064
2020,1427,842.6772840528445
2020,1332,1478.1649110498229
2020,1201,987.5015880884248
2020,1229,814.7759640505105
2020,1125,1285.349724843798
2020,1207,1033.3002592690557
2020,1291,696.8596954891602
2020,1444,753.8154072645214
2020,1270,690.1072471801895
2020,1435,1010.2390717258725
2020,1369,374.8493775050774
2020,1438,1447.553926193014
2020,1393,1257.5808453451516
2020,1139,1408.024838655202
2020,1237,572.288925195897
2020,1159,1229.190224487211
2020,1312,620.7921103695485
2020,1241,626.6752535305797
2020,1150,963.3444561644043
2020,1314,1143.0683549497237
2020,1323,1325.8851076538322
2020,1326,1434.85688555509
2020,1153,1446.0087556797296
2020,1329,1377.6282751889187
2020,1331,1019.6103558156201
2020,1338,1007.5694579291353
2020,1199,1542.325472594174
2020,1408,913.1618707148141
2020,1368,454.20833310564313
2020,1401,1285.106033188847
2020,1322,960.3312848474784
2020,1390,1160.6574221994067
2020,1285,1077.27613764503
2020,1385,1261.1462527061678
2020,1273,1031.926892440221
2020,1417,1411.0783332135431
2020,1253,659.5218205089934
2020,1256,1251.0396461069386
2020,1394,802.0097148802881
2020,1263,798.5457220501816
2020,1467,993.202005592628
2020,1281,1156.5285044339291
2020,1230,499.8564329713072
2020,1345,1332.0427844428375
2020,1453,1003.4940591428567
2020,1363,670.5330215406697
2020,1220,1311.4167854845161
2020,1364,1046.969934129737
2020,1376,1238.4860681697658
2020,1466,727.9350637783165
2020,1112,1316.534995992207
2020,1319,822.7282155153595
2020,1130,917.8922370714073
2020,1448,1018.9418160754906
2020,1450,1065.1797484296424
2020,1370,974.1282976804106
2020,1457,1162.9258321629216
2020,1353,1395.680252066093
2020,1267,1107.5313546878995
2020,1352,1144.755356881288
2020,1102,879.7015902075891
2020,1412,1036.8872546981283
2020,1407,620.8678542629273
2020,1179,1043.92306554666
2020,1342,509.3960230350265
2020,1452,1325.245668937774
2020,1103,1300.2629808796223
2020,1339,615.8512040384371
2020,1377,1000.9164150257873
2020,1334,1171.6021930637305
2020,1297,1180.3906362659568
2020,1358,766.374675546372
2020,1279,1068.8303496524536
2020,1117,676.0113619497961
2020,1218,877.4369194099801
2020,1213,859.4623887505185
2020,1234,1301.3144927408143
2020,1188,615.9897566523955
2020,1251,1256.4225403026112
2020,1347,1034.8542958061687
2020,1261,1349.0156403257777
2020,1132,1000.2843157498586
2020,1265,596.6987081187797
2020,1227,1127.3322727337568
2020,1194,950.4744368769947
2020,1310,782.2514619382262
2020,1255,755.2668056721868
2020,1192,858.0301860635691
2020,1163,1396.999484050822
2020,1171,879.0653883792228
2020,1138,1092.1941306877136
2020,1174,1060.8650105294005
2020,1324,919.6001761694072
2020,1160,1098.247140856521
2020,1113,1265.860565879583
2020,1172,1279.6692875206552
2020,1451,742.2374557044454
2020,1317,1263.3379292993693
2020,1436,1329.203760950662
2020,1449,1149.0814329911595
2020,1217,1253.7535313759302
2020,1423,692.4239824970774
2020,1350,1465.704336043717
2020,1321,998.0547924295644
2020,1175,487.3937631146455
2020,1356,934.9366334214741
2020,1365,927.1353151656791
2020,1142,573.9701390865988
2020,1149,670.8620957132717
2020,1340,1136.086840276242
2020,1247,1020.8309200905311
2020,1233,913.5433604298155
2020,1107,689.8585913815834
2020,1152,433.0004398203197
2020,1224,375.67467658450045
2020,1122,1034.6217191011287
2020,1454,661.6565925141865
2020,1459,1016.6977800854139
2020,1129,1224.635607302686
2020,1282,967.169451037531
2020,1381,836.025695364806
2020,1375,1190.832496310887
2020,1379,684.2980865127172
2020,1372,1334.646674689677
2020,1300,995.5906947842799
2020,1362,1294.4029191619127
2020,1258,942.8245682193457
2020,1293,1223.1299731006711
2020,1380,1067.4824674439828
2020,1292,713.1008303945016
2020,1252,943.1178203850768
2020,1167,730.0729440638206
2020,1126,849.0394725501887
2020,1288,683.8995188145249
2020,1391,840.7352999953591
2020,1309,615.3954446448856
2020,1145,752.0916717240005
2020,1402,1261.6169342460985
2020,1191,594.5159176475483
2020,1123,1137.1443172380496
2020,1430,812.7938763006254
2020,1186,1218.5942594885014
2020,1190,1430.593109606608
2020,1404,512.6628341317122
2020,1173,1685.5008108549273
2020,1232,1163.4335152006918
2020,1209,1042.277937243824
2020,1420,991.807859396579
2020,1154,530.9754167848187
2020,1426,1005.5575489401555
2020,1419,750.8651611226848
2020,1225,573.6645101301663
2020,1416,1165.3944844280925
2020,1341,919.1418117261666
2020,1418,891.5562906146307
2020,1460,1106.2943827069137
2020,1275,953.3149637385156
2020,1307,970.4971315377614
2020,1296,1060.7858184521688
2020,1306,876.3444275910167
2020,1464,906.8394241651708
2020,1101,1115.9092266034136
2020,1178,736.6256785565114
2020,1141,777.1654496895652
2020,1245,1085.2035156723064
2020,1189,891.9096599688128
2020,1395,1049.1024902109352
2020,1313,805.5753673837795
2020,1264,757.1386494311649
2020,1315,910.4852805795048
2020,1222,1590.4743934971027
2020,1249,924.5948026110349
2020,1431,946.000222924554
2020,1308,1383.0481872097548
2020,1212,668.2136088060405
2020,1389,1112.5497073823237
2020,1346,824.8517791172019
2020,1170,958.4406080050442
2020,1214,856.9512950590971
2020,1185,780.7613767810727
2021,1104,1518.9479375430597
2021,1116,1495.7897672305583
2021,1124,1526.313425015817
2021,1140,1422.0103809551363
2021,1160,1477.9640726429243
2021,1166,1286.9200055444526
2021,1199,1315.9551401186914
2021,1211,1670.7545487993752
2021,1222,1571.123880597346
2021,1228,1632.639826509826
2021,1234,1448.3820870530676
2021,1242,1427.2207954206845
2021,1260,1456.3706838397252
2021,1276,1531.0377134802725
2021,1326,1433.761775146914
2021,1329,1432.0945613052409
2021,1345,1351.2533826779606
2021,1361,1575.1608879383173
2021,1400,1383.423615550113
2021,1403,1276.4626587197147
2021,1425,1376.7118908812604
2021,1437,1342.0574254559083
2021,1438,1360.8070906192213
2021,1439,1220.0802402043776
2021,1452,1312.8466869524166
2021,1240,1192.3309772226858
2021,1111,1058.109780281321
2021,1354,537.6823352899049
2021,1101,1321.097221310743
2021,1190,1089.2201984678386
2021,1133,810.5421760264143
2021,1405,1253.6999921054844
2021,1122,901.2524568400883
2021,1303,617.7045683590213
2021,1290,409.71680291556095
2021,1114,721.3952215805916
2021,1341,1150.7540188775934
2021,1113,1071.2544465959234
2021,1348,872.80621419179
2021,1443,1287.963673271416
2021,1320,975.6029136799086
2021,1441,786.8848304256122
2021,1423,783.7833085557534
2021,1347,945.4070953340646
2021,1462,1032.1047659765673
2021,1324,986.812254752848
2021,1458,1192.0337069409775
2021,1183,712.7315669734047
2021,1355,1115.0732663917563
2021,1450,1051.668522033775
2021,1411,1234.0347076828944
2021,1448,797.1019789660735
2021,1175,571.5631279366133
2021,1163,1347.6778997991241
2021,1148,711.2691026922795
2021,1172,1223.0647645888484
2021,1219,792.093987328255
2021,1179,1238.8349755591687
2021,1243,1033.805915125255
2021,1184,1110.4380065176742
2021,1316,755.8651707441563
2021,1229,748.1582742068392
2021,1377,922.6303979759714
2021,1139,1025.2718689196822
2021,1444,758.6824300160903
2021,1155,1249.960219430202
2021,1280,1103.5154424517516
2021,1334,1017.1262249041978
2021,1415,1217.0634197044988
2021,1333,1342.5435691892449
2021,1143,894.9489311684395
2021,1426,895.1781504165117
2021,1353,1180.4103661817967
2021,1357,832.8654105030058
2021,1346,871.5706728677106
2021,1192,815.4609462457969
2021,1251,1288.9024901610762
2021,1344,1072.9020515564034
2021,1193,1013.4355130114562
2021,1337,1100.3766506089573
2021,1414,1202.4908613734028
2021,1412,1194.5999527424192
2021,1108,780.0705391361397
2021,1465,927.3261323184859
2021,1433,1341.6204799328664
2021,1429,1390.981516221347
2021,1130,830.1399079623177
2021,1406,726.8892449646
2021,1322,817.630860433269
2021,1395,856.2729039952934
2021,1223,568.3615533897121
2021,1410,697.2448937036708
2021,1374,1184.6618057048688
2021,1358,1018.5677907431468
2021,1375,1000.8014500504045
2021,1194,1071.4207840081529
2021,1384,754.2699614152956
2021,1338,986.7329971535994
2021,1385,1242.3587685325767
2021,1389,952.2406771548328
2021,1387,1241.1156036246286
2021,1188,766.0144626027927
2021,1417,1169.2994729516254
2021,1370,961.8611209118549
2021,1339,645.1993320270722
2021,1365,986.7286075261973
2021,1226,790.0818647018357
2021,1277,1232.5300125134563
2021,1185,764.5905762242409
2021,1278,926.3556010505035
2021,1453,875.3031978903571
2021,1281,1153.403638863722
2021,1331,1106.4855892898593
2021,1286,929.8208517856967
2021,1424,939.9650740910685
2021,1291,1119.5874883089696
2021,1288,944.9390791123227
2021,1272,1367.0444633889808
2021,1388,1237.8473448590937
2021,1275,982.0786082112321
2021,1315,706.0173461501205
2021,1132,967.0545406626693
2021,1298,1234.1019286465958
2021,1203,920.687140610841
2021,1297,1032.6033442583698
2021,1123,1013.2494103792301
2021,1301,1129.2249882452188
2021,1149,580.2993898678444
2021,1268,1309.8502343643208
2021,1330,1101.5798357917151
2021,1266,1064.1651353376174
2021,1115,522.0728787766369
2021,1262,923.186342599104
2021,1362,984.8734229132706
2021,1258,1140.5912512519085
2021,1381,1117.5897092834748
2021,1257,1158.4076633429
2021,1191,916.9200679052285
2021,1304,943.824204008851
2021,1270,621.0766577706116
2021,1305,1259.9339746278401
2021,1295,997.6252998571007
2021,1311,1068.9475124630164
2021,1413,1001.8390282814076
2021,1314,1399.230167834389
2021,1158,897.297646076668
2021,1325,1377.2369289630562
2021,1152,542.2544598878881
2021,1207,1361.6231352758152
2021,1420,1181.809476392282
2021,1195,868.0370574568287
2021,1197,757.8686935418639
2021,1209,1157.6907237755395
2021,1210,1452.9567237973386
2021,1236,756.0616069453187
2021,1368,550.8625881384053
2021,1300,679.2604118891345
2021,1246,1152.2335528434794
2021,1287,1365.1004997088396
2021,1231,1004.254766947098
2021,1399,787.542053257529
2021,1299,874.4686643727763
2021,1227,695.8122181668787
2021,1296,608.1250522357149
2021,1249,836.5412984068847
2021,1213,1252.330042476599
2021,1212,907.6761020670627
2021,1247,800.2838823408894
2021,1120,1174.0865538437788
2021,1386,874.341288079005
2021,1125,1227.4039232408954
2021,1224,877.0678724600066
2021,1292,700.5957554365739
2021,1317,1300.9524997437754
2021,1261,1415.9599302160643
2021,1380,893.0851326390405
2021,1309,848.2531600931378
2021,1187,926.8766143949695
2021,1150,750.7345383274976
2021,1129,1161.7618666366634
2021,1267,1176.241551063051
2021,1117,933.1590461371203
2021,1273,1132.8244041019768
2021,1371,1097.893142253676
2021,1256,1316.0601300058352
2021,1421,908.2629102851613
2021,1422,1316.507036055328
2021,1349,970.1067530784577
2021,1230,499.36208145589273
2021,1350,1080.6368965882536
2021,1435,1045.1686959253936
2021,1434,837.4375973415434
2021,1255,986.7080447815614
2021,1119,1026.6957523325582
2021,1206,1114.2072827751545
2021,1138,1278.2603728233373
2021,1408,957.9207730265973
2021,1393,1292.1987955143013
2021,1136,1133.6447644357336
2021,1407,777.9850619245719
2021,1313,1079.1280751377287
2021,1241,1144.7103523645785
2021,1112,1221.9464819096056
2021,1216,1193.8393288817176
2021,1186,1245.9353928258035
2021,1285,965.0619173819607
2021,1427,1120.745324671886
2021,1402,1194.1205757695657
2021,1394,579.7780220459059
2021,1409,901.6001926303794
2021,1461,1098.420026142468
2021,1369,925.6529821601589
2021,1282,807.760957082731
2021,1323,1065.5861441071277
2021,1418,922.9036481828791
2021,1102,626.8101605020752
2021,1169,776.1014621885515
2021,1252,830.6799414308603
2021,1376,899.9036788572712
2021,1239,753.0321336716319
2021,1379,703.094553919096
2021,1141,713.4685576995527
2021,1202,1165.0728910786954
2021,1367,667.4238814267343
2021,1189,1032.5658689985253
2021,1181,1256.6671952788188
2021,1164,830.8426194204498
2021,1430,914.34632272616
2021,1456,758.221469793091
2021,1336,1200.0814807526103
2021,1440,1049.7576429466196
2021,1180,1133.8449445414633
2021,1378,927.4948938621369
2021,1220,980.8430063791462
2021,1401,912.9170355005066
2021,1274,1001.1829592902012
2021,1105,607.0130864869756
2021,1359,715.4882607540519
2021,1235,725.0794198521162
2021,1208,1068.5974134355338
2021,1449,815.9082118743087
2021,1182,1021.6631915217669
2021,1151,1042.747378656325
2021,1390,926.9762412622908
2021,1416,1165.8098444572113
2021,1233,1243.1158372582595
2021,1306,935.4432818733013
2021,1173,1170.5687306330262
2021,1198,610.2464096379298
2021,1457,1411.4033345007954
2021,1156,1217.766650217953
2021,1392,866.7294178093963
2021,1214,763.0277677204989
2021,1356,893.7505080958081
2021,1167,1039.2819135834156
2021,1470,855.4972061089843
2021,1293,897.5793228475699
2021,1321,997.704424232656
2021,1153,1146.0147569892163
2021,1455,1322.7104729130297
2021,1469,747.1718607867385
2021,1404,673.2376523874048
2021,1244,724.0033780708521
2021,1342,684.2017463140589
2021,1196,1155.7531964840891
2021,1332,1364.5463900003153
2021,1328,1201.4950724989517
2021,1419,744.2643882732618
2021,1442,683.9107673350182
2021,1428,1180.8260003451608
2021,1310,995.899577848565
2021,1170,688.5802587738965
2021,1225,528.5910174618441
2021,1154,896.5255087670491
2021,1460,1232.6427702550936
2021,1245,1024.3381992647335
2021,1391,949.0324398419702
2021,1372,1071.4510683626918
2021,1178,1094.9010431938689
2021,1142,630.9917330395926
2021,1468,1058.307304563028
2021,1146,552.8640013254582
2021,1253,837.3100087018321
2021,1340,798.510534355564
2021,1265,980.5316120186005
2021,1127,812.3248471256968
2021,1204,824.2795150593885
2021,1351,747.4489043179237
2021,1176,470.1262749985496
2021,1157,1023.263083059958
2021,1364,1356.8884096215988
2021,1459,1106.3247931603248
2021,1319,793.3921799504506
2021,1144,1087.9813039605297
2021,1383,848.8655633062747
2021,1398,615.1763682929678
2021,1238,1011.121564732937
2021,1431,1034.2705766292722
2021,1397,1291.4315299925865
2021,1174,953.1947891547159
2021,1447,1117.845543682
2021,1360,796.660903993397
2021,1279,1243.5970798282408
2021,1205,942.1690502522821
2021,1466,934.1462596976586
2021,1145,923.3735462859472
2021,1269,1057.6294879326674
2021,1318,961.7344618987408
2021,1454,975.6404427207603
2021,1264,833.534373684916
2021,1363,738.8907865744866
2021,1237,837.2089447159933
2021,1232,1099.1048467833061
2021,1451,1106.8996344975876
2021,1307,597.2483230619121
2021,1464,928.1027522435016
2021,1161,1246.1458072455002
2021,1294,814.9191364977079
2021,1284,913.7908757424975
2021,1382,1451.7841659336882
2021,1103,1069.0074696290549
2021,1254,875.4900343020577
2021,1352,682.9478591488096
2021,1263,740.6557054826199
2021,1283,1138.12980590782
2021,1107,980.7396697313153
2021,1396,933.6657419152638
2021,1312,708.6161441138352
2021,1436,1115.1021130478664
2021,1177,962.8077392469668
2021,1308,1025.303713761288
2021,1201,992.9380464333171
2021,1200,710.6003475192417
2021,1168,772.2716692517249
2021,1106,568.3525183465316
2021,1137,929.9040599255142
2021,1250,707.7093040398672
2021,1248,937.2965530445158
2021,1159,1409.759410377111
2021,1373,1134.183449646724
2021,1131,939.9015813292598
2021,1221,938.3276077766858
2021,1467,875.8861895008812
2021,1218,919.0069483339647
2021,1471,908.9359283897656
2021,1110,920.3435770655234
2021,1259,1078.9581323993573
2022,1112,1654.8139042125601
2022,1116,1507.3168884918787
2022,1120,1548.3643905963606
2022,1124,1563.2641137873493
2022,1129,1500.958937412666
2022,1161,1400.4538492542672
2022,1163,1500.2441774245276
2022,1181,1470.4997821684392
2022,1211,1655.9664562478133
2022,1222,1620.6517554472307
2022,1228,1443.6366174640823
2022,1234,1627.7689576002067
2022,1242,1650.9003445834232
2022,1246,1556.3564379578795
2022,1293,1497.270284658396
2022,1344,1429.619516154299
2022,1345,1493.785687971339
2022,1388,1478.3333672798701
2022,1397,1726.8195502840665
2022,1400,1331.7634763490262
2022,1403,1539.1570753862818
2022,1417,1526.5380540487001
2022,1425,1352.73503065008
2022,1437,1648.3699817694667
2022,1458,1459.2992237877527
2022,1104,1231.2104350531308
2022,1256,1232.5383232708648
2022,1405,1256.9192124045533
2022,1434,886.1921108059241
2022,1406,1244.7221381449988
2022,1107,694.1899443497778
2022,1408,1237.0090742737405
2022,1368,915.6734630096789
2022,1412,1455.211602087977
2022,1421,880.487189041603
2022,1413,891.2526458006708
2022,1429,1184.4484263505976
2022,1167,672.4728663908309
2022,1447,1057.4456556919154
2022,1216,838.3866320884229
2022,1450,1277.9369405744917
2022,1108,884.488716358933
2022,1452,1095.9005765968889
2022,1324,958.4881672803377
2022,1454,627.5732513175119
2022,1315,531.2913823337711
2022,1455,1103.7257816647975
2022,1240,1106.20921733275
2022,1383,665.416387805178
2022,1462,1076.270062097161
2022,1310,997.4825421322989
2022,1471,803.1100305859654
2022,1143,1017.7727473468971
2022,1206,1032.5161261015908
2022,1392,885.1741702130558
2022,1232,684.2772910609435
2022,1453,538.5017696036984
2022,1208,700.1615297062316
2022,1198,675.5476557291147
2022,1231,1309.5808354486906
2022,1185,614.1932533746121
2022,1229,919.6157591684317
2022,1423,1177.8708216074406
2022,1238,770.7389838209475
2022,1220,1047.696624085667
2022,1213,1321.4889702377495
2022,1212,602.3468019373123
2022,1469,796.7264514208877
2022,1233,1239.2235821163936
2022,1111,1070.672979043433
2022,1266,1287.4621500597318
2022,1188,679.5290263174535
2022,1261,1298.1042458495342
2022,1419,670.4964637460985
2022,1260,1441.2911924877224
2022,1164,701.5922906281827
2022,1257,998.4930702998547
2022,1380,757.2176418008125
2022,1277,1329.7521273212071
2022,1235,1202.0486920756762
2022,1244,855.3187864736219
2022,1255,1278.3084608142028
2022,1390,1036.6868033735373
2022,1470,865.0080726139321
2022,1393,1194.5255151889344
2022,1248,726.0830024952439
2022,1404,491.17479132577034
2022,1223,703.8514493474024
2022,1402,1155.4426658778973
2022,1230,499.51448753314395
2022,1316,846.5362146571404
2022,1279,944.3653621159448
2022,1309,808.172977390497
2022,1268,1158.0189926965484
2022,1346,875.6158714220196
2022,1269,1080.7229039277336
2022,1420,1061.670820304147
2022,1272,1508.1585537393637
2022,1399,844.1913660442835
2022,1274,1354.7969284993242
2022,1145,804.7331520855123
2022,1275,854.6222976710905
2022,1210,947.584460826678
2022,1278,918.7233346544575
2022,1282,1057.0491620349878
2022,1386,909.3939558192925
2022,1271,614.0272749820086
2022,1387,1269.8496177270388
2022,1146,686.9559659927697
2022,1341,737.2941574267455
2022,1296,737.4517640227656
2022,1449,1236.4399588286913
2022,1298,1013.7607878007851
2022,1438,1260.0289514999604
2022,1301,872.1753917166486
2022,1137,637.7095301833272
2022,1305,1076.27578437732
2022,1186,1016.1314014088342
2022,1308,1442.5038323624033
2022,1414,1078.3864386690943
2022,1311,966.28476625859
2022,1320,1301.316771819259
2022,1314,1434.9769594589452
2022,1259,695.9495446384846
2022,1281,1012.6160881539832
2022,1141,688.16038154377
2022,1321,1140.0490656946881
2022,1183,434.55916613302236
2022,1193,930.9387293725506
2022,1333,714.1091588608773
2022,1340,963.6558826823693
2022,1332,1106.004004064022
2022,1411,1060.6848655016424
2022,1329,1312.3294779651844
2022,1426,775.9052887018597
2022,1328,1347.5108391518916
2022,1322,599.5709240939012
2022,1326,1263.9934278628216
2022,1103,1325.743109218726
2022,1325,1046.9474614697222
2022,1125,1181.4457878217154
2022,1169,547.1001332194954
2022,1428,982.7916473051408
2022,1101,1233.9590926446572
2022,1291,893.9285082761547
2022,1439,1571.4429293351443
2022,1263,553.9083096306548
2022,1422,943.8357252879304
2022,1299,712.3193278278973
2022,1385,1339.252033079755
2022,1290,354.0941574722485
2022,1441,732.9110788838045
2022,1132,712.076678831571
2022,1468,1084.1381443602218
2022,1348,902.7823338983925
2022,1131,929.2991512589684
2022,1349,895.149351670273
2022,1337,693.6365862477579
2022,1350,1382.2478515889902
2022,1300,688.6519307230409
2022,1355,1395.835759205259
2022,1133,1117.804995130458
2022,1357,705.5540943015367
2022,1247,923.3792764433831
2022,1361,1484.0805334493111
2022,1415,967.2715979143796
2022,1362,1350.917835352306
2022,1254,997.6172139175063
2022,1365,1333.7213447511178
2022,1168,1126.9541000269148
2022,1369,889.6386714904611
2022,1283,1288.3479590211703
2022,1374,1379.977500252545
2022,1270,630.5998442982602
2022,1376,1115.068183466522
2022,1367,837.2876097570376
2022,1378,767.3096616666973
2022,1126,514.6713967456801
2022,1382,1316.94329747741
2022,1373,878.9411441007835
2022,1113,1297.8221350254275
2022,1339,1075.4589517404604
2022,1273,914.2002227117025
2022,1433,1363.5945498565043
2022,1389,1225.0720567572828
2022,1319,552.559783244975
2022,1443,1163.9670161520926
2022,1106,647.6557252827803
2022,1105,788.5386082518297
2022,1398,806.410589769564
2022,1110,695.1641729626294
2022,1265,782.8115914063025
2022,1114,697.3924929265856
2022,1356,1111.3516606885746
2022,1442,786.4608875549279
2022,1304,1077.794130280838
2022,1430,1037.2942086855583
2022,1287,1076.6262469364428
2022,1165,873.2846165951217
2022,1127,799.6070937811842
2022,1148,542.3272862219326
2022,1331,984.0201587022277
2022,1160,1322.9468330441423
2022,1286,1321.5145240466509
2022,1159,1326.8523138180562
2022,1318,768.7609237635857
2022,1155,1227.4193577523881
2022,1342,656.6966472899641
2022,1204,801.630798000998
2022,1123,882.5955056646322
2022,1203,921.2562811924008
2022,1384,591.3971247290323
2022,1200,1070.4240498811866
2022,1162,467.3675696731478
2022,1196,1266.6362195140862
2022,1189,932.6494168797485
2022,1187,919.2716809386078
2022,1354,658.9686247416398
2022,1182,668.2526439017709
2022,1351,960.6347390488905
2022,1173,1397.7144457080155
2022,1227,845.525180782401
2022,1172,1424.9448875988562
2022,1174,1232.7920003255135
2022,1166,1445.7464639221705
2022,1115,488.02327268631717
2022,1152,587.2958237335333
2022,1472,674.8745504563249
2022,1151,1336.1733995292896
2022,1258,877.1979224836591
2022,1150,945.5428068079553
2022,1284,978.9392918158691
2022,1140,1194.692316621626
2022,1156,926.0915368297083
2022,1139,1104.3864610221553
2022,1237,389.497230673224
2022,1130,1102.5781036608073
2022,1171,978.811924698235
2022,1154,894.8092469731968
2022,1338,904.4822688606082
2022,1153,1080.3219724113803
2022,1191,612.7380439530154
2022,1243,1108.6684189241455
2022,1197,677.8702558705858
2022,1177,1140.4091975592962
2022,1280,1234.5370354793113
2022,1466,571.4043155495145
2022,1294,1049.2797668156811
2022,1334,623.0292790461106
2022,1253,1166.4251523237335
2022,1225,707.6579507240737
2022,1416,1134.9906515103905
2022,1352,645.4926774553304
2022,1276,1365.159980612715
2022,1138,1102.0393068175356
2022,1199,992.0476638558206
2022,1335,877.1667963841343
2022,1435,1203.215443525901
2022,1370,1075.199738431615
2022,1371,1344.0146525878467
2022,1192,544.5319463414252
2022,1396,1146.9082457108143
2022,1401,1450.8628134403884
2022,1409,960.2077491806431
2022,1307,961.0876723737883
2022,1194,1066.8803247339365
2022,1336,1155.3675252271933
2022,1464,856.7086515284047
2022,1353,1300.1118565775505
2022,1250,883.9697689311364
2022,1424,1254.533784657173
2022,1205,964.2131433223684
2022,1461,1299.407918913381
2022,1178,958.4419795291479
2022,1448,1277.2949015630068
2022,1456,495.23269594189946
2022,1395,1299.5061443589518
2022,1436,1417.9559251403155
2022,1377,1082.1018256589873
2022,1102,805.5312345201639
2022,1467,870.2137628066804
2022,1312,556.7189232626916
2022,1363,745.8980176446537
2022,1158,1026.7560905968462
2022,1218,956.6118582061529
2022,1306,929.5233398366023
2022,1267,811.471051098632
2022,1460,1238.2443730765967
2022,1444,741.9961414012354
2022,1149,408.05906421652827
2022,1292,1259.4413375241509
2022,1295,1178.9263938951726
2022,1142,705.0316754301441
2022,1358,1146.0954111795122
2022,1264,801.0541239067603
2022,1209,1229.967432989677
2022,1391,715.6841979569353
2022,1117,987.6737536690604
2022,1190,852.7372231995234
2022,1410,637.1891995606911
2022,1418,1032.772273083793
2022,1379,574.5199235256196
2022,1343,1180.3285841558313
2022,1297,1234.110377590977
2022,1201,1121.6272104771065
2022,1202,1186.420227538041
2022,1221,572.6402365023811
2022,1144,877.1967917300523
2022,1459,1100.2086917018974
2022,1252,890.0534606776469
2022,1347,734.2456053413221
2022,1245,1290.1135379361597
2022,1381,956.955532362217
2022,1463,1147.1731984410178
2022,1119,669.7967756188003
2022,1136,1273.532437643212
2022,1135,798.7635981300274
2022,1440,944.5451499007744
2022,1226,675.7056460796856
2022,1427,762.2316855848859
2022,1219,891.4915170090346
2022,1122,735.0599970773651
2022,1360,878.6687255292208
2022,1323,1336.640868111245
2022,1313,1120.9589253980273
2022,1239,1071.861305502329
2022,1241,852.4920627696862
2022,1330,1002.6539583662625
2022,1285,848.2919699241802
2022,1249,402.17193280882725
2022,1457,1122.1557749024687
2022,1375,1006.064692797083
2022,1170,891.697990525113
2022,1303,445.1630022548502
2022,1207,789.6146099636652
2022,1407,989.0004176382529
2022,1431,1101.8960311271605
2022,1465,900.2757905412034
2022,1217,843.0794404048524
2022,1195,1044.4317064310567
2022,1224,819.5552062327854
2022,1262,840.8106712320546
2022,1184,674.5955456673067
2022,1175,303.70049948426
2022,1394,1005.1578809861514
2022,1179,1287.9688275934966
2022,1288,879.6008531744737
2022,1180,967.3142887648291
2022,1372,1198.6453846824515
2022,1359,1079.0753549230526
2022,1451,968.1432886280289
2022,1364,1173.4375736798415
2022,1317,1337.9684745093707
2022,1251,1103.3898432811482
2022,1176,764.7179741078186
2022,1214,647.6181482206844
2022,1236,1081.265289556606
2022,1157,1010.3030534678298
2023,1104,1660.954557978267
2023,1112,1564.6321960377202
2023,1124,1311.14930805681
2023,1163,1537.7789045920197
2023,1181,1632.7295601337123
2023,1194,1533.9247774551752
2023,1211,1683.7075073995486
2023,1222,1661.5613414013123
2023,1231,1380.3674784629673
2023,1242,1537.3248463346201
2023,1243,1322.0900751320378
2023,1266,1586.002620599279
2023,1272,1587.0641218968965
2023,1274,1512.5002480239368
2023,1281,1333.4098958839363
2023,1345,1529.984166431076
2023,1361,1589.1596060353377
2023,1388,1476.735963134345
2023,1395,1335.5488033043432
2023,1397,1356.0786866661012
2023,1400,1649.5740200992918
2023,1401,1533.5314578607868
2023,1417,1650.9539588155753
2023,1438,1486.5719719030203
2023,1462,1456.1528127299516
2023,1399,883.1437676285897
2023,1431,952.9223699009286
2023,1419,776.0799934931903
2023,1403,1231.1959041197656
2023,1322,978.2556597068414
2023,1405,1314.2040658281117
2023,1434,777.8971913981064
2023,1429,1505.799998155597
2023,1430,1315.7098569600155
2023,1437,1266.648755616078
2023,1247,1042.4912099532173
2023,1436,1361.4989253292815
2023,1135,954.1143564950403
2023,1424,1151.5433888147031
2023,1380,659.0738683261565
2023,1428,1027.1847744155255
2023,1254,355.3978726471693
2023,1421,1249.4330809706018
2023,1416,1174.1236350557585
2023,1170,740.1081790146725
2023,1412,1402.5653581267961
2023,1106,437.7096869384521
2023,1413,980.2131670769302
2023,1143,710.449644388437
2023,1406,1127.6572416285778
2023,1107,695.167830978802
2023,1408,1247.768097987364
2023,1420,804.2365467333244
2023,1300,1011.2339192254046
2023,1439,1185.764168285602
2023,1175,532.5009905490799
2023,1433,1587.1590805396975
2023,1264,771.5431516598012
2023,1278,940.0528319623579
2023,1444,704.1925136167922
2023,1280,1306.24020932154
2023,1394,1141.1706265680825
2023,1474,877.6627900551265
2023,1267,1232.2482272090333
2023,1464,1104.3139519893095
2023,1145,1001.5133852784376
2023,1288,694.1646752211675
2023,1458,1105.8326380989888
2023,1377,735.5376731065036
2023,1455,1242.0446051239517
2023,1146,612.5245590863112
2023,1452,1411.6119233130407
2023,1291,901.213447161357
2023,1450,1281.5239494561254
2023,1402,1023.7441471721411
2023,1449,1020.5088480953855
2023,1451,991.1464996323954
2023,1448,1153.256144591959
2023,1193,774.6962289853956
2023,1447,743.3165537239171
2023,1396,1086.4495915790776
2023,1442,822.1971880382577
2023,1229,804.5682896188883
2023,1307,1172.0000937915183
2023,1381,1103.5613304131546
2023,1314,1341.199770330364
2023,1423,1118.0198097684931
2023,1304,1212.793495211324
2023,1263,800.4705547563736
2023,1305,1223.589124793801
2023,1469,974.6120340967213
2023,1315,937.2524329914061
2023,1230,615.4930052689768
2023,1475,749.1255918958551
2023,1301,1282.7600335406928
2023,1122,503.3056195867705
2023,1298,1056.7874882977062
2023,1456,803.9936184349684
2023,1321,1273.288189412451
2023,1152,649.506768903108
2023,1279,1009.5166155968722
2023,1108,912.8223721342987
2023,1276,1217.4061561965048
2023,1236,709.8433023830222
2023,1277,1289.7427560807087
2023,1319,951.7671441523125
2023,1103,1137.1318031732658
2023,1355,1021.7688088125642
2023,1101,863.5672401422099
2023,1238,833.105920086007
2023,1370,951.0971717290872
2023,1471,804.1852511815762
2023,1369,983.7191597292338
2023,1378,990.015011698905
2023,1365,1283.43952472153
2023,1186,1147.6725944272193
2023,1362,1205.0209439899231
2023,1411,866.7164143612448
2023,1168,1119.3912869937628
2023,1358,1313.1766646776434
2023,1328,1225.7575317931544
2023,1356,1196.955013826363
2023,1114,669.8903220717119
2023,1353,1214.799582340868
2023,1162,604.6588663300666
2023,1350,1025.7109421824202
2023,1440,523.3699953685451
2023,1346,845.8069056868776
2023,1348,740.4825963215383
2023,1338,1276.1805283917256
2023,1404,824.2960647082489
2023,1337,791.638568421234
2023,1349,938.6066343327406
2023,1336,1361.503886630156
2023,1457,895.8763563806122
2023,1333,886.0274257768745
2023,1409,667.2244433955749
2023,1332,1393.436524958408
2023,1197,499.1983353428649
2023,1330,1082.2865389107378
2023,1271,874.3831672071952
2023,1329,1249.8389227223686
2023,1426,773.0724183190711
2023,1326,1279.2870476557193
2023,1352,969.1271103465117
2023,1253,873.1098276579838
2023,1465,984.6562931889237
2023,1260,854.6114374432076
2023,1192,914.8657650527233
2023,1347,956.9425515672685
2023,1268,1337.6917437150996
2023,1310,896.8780153629137
2023,1269,896.6576506206793
2023,1148,634.2951709994987
2023,1435,1415.2085711575976
2023,1248,777.7441725582593
2023,1373,863.0229254628993
2023,1221,603.2399885901533
2023,1374,933.9441257899291
2023,1477,649.0048207116863
2023,1382,930.4494536009965
2023,1384,723.1654617352227
2023,1385,1150.6551313727414
2023,1467,1079.1052042530207
2023,1387,1322.5904597610752
2023,1293,958.5034490525027
2023,1331,1403.4018765306594
2023,1389,845.7542137849941
2023,1312,606.7560284652286
2023,1390,1182.546750126041
2023,1334,969.8082924236011
2023,1391,935.3755911179375
2023,1199,910.0144626879872
2023,1393,1066.8551000955574
2023,1250,826.8623701716507
2023,1115,490.4103642992493
2023,1234,1267.2257780353127
2023,1126,697.944783081172
2023,1235,1328.5161356496471
2023,1237,571.790793760202
2023,1220,1240.2234684382713
2023,1343,1328.0028231167023
2023,1294,947.2649134771164
2023,1228,1246.3400783027291
2023,1183,517.6269173757223
2023,1287,1038.3477234379006
2023,1232,1217.1071600458206
2023,1453,372.74652883315144
2023,1233,1350.082804689692
2023,1335,1086.4651206206356
2023,1245,1391.1754487808269
2023,1297,1165.5022442655259
2023,1246,1452.0424920347432
2023,1224,1113.1233848106858
2023,1303,631.5808617996744
2023,1410,770.710258455286
2023,1130,1145.259525857671
2023,1165,926.7609699281995
2023,1125,1167.8154428520997
2023,1325,1111.5396454120225
2023,1155,1358.8129476942465
2023,1154,506.7790786348131
2023,1158,1457.7332143046615
2023,1151,941.4360131806575
2023,1160,1242.7778099832024
2023,1415,1127.0220454717926
2023,1161,1135.0510519897941
2023,1205,844.481607680974
2023,1476,692.093268518713
2023,1166,1360.251419338723
2023,1472,946.9507228199263
2023,1173,1339.504461358631
2023,1473,587.4488230245701
2023,1176,754.1282177140057
2023,1225,570.1689128461805
2023,1177,858.5445708662543
2023,1259,867.7574365979596
2023,1239,680.6239949361624
2023,1191,542.4893756258333
2023,1275,839.7863915935297
2023,1195,794.7105838494552
2023,1425,1342.713959280937
2023,1196,1145.791160049504
2023,1392,754.8669074626235
2023,1198,873.6134370747643
2023,1223,594.2341001021359
2023,1200,1275.9860326187313
2023,1171,799.6006719915979
2023,1208,885.1214151593215
2023,1441,947.6421304824173
2023,1316,1036.9088900770537
2023,1213,1257.0019676408367
2023,1286,1256.9280519033834
2023,1311,802.2130962497981
2023,1255,963.4380847192996
2023,1120,1311.937999085571
2023,1206,1195.5235094510974
2023,1290,521.2358293917925
2023,1116,1320.5030213660255
2023,1295,1089.0128910322064
2023,1113,1241.0143430703708
2023,1470,980.8567217113958
2023,1138,951.508091339963
2023,1159,1327.8954140298301
2023,1139,881.0434931828097
2023,1309,779.0300486695218
2023,1131,865.0366001152546
2023,1318,749.420304543652
2023,1132,704.3407507527879
2023,1102,950.8765122538654
2023,1140,1284.3477307355247
2023,1226,732.3182340121266
2023,1150,1154.7832241735705
2023,1164,650.877266753332
2023,1454,1025.3284820408037
2023,1376,941.5488359652563
2023,1354,572.8997266971395
2023,1182,1063.097409963661
2023,1285,925.1259887462123
2023,1344,1215.5339189992978
2023,1351,954.3483708518924
2023,1363,1283.8637045956668
2023,1204,1022.1424679962773
2023,1357,826.3968903655262
2023,1216,439.63844318965505
2023,1207,836.9160709580804
2023,1187,1020.4133211639055
2023,1273,816.0781545936026
2023,1129,1349.8425428428602
2023,1360,833.6432405929246
2023,1252,1050.362405103558
2023,1371,1217.415232512546
2023,1284,668.8773705614167
2023,1265,988.678993814555
2023,1110,624.2942137238292
2023,1339,1003.5154691329193
2023,1241,1205.7840466690682
2023,1214,603.2197324975253
2023,1261,893.6107107816584
2023,1282,538.6548515664025
2023,1172,1144.2908214310226
2023,1460,867.3977689656091
2023,1179,1511.5545435453098
2023,1468,863.9028101821848
2023,1257,761.3538744122499
2023,1262,1187.6113056323613
2023,1111,904.2255985782069
2023,1443,1037.3860964943492
2023,1184,1058.5488377357372
2023,1461,948.6811961716751
2023,1466,873.2204325546925
2023,1105,734.3572357548143
2023,1342,392.7559040461165
2023,1153,1334.0835041314692
2023,1156,1111.8230409926455
2023,1258,1111.9240707109498
2023,1323,918.8353294675804
2023,1149,675.1271510913931
2023,1142,639.4424233319703
2023,1372,1001.6280056500055
2023,1141,552.233726596852
2023,1227,734.9202041489859
2023,1299,602.7755894046629
2023,1375,1264.9772791967075
2023,1306,940.3456122075363
2023,1144,940.9976852826426
2023,1364,1301.8827120543176
2023,1201,972.0962691933302
2023,1320,954.873151794884
2023,1340,743.3700574731107
2023,1296,893.1843247355991
2023,1270,710.3865368968221
2023,1249,531.399650801339
2023,1427,820.0207443557516
2023,1379,1108.0316922954005
2023,1133,1365.933214783312
2023,1167,726.0077241329465
2023,1418,1353.6155228023053
2023,1217,896.0649580975659
2023,1414,1138.1762299008817
2023,1463,1201.2792608990055
2023,1367,899.0556467528817
2023,1190,800.7236137012267
2023,1189,623.3028002880394
2023,1244,1298.8853659418205
2023,1202,1306.1796677228874
2023,1313,976.430995669151
2023,1178,930.6080901521949
2023,1324,830.5660376232124
2023,1136,860.6381967136593
2023,1368,827.5408772990953
2023,1174,907.556819966865
2023,1251,1304.6382395951882
2023,1185,667.5735703548935
2023,1422,1103.680525968636
2023,1383,580.187652654066
2023,1203,1016.6027110744693
2023,1212,1058.882104653336
2023,1218,1034.764218415401
2023,1386,1122.138415500673
2023,1180,949.027515972439
2023,1398,843.21520143246
2023,1219,750.1894557005028
2023,1459,829.8634714885494
2023,1123,960.5533189402804
2023,1188,799.2311579127075
2023,1117,808.4375639225042
2023,1127,799.1705983542913
2023,1137,647.3946712673763
2023,1169,615.3084597586459
2023,1292,1069.2330596896334
2023,1119,884.3685299105406
2023,1308,820.3309973865362
2023,1210,1110.6949807569292
2023,1209,651.577109573972
2023,1317,1381.3509333246739
2023,1256,948.9615986048035
2023,1407,1100.3246903164695
2023,1240,930.631943275174
2023,1341,778.9512630341346
2023,1283,1100.6295231930478
2023,1359,1097.8419901439418
2023,1157,620.0103556964618
2024,1104,1352.3220935075922
2024,1112,1468.7469683411096
2024,1120,1712.9518900770865
2024,1124,1451.4257434865808
2024,1140,1387.4123757556908
2024,1163,1743.9522214775632
2024,1166,1540.3952395204303
2024,1181,1460.1240136823076
2024,1211,1480.8090764616004
2024,1222,1664.1102168913599
2024,1228,1607.4183429558998
2024,1235,1730.4999816342852
2024,1242,1291.367832190115
2024,1246,1556.8731006646478
2024,1266,1470.4111793158022
2024,1314,1584.824563399337
2024,1345,1665.604373716292
2024,1361,1418.1608408098737
2024,1376,1431.314934816164
2024,1388,1549.5018433896191
2024,1397,1521.6709128073726
2024,1403,1455.6004853502443
2024,1429,1328.851538515217
2024,1450,1386.9408029488782
2024,1458,1407.4732213796296
2024,1101,969.87484661998
2024,1329,1037.9236036294587
2024,1103,1116.4832145128703
2024,1355,1185.5215882562945
2024,1287,1234.3183139548808
2024,1288,707.2290966194377
2024,1114,1146.276736720185
2024,1402,1081.873998221252
2024,1116,1158.3841379360454
2024,1108,917.9162164799911
2024,1125,1193.0461537728013
2024,1209,787.0122632386963
2024,1453,846.9017247469352
2024,1241,1446.2224755169805
2024,1277,1379.0740331613517
2024,1300,860.2135949673147
2024,1308,745.339071912754
2024,1257,874.2722184045706
2024,1420,830.8286405274004
2024,1261,1125.8844097536469
2024,1290,347.78073455179987
2024,1264,603.7349520079426
2024,1136,1024.877913912908
2024,1265,913.4760871195521
2024,1119,578.3320870355108
2024,1296,667.4195947366765
2024,1301,1449.34842499539
2024,1154,725.4208674022689
2024,1304,1421.7613773811097
2024,1473,494.59639880127804
2024,1307,1493.8452027156477
2024,1411,937.2881841981849
2024,1347,862.5771345246771
2024,1318,801.5113263422214
2024,1131,933.4602428289668
2024,1321,1319.400248980954
2024,1127,803.4238860139561
2024,1323,1134.3238886388724
2024,1310,821.034138222187
2024,1326,1346.6243902181802
2024,1324,1195.815882156872
2024,1328,1173.0047886781813
2024,1141,814.1378810446075
2024,1332,1400.0153735237884
2024,1208,1121.5294236660243
2024,1336,1194.7985170875245
2024,1175,835.3077323073185
2024,1338,1450.899050305527
2024,1299,525.1257218339355
2024,1339,896.1452740234022
2024,1253,1126.0206133039337
2024,1340,798.793585246431
2024,1102,767.0850507929106
2024,1343,1250.196650041792
2024,1353,1005.2254584853596
2024,1344,1255.5026136236613
2024,1162,767.1417508227266
2024,1439,1220.372915066424
2024,1164,384.4773895170155
2024,1438,1262.049804544577
2024,1470,1215.6385874448279
2024,1437,1249.1319153160784
2024,1110,776.4856986762782
2024,1436,1397.9038363564532
2024,1467,995.1691589936908
2024,1428,1151.6403007306585
2024,1186,1102.9125978651257
2024,1427,818.4815819225738
2024,1442,978.7241363858886
2024,1426,1247.8969357098595
2024,1331,748.267043622998
2024,1425,1307.7240147782547
2024,1243,1275.3295233612946
2024,1418,987.9246358405414
2024,1464,1064.3567679063692
2024,1417,1188.613607330984
2024,1384,417.1486213281814
2024,1416,1249.4827913564889
2024,1198,766.1137476094681
2024,1409,936.7173922727968
2024,1146,557.8338323820518
2024,1408,973.1693234234585
2024,1311,1034.889760306996
2024,1405,1053.8082683237055
2024,1178,489.5073855327286
2024,1401,1393.7792916749786
2024,1477,675.956544790736
2024,1400,1357.902642009785
2024,1230,440.9299030448302
2024,1399,679.431033722006
2024,1396,1087.906099950587
2024,1271,602.2603519326585
2024,1395,1307.29447384679
2024,1380,720.7176704217746
2024,1393,1164.8669574663281
2024,1306,777.6003846444871
2024,1390,1047.988314554794
2024,1169,930.4189670669913
2024,1387,1004.9822886107801
2024,1475,587.6468179948181
2024,1386,1255.5088326127538
2024,1248,644.2388253922011
2024,1382,1178.4318817257072
2024,1255,1082.6536387789417
2024,1367,693.5674964666422
2024,1373,432.3055480682349
2024,1221,641.0320854549069
2024,1371,1248.5028486312212
2024,1389,1078.8287136465028
2024,1168,886.9146950442876
2024,1358,1165.8216410600487
2024,1334,463.5584065824827
2024,1350,1247.93072851142
2024,1440,446.50828336834024
2024,1348,866.1282806155704
2024,1148,919.087831960149
2024,1359,1329.221082488938
2024,1448,1342.1615632545872
2024,1189,730.3922174052458
2024,1449,1275.6405778516198
2024,1468,666.0864305339223
2024,1225,588.0329817279319
2024,1452,935.7490154639763
2024,1283,1053.0499761939611
2024,1455,1056.774656721814
2024,1252,1037.6827032386993
2024,1117,1205.0186544973903
2024,1462,1147.9610661999789
2024,1352,663.8598951660681
2024,1471,1102.0502343811925
2024,1176,744.1347884459402
2024,1292,866.4153615496906
2024,1297,978.3075901328835
2024,1281,793.7737087514919
2024,1115,640.3019184492247
2024,1279,1069.649828480803
2024,1106,573.3979834678571
2024,1278,1116.213602665345
2024,1126,839.232248325171
2024,1274,901.8573681573605
2024,1312,535.0304892666821
2024,1272,1241.45713159475
2024,1238,732.7994634350365
2024,1270,1368.737412809744
2024,1433,1309.8418475556525
2024,1267,781.4250865282594
2024,1474,838.5900906411201
2024,1295,829.8555689133133
2024,1444,812.9526722648889
2024,1153,1317.5683605653803
2024,1227,849.794758356888
2024,1155,1296.843221522682
2024,1457,822.2239158218135
2024,1158,1397.8324351880347
2024,1233,815.5907917098657
2024,1159,1209.6527198299996
2024,1135,1091.3028238994382
2024,1160,1402.7974454997018
2024,1406,1092.3290021661107
2024,1161,1331.0214978249783
2024,1256,1141.1188740590096
2024,1319,715.8465288004977
2024,1165,1180.3317813636386
2024,1250,908.6815809859382
2024,1130,1216.6894565144282
2024,1193,1111.6229487383214
2024,1133,1268.098324592174
2024,1412,1347.5687550988735
2024,1132,906.0246711527083
2024,1152,642.7441393483231
2024,1143,901.6734433516483
2024,1472,999.6232637617346
2024,1223,433.3980228047034
2024,1144,771.0306429278141
2024,1298,771.1502057778665
2024,1139,1129.305024153807
2024,1185,649.1828982899355
2024,1196,1519.7288579313536
2024,1259,520.4547891641131
2024,1200,939.483339914593
2024,1447,892.3810557174182
2024,1203,847.5146432614355
2024,1476,443.8088278268372
2024,1206,1195.6682896174611
2024,1284,947.1032169263314
2024,1210,994.0174864708149
2024,1204,943.5458403917175
2024,1213,1393.4869467505696
2024,1369,557.4570865452089
2024,1419,720.8339779544945
2024,1224,984.1591810746032
2024,1214,619.0459628897681
2024,1183,671.0367688955699
2024,1192,667.9626447320168
2024,1138,484.27176055642957
2024,1182,1443.9476297040246
2024,1156,975.5010150135994
2024,1191,891.4565075553769
2024,1275,836.4677429256137
2024,1174,912.9114846937462
2024,1137,873.2167610132384
2024,1173,1348.88032601663
2024,1188,741.5971883443245
2024,1167,932.5294641088295
2024,1381,726.9028256321288
2024,1171,638.5684451264864
2024,1150,1099.0580180919815
2024,1263,876.5037660111202
2024,1247,992.9417928915117
2024,1180,1081.8403923960425
2024,1236,949.4620284122207
2024,1177,733.4328778274979
2024,1234,1247.7436219198512
2024,1315,976.9452883474211
2024,1231,1239.269909662208
2024,1195,910.5593813180676
2024,1207,845.4026767491242
2024,1478,808.4799364261567
2024,1197,570.5269959907907
2024,1268,1105.2437056808976
2024,1291,842.0514330756339
2024,1269,1250.2178574607126
2024,1107,789.2274544946182
2024,1276,839.6758391504444
2024,1421,1063.4490113496595
2024,1305,1472.9432138518189
2024,1170,762.4918452788639
2024,1317,1211.6316304512652
2024,1320,1232.7861661739303
2024,1342,844.5275688832108
2024,1435,967.6028472057011
2024,1363,821.9442539882281
2024,1414,1241.1003600130862
2024,1385,1407.4756491579305
2024,1392,1115.5936920330826
2024,1194,1454.2316409664265
2024,1260,1382.2760360544269
2024,1179,1512.9664769757583
2024,1325,1137.0032355920623
2024,1407,1059.1668904043656
2024,1280,1390.8548814093897
2024,1113,949.4145169671505
2024,1424,1342.48933708774
2024,1374,1065.6858977329434
2024,1360,902.2002462145323
2024,1335,826.4446842087381
2024,1370,1071.530581776431
2024,1341,441.79360503681426
2024,1365,1155.416960500844
2024,1469,749.5549989214055
2024,1145,889.2755542216971
2024,1322,623.0549492771682
2024,1378,1347.410041733591
2024,1354,773.9769885690957
2024,1249,941.743122517431
2024,1303,723.9074000482008
2024,1190,1029.2451749846666
2024,1362,1203.8477727899958
2024,1364,859.4980519966476
2024,1316,876.4013847944516
2024,1149,718.4480885415817
2024,1372,1006.4171553088954
2024,1273,1026.3353782580018
2024,1245,978.367626340773
2024,1142,476.9771292848205
2024,1466,814.1536119328277
2024,1105,826.2307556887066
2024,1456,702.839693269031
2024,1443,1164.256753536985
2024,1430,1056.3927590849778
2024,1413,1085.910815851713
2024,1337,870.1799663633385
2024,1254,594.6899429990062
2024,1379,797.9860150359164
2024,1232,1423.377718964544
2024,1205,969.2031758463582
2024,1368,697.4518157520989
2024,1422,983.6683378511187
2024,1415,995.4214528248576
2024,1377,617.6044120929389
2024,1410,485.7349105650819
2024,1220,1154.7924215479584
2024,1346,1091.0219397721871
2024,1356,1054.651122665616
2024,1293,933.5233803691757
2024,1285,1031.3243376346584
2024,1333,930.7714149068023
2024,1239,818.8013194262477
2024,1251,853.0266992591153
2024,1199,1223.8723586509493
2024,1244,649.804623846431
2024,1202,1047.780594331293
2024,1122,1023.8915307438258
2024,1463,1264.5367276816419
2024,1217,838.813877672387
2024,1349,829.5007055543163
2024,1151,1122.8651126014997
2024,1212,1068.1676306475752
2024,1262,1113.980850217973
2024,1351,1069.4924418072856
2024,1226,893.9614426281963
2024,1465,882.7699795475953
2024,1460,1124.6748037106343
2024,1172,930.1931114084105
2024,1237,378.5925379766336
2024,1434,737.3274552479457
2024,1357,864.2847925650835
2024,1454,1045.4061458055705
2024,1111,1403.7125938498566
2024,1404,1049.557075005193
2024,1394,1046.2125246100968
2024,1201,928.6388431215406
2024,1187,968.7890693115701
2024,1286,1088.5413406422178
2024,1375,994.7075783815831
2024,1229,1010.8408427074946
2024,1423,1100.8922588459372
2024,1391,1031.4559145256312
2024,1461,1006.3786938674732
2024,1123,772.4329505501738
2024,1330,675.9820362021637
2024,1240,796.6262514189335
2024,1459,941.3793892471172
2024,1219,1204.564355540448
2024,1441,1151.408866435366
2024,1451,932.4113636572972
2024,1258,839.9570793100035
2024,1129,1305.1770866752756
2024,1313,965.7292138731335
2024,1431,1045.3721092731837
2024,1294,920.7596998355172
2024,1282,1029.4409015301626
2024,1398,850.0415533116013
2024,1157,704.792060635438
2024,1218,1148.3440151104069
2024,1184,883.1644386391491
2024,1309,603.2349245914594
2025,1104,1625.7942349509995
2025,1112,1511.4223497820542
2025,1120,1627.0460405850051
2025,1140,1569.8895676998668
2025,1155,1578.429606093517
2025,1181,1766.597704441459
2025,1196,1848.0082504264237
2025,1211,1646.94772015657
2025,1222,1855.691272350683
2025,1235,1475.039624577593
2025,1246,1403.7612763445227
2025,1257,1599.0358717110073
2025,1268,1688.0797278318432
2025,1272,1529.0393953389857
2025,1276,1575.0784279995978
2025,1277,1734.8583708042356
2025,1281,1397.5713479174347
2025,1332,1498.566324618455
2025,1345,1350.291465584194
2025,1385,1749.5779980521331
2025,1388,1586.334339206427
2025,1397,1661.8252143342731
2025,1401,1407.9216860299991
2025,1403,1520.1400769316947
2025,1458,1514.2206583855552
2025,1421,919.6306593894336
2025,1145,461.93459554216076
2025,1318,941.3487776507253
2025,1131,806.2417244768218
2025,1321,1265.5167650328492
2025,1250,708.911938149583
2025,1307,1462.4959450192341
2025,1311,976.9614397677008
2025,1314,1430.9006639581767
2025,1189,892.7169331698718
2025,1305,1043.3415353362097
2025,1358,890.68163355464
2025,1344,945.1727189266928
2025,1148,1123.286002317932
2025,1343,978.9386188199288
2025,1233,1002.6391627185259
2025,1338,1074.1939988506758
2025,1347,1041.4960537686281
2025,1336,1278.486301204644
2025,1127,690.9649526110529
2025,1335,748.8546437727514
2025,1312,572.9232591746725
2025,1333,1105.3259038686904
2025,1469,599.7393438563196
2025,1415,1081.4266033016984
2025,1465,977.2429432525844
2025,1230,905.9152090021882
2025,1466,1134.47138547085
2025,1102,641.5043991545061
2025,1247,930.7080297838135
2025,1110,1119.640140485397
2025,1251,1403.3913204213138
2025,1434,946.870504595422
2025,1252,1288.952487552488
2025,1182,1122.8745785630442
2025,1287,589.9353766039569
2025,1260,1336.1653133582327
2025,1152,417.89965145241734
2025,1266,1312.4266786318924
2025,1392,710.4741150517654
2025,1221,593.4805857665049
2025,1329,1050.0576867830232
2025,1453,582.7142666449682
2025,1328,1402.7048728932273
2025,1473,731.1570554716202
2025,1374,1321.6980168244468
2025,1470,749.4514465861567
2025,1371,750.0842137582372
2025,1389,793.8070391652685
2025,1373,838.05555492689
2025,1135,931.0126053867732
2025,1355,983.3156112125903
2025,1270,1338.2967404229537
2025,1348,950.9850009726
2025,1193,711.8276987013519
2025,1394,990.6254872391825
2025,1365,1286.1492482474573
2025,1387,1204.67208146922
2025,1316,725.6946952576828
2025,1376,1108.730747578272
2025,1326,1173.544400021874
2025,1400,1256.9030446296356
2025,1130,811.5721198381494
2025,1154,452.2905501493105
2025,1119,631.0209262345103
2025,1107,837.8163989109008
2025,1138,659.10261277564
2025,1330,862.157914709681
2025,1137,1116.4855076232036
2025,1174,1004.8830830832418
2025,1139,1086.6290410513677
2025,1283,764.9104086130282
2025,1462,1433.314880690696
2025,1411,751.8361737995251
2025,1463,1352.0411150034781
2025,1346,998.1675776097508
2025,1117,1170.9054697020867
2025,1103,1339.6890569633413
2025,1133,1296.4874383534338
2025,1369,991.3168463167345
2025,1396,972.0154419782141
2025,1357,870.5214479513336
2025,1304,1116.9659569946136
2025,1410,808.5988955042303
2025,1301,926.7072874733886
2025,1367,503.62848249646424
2025,1280,1291.8244164595521
2025,1480,574.7286037004607
2025,1279,1385.07784081788
2025,1254,903.0155510684568
2025,1284,960.7619892432976
2025,1156,1075.2199001707854
2025,1275,1190.5507257125932
2025,1111,858.335952379358
2025,1274,860.809052151657
2025,1192,814.8227080396243
2025,1269,916.1650958860994
2025,1306,629.801361295284
2025,1264,1015.916507381207
2025,1217,979.0398497396993
2025,1265,792.3790098860588
2025,1460,832.8719011492022
2025,1238,1007.3836951412612
2025,1228,1472.9091912155163
2025,1183,858.9496353554605
2025,1234,1194.4331315763984
2025,1477,652.5035699647264
2025,1290,182.87386307114627
2025,1241,1044.831832804528
2025,1325,907.6132672462907
2025,1242,1348.6401831829762
2025,1224,592.0737214701037
2025,1245,1102.5442558282814
2025,1418,747.8535762755253
2025,1153,1200.8142589437734
2025,1115,383.50635372526
2025,1158,1158.7375696335914
2025,1356,969.8166542324899
2025,1149,654.8738891821139
2025,1157,599.0929493501276
2025,1444,860.7819001243719
2025,1143,1068.2257323134113
2025,1167,846.1904822889758
2025,1150,815.1321633576435
2025,1342,907.4000277314418
2025,1141,836.2586274091087
2025,1375,1115.8219371192192
2025,1199,1139.007470995798
2025,1297,980.307522425855
2025,1378,863.5150422402686
2025,1194,1130.2296467250321
2025,1232,1004.1789045062292
2025,1263,971.7085128474222
2025,1177,1045.0722462130786
2025,1475,520.0936147879418
2025,1173,1347.468403855396
2025,1384,901.4358029331515
2025,1162,612.042352537732
2025,1259,729.1201980309502
2025,1161,1612.043492208392
2025,1315,750.3744509663563
2025,1160,1156.7459509552937
2025,1186,604.3296874318622
2025,1208,1373.733395814459
2025,1399,732.3381338760717
2025,1203,1125.3915308586988
2025,1479,783.1042677211422
2025,1204,874.737967236146
2025,1296,542.3956797964496
2025,1206,1387.3913339369808
2025,1300,712.640546049236
2025,1124,1381.4003217759505
2025,1209,932.7097553623614
2025,1123,760.1312060225112
2025,1213,1328.006056398533
2025,1168,515.0419012485048
2025,1455,1086.9979928903285
2025,1443,926.1734540075354
2025,1452,1230.566177059138
2025,1352,1339.9039084961448
2025,1450,1085.9718217943457
2025,1340,978.9630316846375
2025,1448,1305.0482101610683
2025,1164,578.1395824133917
2025,1442,737.0847255640917
2025,1363,1019.7858170912189
2025,1439,969.6623263141145
2025,1175,797.2658564165853
2025,1437,1283.523211832216
2025,1248,845.2093647902767
2025,1436,1059.786772830299
2025,1412,1295.1737423595987
2025,1435,1172.6662906695242
2025,1271,494.21423263754355
2025,1433,1599.1897781971277
2025,1468,577.3049041684774
2025,1428,1108.8146787367896
2025,1108,652.7345116145267
2025,1425,1200.3975149946164
2025,1151,1252.1121421112048
2025,1424,1172.3798206134804
2025,1106,946.927494334441
2025,1422,1016.2164445148619
2025,1195,987.6580316538731
2025,1417,1411.0536256969094
2025,1351,790.3365477777833
2025,1416,1140.7819187284483
2025,1407,1269.052207605766
2025,1405,893.3154128420749
2025,1404,700.4489856394309
2025,1229,1059.306951431417
2025,1402,875.5858654279925
2025,1185,964.1942635957889
2025,1205,714.9234491171491
2025,1386,1307.462728173037
2025,1298,910.6909615398367
2025,1200,876.1609895468671
2025,1382,1174.9570087398222
2025,1169,1129.4264269310918
2025,1379,639.8764972832191
2025,1132,896.4671461905027
2025,1377,928.019542918654
2025,1380,975.6181551189303
2025,1393,1113.6899676495386
2025,1478,478.2882685272631
2025,1390,1248.704438780564
2025,1176,706.1003231072847
2025,1406,1197.0100442658877
2025,1395,994.4660453673638
2025,1197,781.8209628348727
2025,1317,1272.744622178705
2025,1191,828.2857909871398
2025,1449,938.6294053407757
2025,1413,782.6955903707149
2025,1349,785.1507120167053
2025,1198,779.0377117154828
2025,1146,618.6941350135213
2025,1362,1302.4885967105295
2025,1142,1062.2883889084928
2025,1243,1181.9704906001818
2025,1309,460.78985559475234
2025,1126,806.9228910887393
2025,1113,984.2731328682813
2025,1226,853.6707853826299
2025,1207,1013.1231461812121
2025,1210,1169.1222293676171
2025,1219,1365.274416191194
2025,1231,1336.1403581855268
2025,1188,1113.2422571606699
2025,1361,1313.5225330223893
2025,1471,1517.2736589574472
2025,1353,1175.8747642661924
2025,1447,566.022034070415
2025,1360,668.5005222256673
2025,1337,965.3354217529912
2025,1323,1094.9145141743793
2025,1476,632.0227704367364
2025,1278,1085.4786501631722
2025,1331,529.2739387920234
2025,1261,1027.184966760817
2025,1419,549.020692721821
2025,1370,990.8011310535035
2025,1116,1338.551485599867
2025,1163,1437.4788424241901
2025,1129,1435.4829941024943
2025,1324,998.7873270833542
2025,1166,1457.9092315792864
2025,1429,1294.278586557175
2025,1438,1074.7077764236808
2025,1144,852.5101329383037
2025,1288,707.7024368060343
2025,1295,1051.7244154823427
2025,1239,949.1187204802484
2025,1341,355.1693279972956
2025,1299,539.4998645956837
2025,1286,938.2800401352235
2025,1225,756.5838405020203
2025,1320,1184.5597509919555
2025,1454,1075.1234524675642
2025,1310,715.2205204130616
2025,1240,1167.2109828350683
2025,1178,530.9095174345186
2025,1303,1218.642204907458
2025,1391,574.5026016036401
2025,1262,833.1490684904229
2025,1212,706.2460084665751
2025,1291,1095.125418992144
2025,1236,894.1007033294246
2025,1354,1089.587306758914
2025,1136,1226.038777654959
2025,1223,704.5710781863697
2025,1322,1014.8232012912197
2025,1408,1227.2550013914263
2025,1414,1284.8283396661454
2025,1258,952.8505400116031
2025,1423,1299.6656150874858
2025,1237,670.9087732953179
2025,1474,885.8670873537689
2025,1441,587.0135864720597
2025,1472,1067.649111431756
2025,1285,1247.9359400183878
2025,1451,656.6799903071684
2025,1334,706.5107971539087
2025,1420,693.9318604456463
2025,1293,1034.1478833444796
2025,1456,847.1998140720813
2025,1253,577.2576172299472
2025,1165,1187.4603588963885
2025,1359,963.7249990844176
2025,1172,1022.7920811154695
2025,1184,967.4167230354115
2025,1190,1045.1118925903884
2025,1201,676.6168292335931
2025,1170,461.35147731981897
2025,1202,1126.3030042729124
2025,1125,1213.0137773988167
2025,1214,1056.0592940676152
2025,1220,808.7024995343029
2025,1227,930.6161441679928
2025,1294,1130.9826226867683
2025,1122,836.4318243797596
2025,1398,918.1592662704913
2025,1467,1047.2832466664738
2025,1381,588.3329126146352
2025,1267,1099.8518981008808
2025,1409,927.4145221967957
2025,1430,1244.5573398719032
2025,1431,916.9706160531283
2025,1440,841.4596068957549
2025,1457,1145.9531926716993
2025,1114,824.5162354111859
2025,1313,1063.448065393004
2025,1308,1088.6473584522485
2025,1464,1069.8953503266755
2025,1244,1137.8873640602847
2025,1292,1152.5213332821374
2025,1101,894.7720994768117
2025,1350,870.3910753532485
2025,1256,1105.8853474892746
2025,1426,842.1485803697128
2025,1255,822.9217061663298
2025,1364,1068.0709053807589
2025,1339,980.9148927111723
2025,1187,996.9402082850644
2025,1180,1082.7820645324612
2025,1159,813.1995068433993
2025,1171,1028.1105006039732
2025,1459,1169.4147884767576
2025,1461,766.8069066248661
2025,1179,1514.5734181930145
2025,1372,782.5530034296378
2025,1368,869.2028093422284
2025,1218,821.2478523480211
2025,1249,1073.5497863658532
2025,1282,785.0909016629197
2025,1273,775.5348825781534
2025,1427,892.9354576258544
2025,1319,873.0930190577802
2025,1105,411.59826522764513
